team_size,map_index,metric,trials,mean_paired_difference,median_paired_difference
2,0,final_coverage,4,0.0,0.0
2,1,final_coverage,4,0.0,0.0
2,2,final_coverage,4,0.0,0.0
2,3,final_coverage,4,0.0,0.0
2,4,final_coverage,4,0.0,0.0
2,5,final_coverage,4,0.0,0.0
2,6,final_coverage,4,0.0,0.0
2,7,final_coverage,4,0.0,0.0
2,8,final_coverage,4,0.0,0.0
2,9,final_coverage,4,0.0,0.0
2,10,final_coverage,4,0.0,0.0
2,11,final_coverage,4,0.0,0.0
2,12,final_coverage,4,0.0,0.0
2,13,final_coverage,4,0.0,0.0
2,14,final_coverage,4,0.0,0.0
2,15,final_coverage,4,0.0,0.0
2,16,final_coverage,4,0.0,0.0
2,17,final_coverage,4,0.0,0.0
2,18,final_coverage,4,0.0,0.0
2,19,final_coverage,4,0.0,0.0
2,20,final_coverage,4,0.0,0.0
2,21,final_coverage,4,0.0,0.0
2,22,final_coverage,4,0.0,0.0
2,23,final_coverage,4,0.0,0.0
2,24,final_coverage,4,0.0,0.0
2,25,final_coverage,4,0.0,0.0
2,26,final_coverage,4,0.0,0.0
2,27,final_coverage,4,0.0,0.0
2,28,final_coverage,4,0.0,0.0
2,29,final_coverage,4,0.0,0.0
2,30,final_coverage,4,0.0,0.0
2,31,final_coverage,4,0.0,0.0
2,32,final_coverage,4,0.0,0.0
2,33,final_coverage,4,0.0,0.0
2,34,final_coverage,4,0.0,0.0
2,35,final_coverage,4,0.0,0.0
2,36,final_coverage,4,0.0,0.0
2,37,final_coverage,4,0.0,0.0
2,38,final_coverage,4,0.0,0.0
2,39,final_coverage,4,0.0,0.0
2,40,final_coverage,4,0.0,0.0
2,41,final_coverage,4,0.0,0.0
2,42,final_coverage,4,0.0,0.0
2,43,final_coverage,4,0.0,0.0
2,44,final_coverage,4,0.0,0.0
2,45,final_coverage,4,0.0,0.0
2,46,final_coverage,4,0.0,0.0
2,47,final_coverage,4,0.0,0.0
2,48,final_coverage,4,0.0,0.0
2,49,final_coverage,4,0.0,0.0
2,50,final_coverage,4,0.0,0.0
2,51,final_coverage,4,0.0,0.0
2,52,final_coverage,4,0.0,0.0
2,53,final_coverage,4,0.0,0.0
2,54,final_coverage,4,0.0,0.0
2,55,final_coverage,4,0.0,0.0
2,56,final_coverage,4,0.0,0.0
2,57,final_coverage,4,0.0,0.0
2,58,final_coverage,4,0.0,0.0
2,59,final_coverage,4,0.0,0.0
2,60,final_coverage,4,0.0,0.0
2,61,final_coverage,4,0.0,0.0
2,62,final_coverage,4,0.0,0.0
2,63,final_coverage,4,0.0,0.0
2,64,final_coverage,4,0.0,0.0
2,65,final_coverage,4,0.0,0.0
2,66,final_coverage,4,0.0,0.0
2,67,final_coverage,4,0.0,0.0
2,68,final_coverage,4,0.0,0.0
2,69,final_coverage,4,0.0,0.0
2,70,final_coverage,4,0.0,0.0
2,71,final_coverage,4,0.0,0.0
2,72,final_coverage,4,0.0,0.0
2,73,final_coverage,4,0.0,0.0
2,74,final_coverage,4,0.0,0.0
2,75,final_coverage,4,0.0,0.0
2,76,final_coverage,4,0.0,0.0
2,77,final_coverage,4,0.0,0.0
2,78,final_coverage,4,0.0,0.0
2,79,final_coverage,4,0.0,0.0
2,80,final_coverage,4,0.0,0.0
2,81,final_coverage,4,0.0,0.0
2,82,final_coverage,4,0.0,0.0
2,83,final_coverage,4,0.0,0.0
2,84,final_coverage,4,0.0,0.0
2,85,final_coverage,4,0.0,0.0
2,86,final_coverage,4,0.0,0.0
2,87,final_coverage,4,0.0,0.0
2,88,final_coverage,4,0.0,0.0
2,89,final_coverage,4,0.0,0.0
2,90,final_coverage,4,0.0,0.0
2,91,final_coverage,4,0.0,0.0
2,92,final_coverage,4,0.0,0.0
2,93,final_coverage,4,0.0,0.0
2,94,final_coverage,4,0.0,0.0
2,95,final_coverage,4,0.0,0.0
2,96,final_coverage,4,0.0,0.0
2,97,final_coverage,4,0.0,0.0
2,98,final_coverage,4,0.0,0.0
2,99,final_coverage,4,0.0,0.0
2,0,coverage_auc,4,0.0,0.0
2,1,coverage_auc,4,0.0,0.0
2,2,coverage_auc,4,0.0,0.0
2,3,coverage_auc,4,0.0,0.0
2,4,coverage_auc,4,0.0,0.0
2,5,coverage_auc,4,0.0,0.0
2,6,coverage_auc,4,0.0,0.0
2,7,coverage_auc,4,0.0,0.0
2,8,coverage_auc,4,0.0,0.0
2,9,coverage_auc,4,0.0,0.0
2,10,coverage_auc,4,0.0,0.0
2,11,coverage_auc,4,0.0,0.0
2,12,coverage_auc,4,0.0,0.0
2,13,coverage_auc,4,0.0,0.0
2,14,coverage_auc,4,0.0,0.0
2,15,coverage_auc,4,0.0,0.0
2,16,coverage_auc,4,0.0,0.0
2,17,coverage_auc,4,0.0,0.0
2,18,coverage_auc,4,0.0,0.0
2,19,coverage_auc,4,0.0,0.0
2,20,coverage_auc,4,0.0,0.0
2,21,coverage_auc,4,0.0,0.0
2,22,coverage_auc,4,0.0,0.0
2,23,coverage_auc,4,0.0,0.0
2,24,coverage_auc,4,0.0,0.0
2,25,coverage_auc,4,0.0,0.0
2,26,coverage_auc,4,0.0,0.0
2,27,coverage_auc,4,0.0,0.0
2,28,coverage_auc,4,0.0,0.0
2,29,coverage_auc,4,0.0,0.0
2,30,coverage_auc,4,0.0,0.0
2,31,coverage_auc,4,0.0,0.0
2,32,coverage_auc,4,0.0,0.0
2,33,coverage_auc,4,0.0,0.0
2,34,coverage_auc,4,0.0,0.0
2,35,coverage_auc,4,0.0,0.0
2,36,coverage_auc,4,0.0,0.0
2,37,coverage_auc,4,0.0,0.0
2,38,coverage_auc,4,0.0,0.0
2,39,coverage_auc,4,0.0,0.0
2,40,coverage_auc,4,0.0,0.0
2,41,coverage_auc,4,0.0,0.0
2,42,coverage_auc,4,0.0,0.0
2,43,coverage_auc,4,0.0,0.0
2,44,coverage_auc,4,0.0,0.0
2,45,coverage_auc,4,0.0,0.0
2,46,coverage_auc,4,0.0,0.0
2,47,coverage_auc,4,0.0,0.0
2,48,coverage_auc,4,0.0,0.0
2,49,coverage_auc,4,0.0,0.0
2,50,coverage_auc,4,0.0,0.0
2,51,coverage_auc,4,0.0,0.0
2,52,coverage_auc,4,0.0,0.0
2,53,coverage_auc,4,0.0,0.0
2,54,coverage_auc,4,0.0,0.0
2,55,coverage_auc,4,0.0,0.0
2,56,coverage_auc,4,0.0,0.0
2,57,coverage_auc,4,0.0,0.0
2,58,coverage_auc,4,0.0,0.0
2,59,coverage_auc,4,0.0,0.0
2,60,coverage_auc,4,0.0,0.0
2,61,coverage_auc,4,0.0,0.0
2,62,coverage_auc,4,0.0,0.0
2,63,coverage_auc,4,0.0,0.0
2,64,coverage_auc,4,0.0,0.0
2,65,coverage_auc,4,0.0,0.0
2,66,coverage_auc,4,0.0,0.0
2,67,coverage_auc,4,0.0,0.0
2,68,coverage_auc,4,0.0,0.0
2,69,coverage_auc,4,0.0,0.0
2,70,coverage_auc,4,0.0,0.0
2,71,coverage_auc,4,0.0,0.0
2,72,coverage_auc,4,0.0,0.0
2,73,coverage_auc,4,0.0,0.0
2,74,coverage_auc,4,0.0,0.0
2,75,coverage_auc,4,0.0,0.0
2,76,coverage_auc,4,0.0,0.0
2,77,coverage_auc,4,0.0,0.0
2,78,coverage_auc,4,0.0,0.0
2,79,coverage_auc,4,0.0,0.0
2,80,coverage_auc,4,0.0,0.0
2,81,coverage_auc,4,0.0,0.0
2,82,coverage_auc,4,0.0,0.0
2,83,coverage_auc,4,0.0,0.0
2,84,coverage_auc,4,0.0,0.0
2,85,coverage_auc,4,0.0,0.0
2,86,coverage_auc,4,0.0,0.0
2,87,coverage_auc,4,0.0,0.0
2,88,coverage_auc,4,0.0,0.0
2,89,coverage_auc,4,0.0,0.0
2,90,coverage_auc,4,0.0,0.0
2,91,coverage_auc,4,0.0,0.0
2,92,coverage_auc,4,0.0,0.0
2,93,coverage_auc,4,0.0,0.0
2,94,coverage_auc,4,0.0,0.0
2,95,coverage_auc,4,0.0,0.0
2,96,coverage_auc,4,0.0,0.0
2,97,coverage_auc,4,0.0,0.0
2,98,coverage_auc,4,0.0,0.0
2,99,coverage_auc,4,0.0,0.0
2,0,mean_robot_map_free_iou,4,0.0,0.0
2,1,mean_robot_map_free_iou,4,0.0,0.0
2,2,mean_robot_map_free_iou,4,0.0,0.0
2,3,mean_robot_map_free_iou,4,0.0,0.0
2,4,mean_robot_map_free_iou,4,0.0,0.0
2,5,mean_robot_map_free_iou,4,0.0,0.0
2,6,mean_robot_map_free_iou,4,0.0,0.0
2,7,mean_robot_map_free_iou,4,0.0,0.0
2,8,mean_robot_map_free_iou,4,0.0,0.0
2,9,mean_robot_map_free_iou,4,0.0,0.0
2,10,mean_robot_map_free_iou,4,0.0,0.0
2,11,mean_robot_map_free_iou,4,0.0,0.0
2,12,mean_robot_map_free_iou,4,0.0,0.0
2,13,mean_robot_map_free_iou,4,0.0,0.0
2,14,mean_robot_map_free_iou,4,0.0,0.0
2,15,mean_robot_map_free_iou,4,0.0,0.0
2,16,mean_robot_map_free_iou,4,0.0,0.0
2,17,mean_robot_map_free_iou,4,0.0,0.0
2,18,mean_robot_map_free_iou,4,0.0,0.0
2,19,mean_robot_map_free_iou,4,0.0,0.0
2,20,mean_robot_map_free_iou,4,0.0,0.0
2,21,mean_robot_map_free_iou,4,0.0,0.0
2,22,mean_robot_map_free_iou,4,0.0,0.0
2,23,mean_robot_map_free_iou,4,0.0,0.0
2,24,mean_robot_map_free_iou,4,0.0,0.0
2,25,mean_robot_map_free_iou,4,0.0,0.0
2,26,mean_robot_map_free_iou,4,0.0,0.0
2,27,mean_robot_map_free_iou,4,0.0,0.0
2,28,mean_robot_map_free_iou,4,0.0,0.0
2,29,mean_robot_map_free_iou,4,0.0,0.0
2,30,mean_robot_map_free_iou,4,0.0,0.0
2,31,mean_robot_map_free_iou,4,0.0,0.0
2,32,mean_robot_map_free_iou,4,0.0,0.0
2,33,mean_robot_map_free_iou,4,0.0,0.0
2,34,mean_robot_map_free_iou,4,0.0,0.0
2,35,mean_robot_map_free_iou,4,0.0,0.0
2,36,mean_robot_map_free_iou,4,0.0,0.0
2,37,mean_robot_map_free_iou,4,0.0,0.0
2,38,mean_robot_map_free_iou,4,0.0,0.0
2,39,mean_robot_map_free_iou,4,0.0,0.0
2,40,mean_robot_map_free_iou,4,0.0,0.0
2,41,mean_robot_map_free_iou,4,0.0,0.0
2,42,mean_robot_map_free_iou,4,0.0,0.0
2,43,mean_robot_map_free_iou,4,0.0,0.0
2,44,mean_robot_map_free_iou,4,0.0,0.0
2,45,mean_robot_map_free_iou,4,0.0,0.0
2,46,mean_robot_map_free_iou,4,0.0,0.0
2,47,mean_robot_map_free_iou,4,0.0,0.0
2,48,mean_robot_map_free_iou,4,0.0,0.0
2,49,mean_robot_map_free_iou,4,0.0,0.0
2,50,mean_robot_map_free_iou,4,0.0,0.0
2,51,mean_robot_map_free_iou,4,0.0,0.0
2,52,mean_robot_map_free_iou,4,0.0,0.0
2,53,mean_robot_map_free_iou,4,0.0,0.0
2,54,mean_robot_map_free_iou,4,0.0,0.0
2,55,mean_robot_map_free_iou,4,0.0,0.0
2,56,mean_robot_map_free_iou,4,0.0,0.0
2,57,mean_robot_map_free_iou,4,0.0,0.0
2,58,mean_robot_map_free_iou,4,0.0,0.0
2,59,mean_robot_map_free_iou,4,0.0,0.0
2,60,mean_robot_map_free_iou,4,0.0,0.0
2,61,mean_robot_map_free_iou,4,0.0,0.0
2,62,mean_robot_map_free_iou,4,0.0,0.0
2,63,mean_robot_map_free_iou,4,0.0,0.0
2,64,mean_robot_map_free_iou,4,0.0,0.0
2,65,mean_robot_map_free_iou,4,0.0,0.0
2,66,mean_robot_map_free_iou,4,0.0,0.0
2,67,mean_robot_map_free_iou,4,0.0,0.0
2,68,mean_robot_map_free_iou,4,0.0,0.0
2,69,mean_robot_map_free_iou,4,0.0,0.0
2,70,mean_robot_map_free_iou,4,0.0,0.0
2,71,mean_robot_map_free_iou,4,0.0,0.0
2,72,mean_robot_map_free_iou,4,0.0,0.0
2,73,mean_robot_map_free_iou,4,0.0,0.0
2,74,mean_robot_map_free_iou,4,0.0,0.0
2,75,mean_robot_map_free_iou,4,0.0,0.0
2,76,mean_robot_map_free_iou,4,0.0,0.0
2,77,mean_robot_map_free_iou,4,0.0,0.0
2,78,mean_robot_map_free_iou,4,0.0,0.0
2,79,mean_robot_map_free_iou,4,0.0,0.0
2,80,mean_robot_map_free_iou,4,0.0,0.0
2,81,mean_robot_map_free_iou,4,0.0,0.0
2,82,mean_robot_map_free_iou,4,0.0,0.0
2,83,mean_robot_map_free_iou,4,0.0,0.0
2,84,mean_robot_map_free_iou,4,0.0,0.0
2,85,mean_robot_map_free_iou,4,0.0,0.0
2,86,mean_robot_map_free_iou,4,0.0,0.0
2,87,mean_robot_map_free_iou,4,0.0,0.0
2,88,mean_robot_map_free_iou,4,0.0,0.0
2,89,mean_robot_map_free_iou,4,0.0,0.0
2,90,mean_robot_map_free_iou,4,0.0,0.0
2,91,mean_robot_map_free_iou,4,0.0,0.0
2,92,mean_robot_map_free_iou,4,0.0,0.0
2,93,mean_robot_map_free_iou,4,0.0,0.0
2,94,mean_robot_map_free_iou,4,0.0,0.0
2,95,mean_robot_map_free_iou,4,0.0,0.0
2,96,mean_robot_map_free_iou,4,0.0,0.0
2,97,mean_robot_map_free_iou,4,0.0,0.0
2,98,mean_robot_map_free_iou,4,0.0,0.0
2,99,mean_robot_map_free_iou,4,0.0,0.0
2,0,reached_95_rate,4,0.0,0.0
2,1,reached_95_rate,4,0.0,0.0
2,2,reached_95_rate,4,0.0,0.0
2,3,reached_95_rate,4,0.0,0.0
2,4,reached_95_rate,4,0.0,0.0
2,5,reached_95_rate,4,0.0,0.0
2,6,reached_95_rate,4,0.0,0.0
2,7,reached_95_rate,4,0.0,0.0
2,8,reached_95_rate,4,0.0,0.0
2,9,reached_95_rate,4,0.0,0.0
2,10,reached_95_rate,4,0.0,0.0
2,11,reached_95_rate,4,0.0,0.0
2,12,reached_95_rate,4,0.0,0.0
2,13,reached_95_rate,4,0.0,0.0
2,14,reached_95_rate,4,0.0,0.0
2,15,reached_95_rate,4,0.0,0.0
2,16,reached_95_rate,4,0.0,0.0
2,17,reached_95_rate,4,0.0,0.0
2,18,reached_95_rate,4,0.0,0.0
2,19,reached_95_rate,4,0.0,0.0
2,20,reached_95_rate,4,0.0,0.0
2,21,reached_95_rate,4,0.0,0.0
2,22,reached_95_rate,4,0.0,0.0
2,23,reached_95_rate,4,0.0,0.0
2,24,reached_95_rate,4,0.0,0.0
2,25,reached_95_rate,4,0.0,0.0
2,26,reached_95_rate,4,0.0,0.0
2,27,reached_95_rate,4,0.0,0.0
2,28,reached_95_rate,4,0.0,0.0
2,29,reached_95_rate,4,0.0,0.0
2,30,reached_95_rate,4,0.0,0.0
2,31,reached_95_rate,4,0.0,0.0
2,32,reached_95_rate,4,0.0,0.0
2,33,reached_95_rate,4,0.0,0.0
2,34,reached_95_rate,4,0.0,0.0
2,35,reached_95_rate,4,0.0,0.0
2,36,reached_95_rate,4,0.0,0.0
2,37,reached_95_rate,4,0.0,0.0
2,38,reached_95_rate,4,0.0,0.0
2,39,reached_95_rate,4,0.0,0.0
2,40,reached_95_rate,4,0.0,0.0
2,41,reached_95_rate,4,0.0,0.0
2,42,reached_95_rate,4,0.0,0.0
2,43,reached_95_rate,4,0.0,0.0
2,44,reached_95_rate,4,0.0,0.0
2,45,reached_95_rate,4,0.0,0.0
2,46,reached_95_rate,4,0.0,0.0
2,47,reached_95_rate,4,0.0,0.0
2,48,reached_95_rate,4,0.0,0.0
2,49,reached_95_rate,4,0.0,0.0
2,50,reached_95_rate,4,0.0,0.0
2,51,reached_95_rate,4,0.0,0.0
2,52,reached_95_rate,4,0.0,0.0
2,53,reached_95_rate,4,0.0,0.0
2,54,reached_95_rate,4,0.0,0.0
2,55,reached_95_rate,4,0.0,0.0
2,56,reached_95_rate,4,0.0,0.0
2,57,reached_95_rate,4,0.0,0.0
2,58,reached_95_rate,4,0.0,0.0
2,59,reached_95_rate,4,0.0,0.0
2,60,reached_95_rate,4,0.0,0.0
2,61,reached_95_rate,4,0.0,0.0
2,62,reached_95_rate,4,0.0,0.0
2,63,reached_95_rate,4,0.0,0.0
2,64,reached_95_rate,4,0.0,0.0
2,65,reached_95_rate,4,0.0,0.0
2,66,reached_95_rate,4,0.0,0.0
2,67,reached_95_rate,4,0.0,0.0
2,68,reached_95_rate,4,0.0,0.0
2,69,reached_95_rate,4,0.0,0.0
2,70,reached_95_rate,4,0.0,0.0
2,71,reached_95_rate,4,0.0,0.0
2,72,reached_95_rate,4,0.0,0.0
2,73,reached_95_rate,4,0.0,0.0
2,74,reached_95_rate,4,0.0,0.0
2,75,reached_95_rate,4,0.0,0.0
2,76,reached_95_rate,4,0.0,0.0
2,77,reached_95_rate,4,0.0,0.0
2,78,reached_95_rate,4,0.0,0.0
2,79,reached_95_rate,4,0.0,0.0
2,80,reached_95_rate,4,0.0,0.0
2,81,reached_95_rate,4,0.0,0.0
2,82,reached_95_rate,4,0.0,0.0
2,83,reached_95_rate,4,0.0,0.0
2,84,reached_95_rate,4,0.0,0.0
2,85,reached_95_rate,4,0.0,0.0
2,86,reached_95_rate,4,0.0,0.0
2,87,reached_95_rate,4,0.0,0.0
2,88,reached_95_rate,4,0.0,0.0
2,89,reached_95_rate,4,0.0,0.0
2,90,reached_95_rate,4,0.0,0.0
2,91,reached_95_rate,4,0.0,0.0
2,92,reached_95_rate,4,0.0,0.0
2,93,reached_95_rate,4,0.0,0.0
2,94,reached_95_rate,4,0.0,0.0
2,95,reached_95_rate,4,0.0,0.0
2,96,reached_95_rate,4,0.0,0.0
2,97,reached_95_rate,4,0.0,0.0
2,98,reached_95_rate,4,0.0,0.0
2,99,reached_95_rate,4,0.0,0.0
2,0,steps_to_95_conditional,4,0.0,0.0
2,1,steps_to_95_conditional,4,0.0,0.0
2,2,steps_to_95_conditional,4,0.0,0.0
2,3,steps_to_95_conditional,4,0.0,0.0
2,4,steps_to_95_conditional,4,0.0,0.0
2,5,steps_to_95_conditional,4,0.0,0.0
2,6,steps_to_95_conditional,4,0.0,0.0
2,7,steps_to_95_conditional,4,0.0,0.0
2,8,steps_to_95_conditional,4,0.0,0.0
2,9,steps_to_95_conditional,4,0.0,0.0
2,10,steps_to_95_conditional,4,0.0,0.0
2,11,steps_to_95_conditional,4,0.0,0.0
2,12,steps_to_95_conditional,4,0.0,0.0
2,13,steps_to_95_conditional,4,0.0,0.0
2,14,steps_to_95_conditional,4,0.0,0.0
2,15,steps_to_95_conditional,4,0.0,0.0
2,16,steps_to_95_conditional,4,0.0,0.0
2,17,steps_to_95_conditional,4,0.0,0.0
2,18,steps_to_95_conditional,4,0.0,0.0
2,19,steps_to_95_conditional,4,0.0,0.0
2,20,steps_to_95_conditional,4,0.0,0.0
2,21,steps_to_95_conditional,4,0.0,0.0
2,22,steps_to_95_conditional,4,0.0,0.0
2,23,steps_to_95_conditional,4,0.0,0.0
2,24,steps_to_95_conditional,4,0.0,0.0
2,25,steps_to_95_conditional,4,0.0,0.0
2,26,steps_to_95_conditional,4,0.0,0.0
2,27,steps_to_95_conditional,4,0.0,0.0
2,28,steps_to_95_conditional,4,0.0,0.0
2,29,steps_to_95_conditional,4,0.0,0.0
2,30,steps_to_95_conditional,4,0.0,0.0
2,31,steps_to_95_conditional,4,0.0,0.0
2,32,steps_to_95_conditional,4,0.0,0.0
2,33,steps_to_95_conditional,4,0.0,0.0
2,34,steps_to_95_conditional,4,0.0,0.0
2,35,steps_to_95_conditional,4,0.0,0.0
2,36,steps_to_95_conditional,4,0.0,0.0
2,37,steps_to_95_conditional,4,0.0,0.0
2,38,steps_to_95_conditional,4,0.0,0.0
2,39,steps_to_95_conditional,4,0.0,0.0
2,40,steps_to_95_conditional,4,0.0,0.0
2,41,steps_to_95_conditional,4,0.0,0.0
2,42,steps_to_95_conditional,4,0.0,0.0
2,43,steps_to_95_conditional,4,0.0,0.0
2,44,steps_to_95_conditional,4,0.0,0.0
2,45,steps_to_95_conditional,4,0.0,0.0
2,46,steps_to_95_conditional,4,0.0,0.0
2,47,steps_to_95_conditional,4,0.0,0.0
2,48,steps_to_95_conditional,4,0.0,0.0
2,49,steps_to_95_conditional,4,0.0,0.0
2,50,steps_to_95_conditional,4,0.0,0.0
2,51,steps_to_95_conditional,4,0.0,0.0
2,52,steps_to_95_conditional,4,0.0,0.0
2,53,steps_to_95_conditional,4,0.0,0.0
2,54,steps_to_95_conditional,4,0.0,0.0
2,55,steps_to_95_conditional,4,0.0,0.0
2,56,steps_to_95_conditional,4,0.0,0.0
2,57,steps_to_95_conditional,4,0.0,0.0
2,58,steps_to_95_conditional,4,0.0,0.0
2,59,steps_to_95_conditional,4,0.0,0.0
2,60,steps_to_95_conditional,4,0.0,0.0
2,61,steps_to_95_conditional,4,0.0,0.0
2,62,steps_to_95_conditional,4,0.0,0.0
2,63,steps_to_95_conditional,4,0.0,0.0
2,64,steps_to_95_conditional,4,0.0,0.0
2,65,steps_to_95_conditional,4,0.0,0.0
2,66,steps_to_95_conditional,4,0.0,0.0
2,67,steps_to_95_conditional,4,0.0,0.0
2,68,steps_to_95_conditional,4,0.0,0.0
2,69,steps_to_95_conditional,4,0.0,0.0
2,70,steps_to_95_conditional,4,0.0,0.0
2,71,steps_to_95_conditional,4,0.0,0.0
2,72,steps_to_95_conditional,4,0.0,0.0
2,73,steps_to_95_conditional,4,0.0,0.0
2,74,steps_to_95_conditional,4,0.0,0.0
2,75,steps_to_95_conditional,4,0.0,0.0
2,76,steps_to_95_conditional,4,0.0,0.0
2,77,steps_to_95_conditional,4,0.0,0.0
2,78,steps_to_95_conditional,4,0.0,0.0
2,79,steps_to_95_conditional,4,0.0,0.0
2,80,steps_to_95_conditional,4,0.0,0.0
2,81,steps_to_95_conditional,4,0.0,0.0
2,82,steps_to_95_conditional,4,0.0,0.0
2,83,steps_to_95_conditional,4,0.0,0.0
2,84,steps_to_95_conditional,4,0.0,0.0
2,85,steps_to_95_conditional,4,0.0,0.0
2,86,steps_to_95_conditional,4,0.0,0.0
2,87,steps_to_95_conditional,4,0.0,0.0
2,88,steps_to_95_conditional,4,0.0,0.0
2,89,steps_to_95_conditional,4,0.0,0.0
2,90,steps_to_95_conditional,4,0.0,0.0
2,91,steps_to_95_conditional,4,0.0,0.0
2,92,steps_to_95_conditional,4,0.0,0.0
2,93,steps_to_95_conditional,4,0.0,0.0
2,94,steps_to_95_conditional,4,0.0,0.0
2,95,steps_to_95_conditional,4,0.0,0.0
2,96,steps_to_95_conditional,4,0.0,0.0
2,97,steps_to_95_conditional,4,0.0,0.0
2,98,steps_to_95_conditional,4,0.0,0.0
2,99,steps_to_95_conditional,4,0.0,0.0
2,0,map_payload_kib,4,-268.53759765625,-116.4453125
2,1,map_payload_kib,4,-168.11767578125,-139.0869140625
2,2,map_payload_kib,4,-244.9267578125,-175.517578125
2,3,map_payload_kib,4,-421.05224609375,-476.2841796875
2,4,map_payload_kib,4,-732.8857421875,-371.2451171875
2,5,map_payload_kib,4,-267.548828125,-169.697265625
2,6,map_payload_kib,4,-342.6318359375,-177.0703125
2,7,map_payload_kib,4,-539.05517578125,-467.900390625
2,8,map_payload_kib,4,-175.99853515625,0.0
2,9,map_payload_kib,4,-15.8447265625,0.0
2,10,map_payload_kib,4,-222.81005859375,-71.689453125
2,11,map_payload_kib,4,-461.9384765625,-464.55078125
2,12,map_payload_kib,4,-1220.7177734375,-375.1513671875
2,13,map_payload_kib,4,-437.88330078125,-220.4931640625
2,14,map_payload_kib,4,-539.013671875,-408.4521484375
2,15,map_payload_kib,4,-620.36865234375,-252.2705078125
2,16,map_payload_kib,4,-190.791015625,-190.60546875
2,17,map_payload_kib,4,-1349.833984375,-801.2548828125
2,18,map_payload_kib,4,-548.55712890625,-436.25
2,19,map_payload_kib,4,-616.0693359375,-530.5517578125
2,20,map_payload_kib,4,-377.29736328125,-452.5439453125
2,21,map_payload_kib,4,-1123.88916015625,-785.68359375
2,22,map_payload_kib,4,-109.384765625,-104.3212890625
2,23,map_payload_kib,4,-45.6103515625,0.0
2,24,map_payload_kib,4,-464.57763671875,-395.693359375
2,25,map_payload_kib,4,-81.26953125,-103.9111328125
2,26,map_payload_kib,4,-516.6064453125,-485.52734375
2,27,map_payload_kib,4,-678.93310546875,-507.265625
2,28,map_payload_kib,4,-446.455078125,-390.4345703125
2,29,map_payload_kib,4,-50.14892578125,0.0
2,30,map_payload_kib,4,-277.49267578125,-68.583984375
2,31,map_payload_kib,4,-1063.896484375,-969.1162109375
2,32,map_payload_kib,4,-623.70361328125,-650.37109375
2,33,map_payload_kib,4,-1102.2509765625,-965.5224609375
2,34,map_payload_kib,4,-1417.2607421875,-1414.6044921875
2,35,map_payload_kib,4,-587.2314453125,-704.423828125
2,36,map_payload_kib,4,-372.29248046875,-358.30078125
2,37,map_payload_kib,4,-163.28125,-66.34765625
2,38,map_payload_kib,4,-248.11767578125,-112.2216796875
2,39,map_payload_kib,4,-198.603515625,-227.236328125
2,40,map_payload_kib,4,-339.70458984375,-207.9833984375
2,41,map_payload_kib,4,-179.306640625,-72.1484375
2,42,map_payload_kib,4,-888.7890625,-761.62109375
2,43,map_payload_kib,4,0.0,0.0
2,44,map_payload_kib,4,-294.306640625,-260.8984375
2,45,map_payload_kib,4,-1027.13134765625,-351.748046875
2,46,map_payload_kib,4,-465.6103515625,-210.3369140625
2,47,map_payload_kib,4,-393.51318359375,-265.2294921875
2,48,map_payload_kib,4,-388.4912109375,-288.37890625
2,49,map_payload_kib,4,-903.779296875,-929.9609375
2,50,map_payload_kib,4,-335.0,-292.2900390625
2,51,map_payload_kib,4,-656.455078125,-234.82421875
2,52,map_payload_kib,4,-69.95849609375,-36.2890625
2,53,map_payload_kib,4,-817.37548828125,-575.2294921875
2,54,map_payload_kib,4,-430.75927734375,-92.9345703125
2,55,map_payload_kib,4,-320.95703125,-129.912109375
2,56,map_payload_kib,4,-383.54248046875,-367.5732421875
2,57,map_payload_kib,4,-878.5400390625,-185.17578125
2,58,map_payload_kib,4,-74.07958984375,-39.716796875
2,59,map_payload_kib,4,-84.8583984375,-65.6298828125
2,60,map_payload_kib,4,-115.966796875,-139.7314453125
2,61,map_payload_kib,4,-230.73486328125,-219.8779296875
2,62,map_payload_kib,4,-461.85791015625,-320.80078125
2,63,map_payload_kib,4,-354.150390625,-311.7529296875
2,64,map_payload_kib,4,-197.6123046875,-177.333984375
2,65,map_payload_kib,4,-212.529296875,-83.3203125
2,66,map_payload_kib,4,-411.37451171875,-403.056640625
2,67,map_payload_kib,4,0.0,0.0
2,68,map_payload_kib,4,-835.76416015625,-752.958984375
2,69,map_payload_kib,4,-43.0517578125,0.0
2,70,map_payload_kib,4,-1001.9091796875,-781.962890625
2,71,map_payload_kib,4,-121.31591796875,-104.296875
2,72,map_payload_kib,4,-732.84423828125,-623.125
2,73,map_payload_kib,4,-73.12255859375,-49.541015625
2,74,map_payload_kib,4,-216.1962890625,-77.51953125
2,75,map_payload_kib,4,0.0,0.0
2,76,map_payload_kib,4,-330.39306640625,-338.408203125
2,77,map_payload_kib,4,-559.75830078125,-396.7138671875
2,78,map_payload_kib,4,-455.15625,-198.7939453125
2,79,map_payload_kib,4,-446.03271484375,0.0
2,80,map_payload_kib,4,-973.828125,-839.833984375
2,81,map_payload_kib,4,-655.400390625,0.0
2,82,map_payload_kib,4,-242.35107421875,-39.1845703125
2,83,map_payload_kib,4,-600.16357421875,-334.5654296875
2,84,map_payload_kib,4,-61.15966796875,-25.5126953125
2,85,map_payload_kib,4,-342.88818359375,-296.3037109375
2,86,map_payload_kib,4,-878.0712890625,-749.248046875
2,87,map_payload_kib,4,0.0,0.0
2,88,map_payload_kib,4,-110.06103515625,-83.6328125
2,89,map_payload_kib,4,-430.419921875,-437.724609375
2,90,map_payload_kib,4,-211.58203125,-116.54296875
2,91,map_payload_kib,4,-384.2919921875,-329.697265625
2,92,map_payload_kib,4,-673.44970703125,-120.3662109375
2,93,map_payload_kib,4,-232.5634765625,0.0
2,94,map_payload_kib,4,-382.9296875,-154.0576171875
2,95,map_payload_kib,4,-592.21923828125,-75.3369140625
2,96,map_payload_kib,4,-133.81103515625,0.0
2,97,map_payload_kib,4,-131.08154296875,-107.470703125
2,98,map_payload_kib,4,-1123.41796875,-277.0166015625
2,99,map_payload_kib,4,-268.45703125,-279.1943359375
2,0,map_payload_kib_per_robot,4,-134.268798828125,-58.22265625
2,1,map_payload_kib_per_robot,4,-84.058837890625,-69.54345703125
2,2,map_payload_kib_per_robot,4,-122.46337890625,-87.7587890625
2,3,map_payload_kib_per_robot,4,-210.526123046875,-238.14208984375
2,4,map_payload_kib_per_robot,4,-366.44287109375,-185.62255859375
2,5,map_payload_kib_per_robot,4,-133.7744140625,-84.8486328125
2,6,map_payload_kib_per_robot,4,-171.31591796875,-88.53515625
2,7,map_payload_kib_per_robot,4,-269.527587890625,-233.9501953125
2,8,map_payload_kib_per_robot,4,-87.999267578125,0.0
2,9,map_payload_kib_per_robot,4,-7.92236328125,0.0
2,10,map_payload_kib_per_robot,4,-111.405029296875,-35.8447265625
2,11,map_payload_kib_per_robot,4,-230.96923828125,-232.275390625
2,12,map_payload_kib_per_robot,4,-610.35888671875,-187.57568359375
2,13,map_payload_kib_per_robot,4,-218.941650390625,-110.24658203125
2,14,map_payload_kib_per_robot,4,-269.5068359375,-204.22607421875
2,15,map_payload_kib_per_robot,4,-310.184326171875,-126.13525390625
2,16,map_payload_kib_per_robot,4,-95.3955078125,-95.302734375
2,17,map_payload_kib_per_robot,4,-674.9169921875,-400.62744140625
2,18,map_payload_kib_per_robot,4,-274.278564453125,-218.125
2,19,map_payload_kib_per_robot,4,-308.03466796875,-265.27587890625
2,20,map_payload_kib_per_robot,4,-188.648681640625,-226.27197265625
2,21,map_payload_kib_per_robot,4,-561.944580078125,-392.841796875
2,22,map_payload_kib_per_robot,4,-54.6923828125,-52.16064453125
2,23,map_payload_kib_per_robot,4,-22.80517578125,0.0
2,24,map_payload_kib_per_robot,4,-232.288818359375,-197.8466796875
2,25,map_payload_kib_per_robot,4,-40.634765625,-51.95556640625
2,26,map_payload_kib_per_robot,4,-258.30322265625,-242.763671875
2,27,map_payload_kib_per_robot,4,-339.466552734375,-253.6328125
2,28,map_payload_kib_per_robot,4,-223.2275390625,-195.21728515625
2,29,map_payload_kib_per_robot,4,-25.074462890625,0.0
2,30,map_payload_kib_per_robot,4,-138.746337890625,-34.2919921875
2,31,map_payload_kib_per_robot,4,-531.9482421875,-484.55810546875
2,32,map_payload_kib_per_robot,4,-311.851806640625,-325.185546875
2,33,map_payload_kib_per_robot,4,-551.12548828125,-482.76123046875
2,34,map_payload_kib_per_robot,4,-708.63037109375,-707.30224609375
2,35,map_payload_kib_per_robot,4,-293.61572265625,-352.2119140625
2,36,map_payload_kib_per_robot,4,-186.146240234375,-179.150390625
2,37,map_payload_kib_per_robot,4,-81.640625,-33.173828125
2,38,map_payload_kib_per_robot,4,-124.058837890625,-56.11083984375
2,39,map_payload_kib_per_robot,4,-99.3017578125,-113.6181640625
2,40,map_payload_kib_per_robot,4,-169.852294921875,-103.99169921875
2,41,map_payload_kib_per_robot,4,-89.6533203125,-36.07421875
2,42,map_payload_kib_per_robot,4,-444.39453125,-380.810546875
2,43,map_payload_kib_per_robot,4,0.0,0.0
2,44,map_payload_kib_per_robot,4,-147.1533203125,-130.44921875
2,45,map_payload_kib_per_robot,4,-513.565673828125,-175.8740234375
2,46,map_payload_kib_per_robot,4,-232.80517578125,-105.16845703125
2,47,map_payload_kib_per_robot,4,-196.756591796875,-132.61474609375
2,48,map_payload_kib_per_robot,4,-194.24560546875,-144.189453125
2,49,map_payload_kib_per_robot,4,-451.8896484375,-464.98046875
2,50,map_payload_kib_per_robot,4,-167.5,-146.14501953125
2,51,map_payload_kib_per_robot,4,-328.2275390625,-117.412109375
2,52,map_payload_kib_per_robot,4,-34.979248046875,-18.14453125
2,53,map_payload_kib_per_robot,4,-408.687744140625,-287.61474609375
2,54,map_payload_kib_per_robot,4,-215.379638671875,-46.46728515625
2,55,map_payload_kib_per_robot,4,-160.478515625,-64.9560546875
2,56,map_payload_kib_per_robot,4,-191.771240234375,-183.78662109375
2,57,map_payload_kib_per_robot,4,-439.27001953125,-92.587890625
2,58,map_payload_kib_per_robot,4,-37.039794921875,-19.8583984375
2,59,map_payload_kib_per_robot,4,-42.42919921875,-32.81494140625
2,60,map_payload_kib_per_robot,4,-57.9833984375,-69.86572265625
2,61,map_payload_kib_per_robot,4,-115.367431640625,-109.93896484375
2,62,map_payload_kib_per_robot,4,-230.928955078125,-160.400390625
2,63,map_payload_kib_per_robot,4,-177.0751953125,-155.87646484375
2,64,map_payload_kib_per_robot,4,-98.80615234375,-88.6669921875
2,65,map_payload_kib_per_robot,4,-106.2646484375,-41.66015625
2,66,map_payload_kib_per_robot,4,-205.687255859375,-201.5283203125
2,67,map_payload_kib_per_robot,4,0.0,0.0
2,68,map_payload_kib_per_robot,4,-417.882080078125,-376.4794921875
2,69,map_payload_kib_per_robot,4,-21.52587890625,0.0
2,70,map_payload_kib_per_robot,4,-500.95458984375,-390.9814453125
2,71,map_payload_kib_per_robot,4,-60.657958984375,-52.1484375
2,72,map_payload_kib_per_robot,4,-366.422119140625,-311.5625
2,73,map_payload_kib_per_robot,4,-36.561279296875,-24.7705078125
2,74,map_payload_kib_per_robot,4,-108.09814453125,-38.759765625
2,75,map_payload_kib_per_robot,4,0.0,0.0
2,76,map_payload_kib_per_robot,4,-165.196533203125,-169.2041015625
2,77,map_payload_kib_per_robot,4,-279.879150390625,-198.35693359375
2,78,map_payload_kib_per_robot,4,-227.578125,-99.39697265625
2,79,map_payload_kib_per_robot,4,-223.016357421875,0.0
2,80,map_payload_kib_per_robot,4,-486.9140625,-419.9169921875
2,81,map_payload_kib_per_robot,4,-327.7001953125,0.0
2,82,map_payload_kib_per_robot,4,-121.175537109375,-19.59228515625
2,83,map_payload_kib_per_robot,4,-300.081787109375,-167.28271484375
2,84,map_payload_kib_per_robot,4,-30.579833984375,-12.75634765625
2,85,map_payload_kib_per_robot,4,-171.444091796875,-148.15185546875
2,86,map_payload_kib_per_robot,4,-439.03564453125,-374.6240234375
2,87,map_payload_kib_per_robot,4,0.0,0.0
2,88,map_payload_kib_per_robot,4,-55.030517578125,-41.81640625
2,89,map_payload_kib_per_robot,4,-215.2099609375,-218.8623046875
2,90,map_payload_kib_per_robot,4,-105.791015625,-58.271484375
2,91,map_payload_kib_per_robot,4,-192.14599609375,-164.8486328125
2,92,map_payload_kib_per_robot,4,-336.724853515625,-60.18310546875
2,93,map_payload_kib_per_robot,4,-116.28173828125,0.0
2,94,map_payload_kib_per_robot,4,-191.46484375,-77.02880859375
2,95,map_payload_kib_per_robot,4,-296.109619140625,-37.66845703125
2,96,map_payload_kib_per_robot,4,-66.905517578125,0.0
2,97,map_payload_kib_per_robot,4,-65.540771484375,-53.7353515625
2,98,map_payload_kib_per_robot,4,-561.708984375,-138.50830078125
2,99,map_payload_kib_per_robot,4,-134.228515625,-139.59716796875
2,0,communication_packets_recorded,4,0.0,0.0
2,1,communication_packets_recorded,4,0.0,0.0
2,2,communication_packets_recorded,4,0.0,0.0
2,3,communication_packets_recorded,4,0.0,0.0
2,4,communication_packets_recorded,4,0.0,0.0
2,5,communication_packets_recorded,4,0.0,0.0
2,6,communication_packets_recorded,4,0.0,0.0
2,7,communication_packets_recorded,4,0.0,0.0
2,8,communication_packets_recorded,4,0.0,0.0
2,9,communication_packets_recorded,4,0.0,0.0
2,10,communication_packets_recorded,4,0.0,0.0
2,11,communication_packets_recorded,4,0.0,0.0
2,12,communication_packets_recorded,4,0.0,0.0
2,13,communication_packets_recorded,4,0.0,0.0
2,14,communication_packets_recorded,4,0.0,0.0
2,15,communication_packets_recorded,4,0.0,0.0
2,16,communication_packets_recorded,4,0.0,0.0
2,17,communication_packets_recorded,4,0.0,0.0
2,18,communication_packets_recorded,4,0.0,0.0
2,19,communication_packets_recorded,4,0.0,0.0
2,20,communication_packets_recorded,4,0.0,0.0
2,21,communication_packets_recorded,4,0.0,0.0
2,22,communication_packets_recorded,4,0.0,0.0
2,23,communication_packets_recorded,4,0.0,0.0
2,24,communication_packets_recorded,4,0.0,0.0
2,25,communication_packets_recorded,4,0.0,0.0
2,26,communication_packets_recorded,4,0.0,0.0
2,27,communication_packets_recorded,4,0.0,0.0
2,28,communication_packets_recorded,4,0.0,0.0
2,29,communication_packets_recorded,4,0.0,0.0
2,30,communication_packets_recorded,4,0.0,0.0
2,31,communication_packets_recorded,4,0.0,0.0
2,32,communication_packets_recorded,4,0.0,0.0
2,33,communication_packets_recorded,4,0.0,0.0
2,34,communication_packets_recorded,4,0.0,0.0
2,35,communication_packets_recorded,4,0.0,0.0
2,36,communication_packets_recorded,4,0.0,0.0
2,37,communication_packets_recorded,4,0.0,0.0
2,38,communication_packets_recorded,4,0.0,0.0
2,39,communication_packets_recorded,4,0.0,0.0
2,40,communication_packets_recorded,4,0.0,0.0
2,41,communication_packets_recorded,4,0.0,0.0
2,42,communication_packets_recorded,4,0.0,0.0
2,43,communication_packets_recorded,4,0.0,0.0
2,44,communication_packets_recorded,4,0.0,0.0
2,45,communication_packets_recorded,4,0.0,0.0
2,46,communication_packets_recorded,4,0.0,0.0
2,47,communication_packets_recorded,4,0.0,0.0
2,48,communication_packets_recorded,4,0.0,0.0
2,49,communication_packets_recorded,4,0.0,0.0
2,50,communication_packets_recorded,4,0.0,0.0
2,51,communication_packets_recorded,4,0.0,0.0
2,52,communication_packets_recorded,4,0.0,0.0
2,53,communication_packets_recorded,4,0.0,0.0
2,54,communication_packets_recorded,4,0.0,0.0
2,55,communication_packets_recorded,4,0.0,0.0
2,56,communication_packets_recorded,4,0.0,0.0
2,57,communication_packets_recorded,4,0.0,0.0
2,58,communication_packets_recorded,4,0.0,0.0
2,59,communication_packets_recorded,4,0.0,0.0
2,60,communication_packets_recorded,4,0.0,0.0
2,61,communication_packets_recorded,4,0.0,0.0
2,62,communication_packets_recorded,4,0.0,0.0
2,63,communication_packets_recorded,4,0.0,0.0
2,64,communication_packets_recorded,4,0.0,0.0
2,65,communication_packets_recorded,4,0.0,0.0
2,66,communication_packets_recorded,4,0.0,0.0
2,67,communication_packets_recorded,4,0.0,0.0
2,68,communication_packets_recorded,4,0.0,0.0
2,69,communication_packets_recorded,4,0.0,0.0
2,70,communication_packets_recorded,4,0.0,0.0
2,71,communication_packets_recorded,4,0.0,0.0
2,72,communication_packets_recorded,4,0.0,0.0
2,73,communication_packets_recorded,4,0.0,0.0
2,74,communication_packets_recorded,4,0.0,0.0
2,75,communication_packets_recorded,4,0.0,0.0
2,76,communication_packets_recorded,4,0.0,0.0
2,77,communication_packets_recorded,4,0.0,0.0
2,78,communication_packets_recorded,4,0.0,0.0
2,79,communication_packets_recorded,4,0.0,0.0
2,80,communication_packets_recorded,4,0.0,0.0
2,81,communication_packets_recorded,4,0.0,0.0
2,82,communication_packets_recorded,4,0.0,0.0
2,83,communication_packets_recorded,4,0.0,0.0
2,84,communication_packets_recorded,4,0.0,0.0
2,85,communication_packets_recorded,4,0.0,0.0
2,86,communication_packets_recorded,4,0.0,0.0
2,87,communication_packets_recorded,4,0.0,0.0
2,88,communication_packets_recorded,4,0.0,0.0
2,89,communication_packets_recorded,4,0.0,0.0
2,90,communication_packets_recorded,4,0.0,0.0
2,91,communication_packets_recorded,4,0.0,0.0
2,92,communication_packets_recorded,4,0.0,0.0
2,93,communication_packets_recorded,4,0.0,0.0
2,94,communication_packets_recorded,4,0.0,0.0
2,95,communication_packets_recorded,4,0.0,0.0
2,96,communication_packets_recorded,4,0.0,0.0
2,97,communication_packets_recorded,4,0.0,0.0
2,98,communication_packets_recorded,4,0.0,0.0
2,99,communication_packets_recorded,4,0.0,0.0
2,0,packets_per_robot,4,0.0,0.0
2,1,packets_per_robot,4,0.0,0.0
2,2,packets_per_robot,4,0.0,0.0
2,3,packets_per_robot,4,0.0,0.0
2,4,packets_per_robot,4,0.0,0.0
2,5,packets_per_robot,4,0.0,0.0
2,6,packets_per_robot,4,0.0,0.0
2,7,packets_per_robot,4,0.0,0.0
2,8,packets_per_robot,4,0.0,0.0
2,9,packets_per_robot,4,0.0,0.0
2,10,packets_per_robot,4,0.0,0.0
2,11,packets_per_robot,4,0.0,0.0
2,12,packets_per_robot,4,0.0,0.0
2,13,packets_per_robot,4,0.0,0.0
2,14,packets_per_robot,4,0.0,0.0
2,15,packets_per_robot,4,0.0,0.0
2,16,packets_per_robot,4,0.0,0.0
2,17,packets_per_robot,4,0.0,0.0
2,18,packets_per_robot,4,0.0,0.0
2,19,packets_per_robot,4,0.0,0.0
2,20,packets_per_robot,4,0.0,0.0
2,21,packets_per_robot,4,0.0,0.0
2,22,packets_per_robot,4,0.0,0.0
2,23,packets_per_robot,4,0.0,0.0
2,24,packets_per_robot,4,0.0,0.0
2,25,packets_per_robot,4,0.0,0.0
2,26,packets_per_robot,4,0.0,0.0
2,27,packets_per_robot,4,0.0,0.0
2,28,packets_per_robot,4,0.0,0.0
2,29,packets_per_robot,4,0.0,0.0
2,30,packets_per_robot,4,0.0,0.0
2,31,packets_per_robot,4,0.0,0.0
2,32,packets_per_robot,4,0.0,0.0
2,33,packets_per_robot,4,0.0,0.0
2,34,packets_per_robot,4,0.0,0.0
2,35,packets_per_robot,4,0.0,0.0
2,36,packets_per_robot,4,0.0,0.0
2,37,packets_per_robot,4,0.0,0.0
2,38,packets_per_robot,4,0.0,0.0
2,39,packets_per_robot,4,0.0,0.0
2,40,packets_per_robot,4,0.0,0.0
2,41,packets_per_robot,4,0.0,0.0
2,42,packets_per_robot,4,0.0,0.0
2,43,packets_per_robot,4,0.0,0.0
2,44,packets_per_robot,4,0.0,0.0
2,45,packets_per_robot,4,0.0,0.0
2,46,packets_per_robot,4,0.0,0.0
2,47,packets_per_robot,4,0.0,0.0
2,48,packets_per_robot,4,0.0,0.0
2,49,packets_per_robot,4,0.0,0.0
2,50,packets_per_robot,4,0.0,0.0
2,51,packets_per_robot,4,0.0,0.0
2,52,packets_per_robot,4,0.0,0.0
2,53,packets_per_robot,4,0.0,0.0
2,54,packets_per_robot,4,0.0,0.0
2,55,packets_per_robot,4,0.0,0.0
2,56,packets_per_robot,4,0.0,0.0
2,57,packets_per_robot,4,0.0,0.0
2,58,packets_per_robot,4,0.0,0.0
2,59,packets_per_robot,4,0.0,0.0
2,60,packets_per_robot,4,0.0,0.0
2,61,packets_per_robot,4,0.0,0.0
2,62,packets_per_robot,4,0.0,0.0
2,63,packets_per_robot,4,0.0,0.0
2,64,packets_per_robot,4,0.0,0.0
2,65,packets_per_robot,4,0.0,0.0
2,66,packets_per_robot,4,0.0,0.0
2,67,packets_per_robot,4,0.0,0.0
2,68,packets_per_robot,4,0.0,0.0
2,69,packets_per_robot,4,0.0,0.0
2,70,packets_per_robot,4,0.0,0.0
2,71,packets_per_robot,4,0.0,0.0
2,72,packets_per_robot,4,0.0,0.0
2,73,packets_per_robot,4,0.0,0.0
2,74,packets_per_robot,4,0.0,0.0
2,75,packets_per_robot,4,0.0,0.0
2,76,packets_per_robot,4,0.0,0.0
2,77,packets_per_robot,4,0.0,0.0
2,78,packets_per_robot,4,0.0,0.0
2,79,packets_per_robot,4,0.0,0.0
2,80,packets_per_robot,4,0.0,0.0
2,81,packets_per_robot,4,0.0,0.0
2,82,packets_per_robot,4,0.0,0.0
2,83,packets_per_robot,4,0.0,0.0
2,84,packets_per_robot,4,0.0,0.0
2,85,packets_per_robot,4,0.0,0.0
2,86,packets_per_robot,4,0.0,0.0
2,87,packets_per_robot,4,0.0,0.0
2,88,packets_per_robot,4,0.0,0.0
2,89,packets_per_robot,4,0.0,0.0
2,90,packets_per_robot,4,0.0,0.0
2,91,packets_per_robot,4,0.0,0.0
2,92,packets_per_robot,4,0.0,0.0
2,93,packets_per_robot,4,0.0,0.0
2,94,packets_per_robot,4,0.0,0.0
2,95,packets_per_robot,4,0.0,0.0
2,96,packets_per_robot,4,0.0,0.0
2,97,packets_per_robot,4,0.0,0.0
2,98,packets_per_robot,4,0.0,0.0
2,99,packets_per_robot,4,0.0,0.0
2,0,map_retransmission_packets,4,0.0,0.0
2,1,map_retransmission_packets,4,0.0,0.0
2,2,map_retransmission_packets,4,0.0,0.0
2,3,map_retransmission_packets,4,0.0,0.0
2,4,map_retransmission_packets,4,0.0,0.0
2,5,map_retransmission_packets,4,0.0,0.0
2,6,map_retransmission_packets,4,0.0,0.0
2,7,map_retransmission_packets,4,0.0,0.0
2,8,map_retransmission_packets,4,0.0,0.0
2,9,map_retransmission_packets,4,0.0,0.0
2,10,map_retransmission_packets,4,0.0,0.0
2,11,map_retransmission_packets,4,0.0,0.0
2,12,map_retransmission_packets,4,0.0,0.0
2,13,map_retransmission_packets,4,0.0,0.0
2,14,map_retransmission_packets,4,0.0,0.0
2,15,map_retransmission_packets,4,0.0,0.0
2,16,map_retransmission_packets,4,0.0,0.0
2,17,map_retransmission_packets,4,0.0,0.0
2,18,map_retransmission_packets,4,0.0,0.0
2,19,map_retransmission_packets,4,0.0,0.0
2,20,map_retransmission_packets,4,0.0,0.0
2,21,map_retransmission_packets,4,0.0,0.0
2,22,map_retransmission_packets,4,0.0,0.0
2,23,map_retransmission_packets,4,0.0,0.0
2,24,map_retransmission_packets,4,0.0,0.0
2,25,map_retransmission_packets,4,0.0,0.0
2,26,map_retransmission_packets,4,0.0,0.0
2,27,map_retransmission_packets,4,0.0,0.0
2,28,map_retransmission_packets,4,0.0,0.0
2,29,map_retransmission_packets,4,0.0,0.0
2,30,map_retransmission_packets,4,0.0,0.0
2,31,map_retransmission_packets,4,0.0,0.0
2,32,map_retransmission_packets,4,0.0,0.0
2,33,map_retransmission_packets,4,0.0,0.0
2,34,map_retransmission_packets,4,0.0,0.0
2,35,map_retransmission_packets,4,0.0,0.0
2,36,map_retransmission_packets,4,0.0,0.0
2,37,map_retransmission_packets,4,0.0,0.0
2,38,map_retransmission_packets,4,0.0,0.0
2,39,map_retransmission_packets,4,0.0,0.0
2,40,map_retransmission_packets,4,0.0,0.0
2,41,map_retransmission_packets,4,0.0,0.0
2,42,map_retransmission_packets,4,0.0,0.0
2,43,map_retransmission_packets,4,0.0,0.0
2,44,map_retransmission_packets,4,0.0,0.0
2,45,map_retransmission_packets,4,0.0,0.0
2,46,map_retransmission_packets,4,0.0,0.0
2,47,map_retransmission_packets,4,0.0,0.0
2,48,map_retransmission_packets,4,0.0,0.0
2,49,map_retransmission_packets,4,0.0,0.0
2,50,map_retransmission_packets,4,0.0,0.0
2,51,map_retransmission_packets,4,0.0,0.0
2,52,map_retransmission_packets,4,0.0,0.0
2,53,map_retransmission_packets,4,0.0,0.0
2,54,map_retransmission_packets,4,0.0,0.0
2,55,map_retransmission_packets,4,0.0,0.0
2,56,map_retransmission_packets,4,0.0,0.0
2,57,map_retransmission_packets,4,0.0,0.0
2,58,map_retransmission_packets,4,0.0,0.0
2,59,map_retransmission_packets,4,0.0,0.0
2,60,map_retransmission_packets,4,0.0,0.0
2,61,map_retransmission_packets,4,0.0,0.0
2,62,map_retransmission_packets,4,0.0,0.0
2,63,map_retransmission_packets,4,0.0,0.0
2,64,map_retransmission_packets,4,0.0,0.0
2,65,map_retransmission_packets,4,0.0,0.0
2,66,map_retransmission_packets,4,0.0,0.0
2,67,map_retransmission_packets,4,0.0,0.0
2,68,map_retransmission_packets,4,0.0,0.0
2,69,map_retransmission_packets,4,0.0,0.0
2,70,map_retransmission_packets,4,0.0,0.0
2,71,map_retransmission_packets,4,0.0,0.0
2,72,map_retransmission_packets,4,0.0,0.0
2,73,map_retransmission_packets,4,0.0,0.0
2,74,map_retransmission_packets,4,0.0,0.0
2,75,map_retransmission_packets,4,0.0,0.0
2,76,map_retransmission_packets,2,0.0,0.0
2,0,retransmission_rate,3,0.0,0.0
2,1,retransmission_rate,2,0.0,0.0
2,2,retransmission_rate,4,0.0,0.0
2,3,retransmission_rate,4,0.0,0.0
2,4,retransmission_rate,4,0.0,0.0
2,5,retransmission_rate,4,0.0,0.0
2,6,retransmission_rate,3,0.0,0.0
2,7,retransmission_rate,4,0.0,0.0
2,8,retransmission_rate,4,0.0,0.0
2,9,retransmission_rate,2,0.0,0.0
2,10,retransmission_rate,2,0.0,0.0
2,11,retransmission_rate,4,0.0,0.0
2,12,retransmission_rate,4,0.0,0.0
2,13,retransmission_rate,2,0.0,0.0
2,14,retransmission_rate,4,0.0,0.0
2,15,retransmission_rate,4,0.0,0.0
2,16,retransmission_rate,3,0.0,0.0
2,17,retransmission_rate,4,0.0,0.0
2,18,retransmission_rate,4,0.0,0.0
2,19,retransmission_rate,4,0.0,0.0
2,20,retransmission_rate,3,0.0,0.0
2,21,retransmission_rate,4,0.0,0.0
2,22,retransmission_rate,3,0.0,0.0
2,23,retransmission_rate,1,0.0,0.0
2,24,retransmission_rate,4,0.0,0.0
2,25,retransmission_rate,4,0.0,0.0
2,26,retransmission_rate,4,0.0,0.0
2,27,retransmission_rate,4,0.0,0.0
2,28,retransmission_rate,3,0.0,0.0
2,29,retransmission_rate,3,0.0,0.0
2,30,retransmission_rate,4,0.0,0.0
2,31,retransmission_rate,4,0.0,0.0
2,32,retransmission_rate,4,0.0,0.0
2,33,retransmission_rate,3,0.0,0.0
2,34,retransmission_rate,4,0.0,0.0
2,35,retransmission_rate,4,0.0,0.0
2,36,retransmission_rate,4,0.0,0.0
2,37,retransmission_rate,4,0.0,0.0
2,38,retransmission_rate,4,0.0,0.0
2,39,retransmission_rate,4,0.0,0.0
2,40,retransmission_rate,3,0.0,0.0
2,41,retransmission_rate,4,0.0,0.0
2,42,retransmission_rate,3,0.0,0.0
2,43,retransmission_rate,2,0.0,0.0
2,44,retransmission_rate,4,0.0,0.0
2,45,retransmission_rate,3,0.0,0.0
2,46,retransmission_rate,2,0.0,0.0
2,47,retransmission_rate,4,0.0,0.0
2,48,retransmission_rate,4,0.0,0.0
2,49,retransmission_rate,4,0.0,0.0
2,50,retransmission_rate,4,0.0,0.0
2,51,retransmission_rate,4,0.0,0.0
2,52,retransmission_rate,2,0.0,0.0
2,53,retransmission_rate,4,0.0,0.0
2,54,retransmission_rate,3,0.0,0.0
2,55,retransmission_rate,4,0.0,0.0
2,56,retransmission_rate,4,0.0,0.0
2,57,retransmission_rate,4,0.0,0.0
2,58,retransmission_rate,3,0.0,0.0
2,59,retransmission_rate,4,0.0,0.0
2,60,retransmission_rate,4,0.0,0.0
2,61,retransmission_rate,4,0.0,0.0
2,62,retransmission_rate,4,0.0,0.0
2,63,retransmission_rate,4,0.0,0.0
2,64,retransmission_rate,4,0.0,0.0
2,65,retransmission_rate,4,0.0,0.0
2,66,retransmission_rate,4,0.0,0.0
2,67,retransmission_rate,2,0.0,0.0
2,68,retransmission_rate,4,0.0,0.0
2,69,retransmission_rate,3,0.0,0.0
2,70,retransmission_rate,4,0.0,0.0
2,71,retransmission_rate,4,0.0,0.0
2,72,retransmission_rate,3,0.0,0.0
2,73,retransmission_rate,4,0.0,0.0
2,74,retransmission_rate,4,0.0,0.0
2,75,retransmission_rate,1,0.0,0.0
2,76,retransmission_rate,2,0.0,0.0
4,0,final_coverage,4,0.0,0.0
4,1,final_coverage,4,0.0,0.0
4,2,final_coverage,4,0.0,0.0
4,3,final_coverage,4,0.0,0.0
4,4,final_coverage,4,0.0,0.0
4,5,final_coverage,4,0.0,0.0
4,6,final_coverage,4,0.0,0.0
4,7,final_coverage,4,0.0,0.0
4,8,final_coverage,4,0.0,0.0
4,9,final_coverage,4,0.0,0.0
4,10,final_coverage,4,0.0,0.0
4,11,final_coverage,4,0.0,0.0
4,12,final_coverage,4,0.0,0.0
4,13,final_coverage,4,0.0,0.0
4,14,final_coverage,4,0.0,0.0
4,15,final_coverage,4,0.0,0.0
4,16,final_coverage,4,0.0,0.0
4,17,final_coverage,4,0.0,0.0
4,18,final_coverage,4,0.0,0.0
4,19,final_coverage,4,0.0,0.0
4,20,final_coverage,4,0.0,0.0
4,21,final_coverage,4,0.0,0.0
4,22,final_coverage,4,0.0,0.0
4,23,final_coverage,4,0.0,0.0
4,24,final_coverage,4,0.0,0.0
4,25,final_coverage,4,0.0,0.0
4,26,final_coverage,4,0.0,0.0
4,27,final_coverage,4,0.0,0.0
4,28,final_coverage,4,0.0,0.0
4,29,final_coverage,4,0.0,0.0
4,30,final_coverage,4,0.0,0.0
4,31,final_coverage,4,0.0,0.0
4,32,final_coverage,4,0.0,0.0
4,33,final_coverage,4,0.0,0.0
4,34,final_coverage,4,0.0,0.0
4,35,final_coverage,4,0.0,0.0
4,36,final_coverage,4,0.0,0.0
4,37,final_coverage,4,0.0,0.0
4,38,final_coverage,4,0.0,0.0
4,39,final_coverage,4,0.0,0.0
4,40,final_coverage,4,0.0,0.0
4,41,final_coverage,4,0.0,0.0
4,42,final_coverage,4,0.0,0.0
4,43,final_coverage,4,0.0,0.0
4,44,final_coverage,4,0.0,0.0
4,45,final_coverage,4,0.0,0.0
4,46,final_coverage,4,0.0,0.0
4,47,final_coverage,4,0.0,0.0
4,48,final_coverage,4,0.0,0.0
4,49,final_coverage,4,0.0,0.0
4,50,final_coverage,4,0.0,0.0
4,51,final_coverage,4,0.0,0.0
4,52,final_coverage,4,0.0,0.0
4,53,final_coverage,4,0.0,0.0
4,54,final_coverage,4,0.0,0.0
4,55,final_coverage,4,0.0,0.0
4,56,final_coverage,4,0.0,0.0
4,57,final_coverage,4,0.0,0.0
4,58,final_coverage,4,0.0,0.0
4,59,final_coverage,4,0.0,0.0
4,60,final_coverage,4,0.0,0.0
4,61,final_coverage,4,0.0,0.0
4,62,final_coverage,4,0.0,0.0
4,63,final_coverage,4,0.0,0.0
4,64,final_coverage,4,0.0,0.0
4,65,final_coverage,4,0.0,0.0
4,66,final_coverage,4,0.0,0.0
4,67,final_coverage,4,0.0,0.0
4,68,final_coverage,4,0.0,0.0
4,69,final_coverage,4,0.0,0.0
4,70,final_coverage,4,0.0,0.0
4,71,final_coverage,4,0.0,0.0
4,72,final_coverage,4,0.0,0.0
4,73,final_coverage,4,0.0,0.0
4,74,final_coverage,4,0.0,0.0
4,75,final_coverage,4,0.0,0.0
4,76,final_coverage,4,0.0,0.0
4,77,final_coverage,4,0.0,0.0
4,78,final_coverage,4,0.0,0.0
4,79,final_coverage,4,0.0,0.0
4,80,final_coverage,4,0.0,0.0
4,81,final_coverage,4,0.0,0.0
4,82,final_coverage,4,0.0,0.0
4,83,final_coverage,4,0.0,0.0
4,84,final_coverage,4,0.0,0.0
4,85,final_coverage,4,0.0,0.0
4,86,final_coverage,4,0.0,0.0
4,87,final_coverage,4,0.0,0.0
4,88,final_coverage,4,0.0,0.0
4,89,final_coverage,4,0.0,0.0
4,90,final_coverage,4,0.0,0.0
4,91,final_coverage,4,0.0,0.0
4,92,final_coverage,4,0.0,0.0
4,93,final_coverage,4,0.0,0.0
4,94,final_coverage,4,0.0,0.0
4,95,final_coverage,4,0.0,0.0
4,96,final_coverage,4,0.0,0.0
4,97,final_coverage,4,0.0,0.0
4,98,final_coverage,4,0.0,0.0
4,99,final_coverage,4,0.0,0.0
4,0,coverage_auc,4,0.0,0.0
4,1,coverage_auc,4,0.0,0.0
4,2,coverage_auc,4,0.0,0.0
4,3,coverage_auc,4,0.0,0.0
4,4,coverage_auc,4,0.0,0.0
4,5,coverage_auc,4,0.0,0.0
4,6,coverage_auc,4,0.0,0.0
4,7,coverage_auc,4,0.0,0.0
4,8,coverage_auc,4,0.0,0.0
4,9,coverage_auc,4,0.0,0.0
4,10,coverage_auc,4,0.0,0.0
4,11,coverage_auc,4,0.0,0.0
4,12,coverage_auc,4,0.0,0.0
4,13,coverage_auc,4,0.0,0.0
4,14,coverage_auc,4,0.0,0.0
4,15,coverage_auc,4,0.0,0.0
4,16,coverage_auc,4,0.0,0.0
4,17,coverage_auc,4,0.0,0.0
4,18,coverage_auc,4,0.0,0.0
4,19,coverage_auc,4,0.0,0.0
4,20,coverage_auc,4,0.0,0.0
4,21,coverage_auc,4,0.0,0.0
4,22,coverage_auc,4,0.0,0.0
4,23,coverage_auc,4,0.0,0.0
4,24,coverage_auc,4,0.0,0.0
4,25,coverage_auc,4,0.0,0.0
4,26,coverage_auc,4,0.0,0.0
4,27,coverage_auc,4,0.0,0.0
4,28,coverage_auc,4,0.0,0.0
4,29,coverage_auc,4,0.0,0.0
4,30,coverage_auc,4,0.0,0.0
4,31,coverage_auc,4,0.0,0.0
4,32,coverage_auc,4,0.0,0.0
4,33,coverage_auc,4,0.0,0.0
4,34,coverage_auc,4,0.0,0.0
4,35,coverage_auc,4,0.0,0.0
4,36,coverage_auc,4,0.0,0.0
4,37,coverage_auc,4,0.0,0.0
4,38,coverage_auc,4,0.0,0.0
4,39,coverage_auc,4,0.0,0.0
4,40,coverage_auc,4,0.0,0.0
4,41,coverage_auc,4,0.0,0.0
4,42,coverage_auc,4,0.0,0.0
4,43,coverage_auc,4,0.0,0.0
4,44,coverage_auc,4,0.0,0.0
4,45,coverage_auc,4,0.0,0.0
4,46,coverage_auc,4,0.0,0.0
4,47,coverage_auc,4,0.0,0.0
4,48,coverage_auc,4,0.0,0.0
4,49,coverage_auc,4,0.0,0.0
4,50,coverage_auc,4,0.0,0.0
4,51,coverage_auc,4,0.0,0.0
4,52,coverage_auc,4,0.0,0.0
4,53,coverage_auc,4,0.0,0.0
4,54,coverage_auc,4,0.0,0.0
4,55,coverage_auc,4,0.0,0.0
4,56,coverage_auc,4,0.0,0.0
4,57,coverage_auc,4,0.0,0.0
4,58,coverage_auc,4,0.0,0.0
4,59,coverage_auc,4,0.0,0.0
4,60,coverage_auc,4,0.0,0.0
4,61,coverage_auc,4,0.0,0.0
4,62,coverage_auc,4,0.0,0.0
4,63,coverage_auc,4,0.0,0.0
4,64,coverage_auc,4,0.0,0.0
4,65,coverage_auc,4,0.0,0.0
4,66,coverage_auc,4,0.0,0.0
4,67,coverage_auc,4,0.0,0.0
4,68,coverage_auc,4,0.0,0.0
4,69,coverage_auc,4,0.0,0.0
4,70,coverage_auc,4,0.0,0.0
4,71,coverage_auc,4,0.0,0.0
4,72,coverage_auc,4,0.0,0.0
4,73,coverage_auc,4,0.0,0.0
4,74,coverage_auc,4,0.0,0.0
4,75,coverage_auc,4,0.0,0.0
4,76,coverage_auc,4,0.0,0.0
4,77,coverage_auc,4,0.0,0.0
4,78,coverage_auc,4,0.0,0.0
4,79,coverage_auc,4,0.0,0.0
4,80,coverage_auc,4,0.0,0.0
4,81,coverage_auc,4,0.0,0.0
4,82,coverage_auc,4,0.0,0.0
4,83,coverage_auc,4,0.0,0.0
4,84,coverage_auc,4,0.0,0.0
4,85,coverage_auc,4,0.0,0.0
4,86,coverage_auc,4,0.0,0.0
4,87,coverage_auc,4,0.0,0.0
4,88,coverage_auc,4,0.0,0.0
4,89,coverage_auc,4,0.0,0.0
4,90,coverage_auc,4,0.0,0.0
4,91,coverage_auc,4,0.0,0.0
4,92,coverage_auc,4,0.0,0.0
4,93,coverage_auc,4,0.0,0.0
4,94,coverage_auc,4,0.0,0.0
4,95,coverage_auc,4,0.0,0.0
4,96,coverage_auc,4,0.0,0.0
4,97,coverage_auc,4,0.0,0.0
4,98,coverage_auc,4,0.0,0.0
4,99,coverage_auc,4,0.0,0.0
4,0,mean_robot_map_free_iou,4,0.0,0.0
4,1,mean_robot_map_free_iou,4,0.0,0.0
4,2,mean_robot_map_free_iou,4,0.0,0.0
4,3,mean_robot_map_free_iou,4,0.0,0.0
4,4,mean_robot_map_free_iou,4,0.0,0.0
4,5,mean_robot_map_free_iou,4,0.0,0.0
4,6,mean_robot_map_free_iou,4,0.0,0.0
4,7,mean_robot_map_free_iou,4,0.0,0.0
4,8,mean_robot_map_free_iou,4,0.0,0.0
4,9,mean_robot_map_free_iou,4,0.0,0.0
4,10,mean_robot_map_free_iou,4,0.0,0.0
4,11,mean_robot_map_free_iou,4,0.0,0.0
4,12,mean_robot_map_free_iou,4,0.0,0.0
4,13,mean_robot_map_free_iou,4,0.0,0.0
4,14,mean_robot_map_free_iou,4,0.0,0.0
4,15,mean_robot_map_free_iou,4,0.0,0.0
4,16,mean_robot_map_free_iou,4,0.0,0.0
4,17,mean_robot_map_free_iou,4,0.0,0.0
4,18,mean_robot_map_free_iou,4,0.0,0.0
4,19,mean_robot_map_free_iou,4,0.0,0.0
4,20,mean_robot_map_free_iou,4,0.0,0.0
4,21,mean_robot_map_free_iou,4,0.0,0.0
4,22,mean_robot_map_free_iou,4,0.0,0.0
4,23,mean_robot_map_free_iou,4,0.0,0.0
4,24,mean_robot_map_free_iou,4,0.0,0.0
4,25,mean_robot_map_free_iou,4,0.0,0.0
4,26,mean_robot_map_free_iou,4,0.0,0.0
4,27,mean_robot_map_free_iou,4,0.0,0.0
4,28,mean_robot_map_free_iou,4,0.0,0.0
4,29,mean_robot_map_free_iou,4,0.0,0.0
4,30,mean_robot_map_free_iou,4,0.0,0.0
4,31,mean_robot_map_free_iou,4,0.0,0.0
4,32,mean_robot_map_free_iou,4,0.0,0.0
4,33,mean_robot_map_free_iou,4,0.0,0.0
4,34,mean_robot_map_free_iou,4,0.0,0.0
4,35,mean_robot_map_free_iou,4,0.0,0.0
4,36,mean_robot_map_free_iou,4,0.0,0.0
4,37,mean_robot_map_free_iou,4,0.0,0.0
4,38,mean_robot_map_free_iou,4,0.0,0.0
4,39,mean_robot_map_free_iou,4,0.0,0.0
4,40,mean_robot_map_free_iou,4,0.0,0.0
4,41,mean_robot_map_free_iou,4,0.0,0.0
4,42,mean_robot_map_free_iou,4,0.0,0.0
4,43,mean_robot_map_free_iou,4,0.0,0.0
4,44,mean_robot_map_free_iou,4,0.0,0.0
4,45,mean_robot_map_free_iou,4,0.0,0.0
4,46,mean_robot_map_free_iou,4,0.0,0.0
4,47,mean_robot_map_free_iou,4,0.0,0.0
4,48,mean_robot_map_free_iou,4,0.0,0.0
4,49,mean_robot_map_free_iou,4,0.0,0.0
4,50,mean_robot_map_free_iou,4,0.0,0.0
4,51,mean_robot_map_free_iou,4,0.0,0.0
4,52,mean_robot_map_free_iou,4,0.0,0.0
4,53,mean_robot_map_free_iou,4,0.0,0.0
4,54,mean_robot_map_free_iou,4,0.0,0.0
4,55,mean_robot_map_free_iou,4,0.0,0.0
4,56,mean_robot_map_free_iou,4,0.0,0.0
4,57,mean_robot_map_free_iou,4,0.0,0.0
4,58,mean_robot_map_free_iou,4,0.0,0.0
4,59,mean_robot_map_free_iou,4,0.0,0.0
4,60,mean_robot_map_free_iou,4,0.0,0.0
4,61,mean_robot_map_free_iou,4,0.0,0.0
4,62,mean_robot_map_free_iou,4,0.0,0.0
4,63,mean_robot_map_free_iou,4,0.0,0.0
4,64,mean_robot_map_free_iou,4,0.0,0.0
4,65,mean_robot_map_free_iou,4,0.0,0.0
4,66,mean_robot_map_free_iou,4,0.0,0.0
4,67,mean_robot_map_free_iou,4,0.0,0.0
4,68,mean_robot_map_free_iou,4,0.0,0.0
4,69,mean_robot_map_free_iou,4,0.0,0.0
4,70,mean_robot_map_free_iou,4,0.0,0.0
4,71,mean_robot_map_free_iou,4,0.0,0.0
4,72,mean_robot_map_free_iou,4,0.0,0.0
4,73,mean_robot_map_free_iou,4,0.0,0.0
4,74,mean_robot_map_free_iou,4,0.0,0.0
4,75,mean_robot_map_free_iou,4,0.0,0.0
4,76,mean_robot_map_free_iou,4,0.0,0.0
4,77,mean_robot_map_free_iou,4,0.0,0.0
4,78,mean_robot_map_free_iou,4,0.0,0.0
4,79,mean_robot_map_free_iou,4,0.0,0.0
4,80,mean_robot_map_free_iou,4,0.0,0.0
4,81,mean_robot_map_free_iou,4,0.0,0.0
4,82,mean_robot_map_free_iou,4,0.0,0.0
4,83,mean_robot_map_free_iou,4,0.0,0.0
4,84,mean_robot_map_free_iou,4,0.0,0.0
4,85,mean_robot_map_free_iou,4,0.0,0.0
4,86,mean_robot_map_free_iou,4,0.0,0.0
4,87,mean_robot_map_free_iou,4,0.0,0.0
4,88,mean_robot_map_free_iou,4,0.0,0.0
4,89,mean_robot_map_free_iou,4,0.0,0.0
4,90,mean_robot_map_free_iou,4,0.0,0.0
4,91,mean_robot_map_free_iou,4,0.0,0.0
4,92,mean_robot_map_free_iou,4,0.0,0.0
4,93,mean_robot_map_free_iou,4,0.0,0.0
4,94,mean_robot_map_free_iou,4,0.0,0.0
4,95,mean_robot_map_free_iou,4,0.0,0.0
4,96,mean_robot_map_free_iou,4,0.0,0.0
4,97,mean_robot_map_free_iou,4,0.0,0.0
4,98,mean_robot_map_free_iou,4,0.0,0.0
4,99,mean_robot_map_free_iou,4,0.0,0.0
4,0,reached_95_rate,4,0.0,0.0
4,1,reached_95_rate,4,0.0,0.0
4,2,reached_95_rate,4,0.0,0.0
4,3,reached_95_rate,4,0.0,0.0
4,4,reached_95_rate,4,0.0,0.0
4,5,reached_95_rate,4,0.0,0.0
4,6,reached_95_rate,4,0.0,0.0
4,7,reached_95_rate,4,0.0,0.0
4,8,reached_95_rate,4,0.0,0.0
4,9,reached_95_rate,4,0.0,0.0
4,10,reached_95_rate,4,0.0,0.0
4,11,reached_95_rate,4,0.0,0.0
4,12,reached_95_rate,4,0.0,0.0
4,13,reached_95_rate,4,0.0,0.0
4,14,reached_95_rate,4,0.0,0.0
4,15,reached_95_rate,4,0.0,0.0
4,16,reached_95_rate,4,0.0,0.0
4,17,reached_95_rate,4,0.0,0.0
4,18,reached_95_rate,4,0.0,0.0
4,19,reached_95_rate,4,0.0,0.0
4,20,reached_95_rate,4,0.0,0.0
4,21,reached_95_rate,4,0.0,0.0
4,22,reached_95_rate,4,0.0,0.0
4,23,reached_95_rate,4,0.0,0.0
4,24,reached_95_rate,4,0.0,0.0
4,25,reached_95_rate,4,0.0,0.0
4,26,reached_95_rate,4,0.0,0.0
4,27,reached_95_rate,4,0.0,0.0
4,28,reached_95_rate,4,0.0,0.0
4,29,reached_95_rate,4,0.0,0.0
4,30,reached_95_rate,4,0.0,0.0
4,31,reached_95_rate,4,0.0,0.0
4,32,reached_95_rate,4,0.0,0.0
4,33,reached_95_rate,4,0.0,0.0
4,34,reached_95_rate,4,0.0,0.0
4,35,reached_95_rate,4,0.0,0.0
4,36,reached_95_rate,4,0.0,0.0
4,37,reached_95_rate,4,0.0,0.0
4,38,reached_95_rate,4,0.0,0.0
4,39,reached_95_rate,4,0.0,0.0
4,40,reached_95_rate,4,0.0,0.0
4,41,reached_95_rate,4,0.0,0.0
4,42,reached_95_rate,4,0.0,0.0
4,43,reached_95_rate,4,0.0,0.0
4,44,reached_95_rate,4,0.0,0.0
4,45,reached_95_rate,4,0.0,0.0
4,46,reached_95_rate,4,0.0,0.0
4,47,reached_95_rate,4,0.0,0.0
4,48,reached_95_rate,4,0.0,0.0
4,49,reached_95_rate,4,0.0,0.0
4,50,reached_95_rate,4,0.0,0.0
4,51,reached_95_rate,4,0.0,0.0
4,52,reached_95_rate,4,0.0,0.0
4,53,reached_95_rate,4,0.0,0.0
4,54,reached_95_rate,4,0.0,0.0
4,55,reached_95_rate,4,0.0,0.0
4,56,reached_95_rate,4,0.0,0.0
4,57,reached_95_rate,4,0.0,0.0
4,58,reached_95_rate,4,0.0,0.0
4,59,reached_95_rate,4,0.0,0.0
4,60,reached_95_rate,4,0.0,0.0
4,61,reached_95_rate,4,0.0,0.0
4,62,reached_95_rate,4,0.0,0.0
4,63,reached_95_rate,4,0.0,0.0
4,64,reached_95_rate,4,0.0,0.0
4,65,reached_95_rate,4,0.0,0.0
4,66,reached_95_rate,4,0.0,0.0
4,67,reached_95_rate,4,0.0,0.0
4,68,reached_95_rate,4,0.0,0.0
4,69,reached_95_rate,4,0.0,0.0
4,70,reached_95_rate,4,0.0,0.0
4,71,reached_95_rate,4,0.0,0.0
4,72,reached_95_rate,4,0.0,0.0
4,73,reached_95_rate,4,0.0,0.0
4,74,reached_95_rate,4,0.0,0.0
4,75,reached_95_rate,4,0.0,0.0
4,76,reached_95_rate,4,0.0,0.0
4,77,reached_95_rate,4,0.0,0.0
4,78,reached_95_rate,4,0.0,0.0
4,79,reached_95_rate,4,0.0,0.0
4,80,reached_95_rate,4,0.0,0.0
4,81,reached_95_rate,4,0.0,0.0
4,82,reached_95_rate,4,0.0,0.0
4,83,reached_95_rate,4,0.0,0.0
4,84,reached_95_rate,4,0.0,0.0
4,85,reached_95_rate,4,0.0,0.0
4,86,reached_95_rate,4,0.0,0.0
4,87,reached_95_rate,4,0.0,0.0
4,88,reached_95_rate,4,0.0,0.0
4,89,reached_95_rate,4,0.0,0.0
4,90,reached_95_rate,4,0.0,0.0
4,91,reached_95_rate,4,0.0,0.0
4,92,reached_95_rate,4,0.0,0.0
4,93,reached_95_rate,4,0.0,0.0
4,94,reached_95_rate,4,0.0,0.0
4,95,reached_95_rate,4,0.0,0.0
4,96,reached_95_rate,4,0.0,0.0
4,97,reached_95_rate,4,0.0,0.0
4,98,reached_95_rate,4,0.0,0.0
4,99,reached_95_rate,4,0.0,0.0
4,0,steps_to_95_conditional,4,0.0,0.0
4,1,steps_to_95_conditional,4,0.0,0.0
4,2,steps_to_95_conditional,4,0.0,0.0
4,3,steps_to_95_conditional,4,0.0,0.0
4,4,steps_to_95_conditional,4,0.0,0.0
4,5,steps_to_95_conditional,4,0.0,0.0
4,6,steps_to_95_conditional,4,0.0,0.0
4,7,steps_to_95_conditional,4,0.0,0.0
4,8,steps_to_95_conditional,4,0.0,0.0
4,9,steps_to_95_conditional,4,0.0,0.0
4,10,steps_to_95_conditional,4,0.0,0.0
4,11,steps_to_95_conditional,4,0.0,0.0
4,12,steps_to_95_conditional,4,0.0,0.0
4,13,steps_to_95_conditional,4,0.0,0.0
4,14,steps_to_95_conditional,4,0.0,0.0
4,15,steps_to_95_conditional,4,0.0,0.0
4,16,steps_to_95_conditional,4,0.0,0.0
4,17,steps_to_95_conditional,4,0.0,0.0
4,18,steps_to_95_conditional,4,0.0,0.0
4,19,steps_to_95_conditional,4,0.0,0.0
4,20,steps_to_95_conditional,4,0.0,0.0
4,21,steps_to_95_conditional,4,0.0,0.0
4,22,steps_to_95_conditional,4,0.0,0.0
4,23,steps_to_95_conditional,4,0.0,0.0
4,24,steps_to_95_conditional,4,0.0,0.0
4,25,steps_to_95_conditional,4,0.0,0.0
4,26,steps_to_95_conditional,4,0.0,0.0
4,27,steps_to_95_conditional,4,0.0,0.0
4,28,steps_to_95_conditional,4,0.0,0.0
4,29,steps_to_95_conditional,4,0.0,0.0
4,30,steps_to_95_conditional,4,0.0,0.0
4,31,steps_to_95_conditional,4,0.0,0.0
4,32,steps_to_95_conditional,4,0.0,0.0
4,33,steps_to_95_conditional,4,0.0,0.0
4,34,steps_to_95_conditional,4,0.0,0.0
4,35,steps_to_95_conditional,4,0.0,0.0
4,36,steps_to_95_conditional,4,0.0,0.0
4,37,steps_to_95_conditional,4,0.0,0.0
4,38,steps_to_95_conditional,4,0.0,0.0
4,39,steps_to_95_conditional,4,0.0,0.0
4,40,steps_to_95_conditional,4,0.0,0.0
4,41,steps_to_95_conditional,4,0.0,0.0
4,42,steps_to_95_conditional,4,0.0,0.0
4,43,steps_to_95_conditional,4,0.0,0.0
4,44,steps_to_95_conditional,4,0.0,0.0
4,45,steps_to_95_conditional,4,0.0,0.0
4,46,steps_to_95_conditional,4,0.0,0.0
4,47,steps_to_95_conditional,4,0.0,0.0
4,48,steps_to_95_conditional,4,0.0,0.0
4,49,steps_to_95_conditional,4,0.0,0.0
4,50,steps_to_95_conditional,4,0.0,0.0
4,51,steps_to_95_conditional,4,0.0,0.0
4,52,steps_to_95_conditional,4,0.0,0.0
4,53,steps_to_95_conditional,4,0.0,0.0
4,54,steps_to_95_conditional,4,0.0,0.0
4,55,steps_to_95_conditional,4,0.0,0.0
4,56,steps_to_95_conditional,4,0.0,0.0
4,57,steps_to_95_conditional,4,0.0,0.0
4,58,steps_to_95_conditional,4,0.0,0.0
4,59,steps_to_95_conditional,4,0.0,0.0
4,60,steps_to_95_conditional,4,0.0,0.0
4,61,steps_to_95_conditional,4,0.0,0.0
4,62,steps_to_95_conditional,4,0.0,0.0
4,63,steps_to_95_conditional,4,0.0,0.0
4,64,steps_to_95_conditional,4,0.0,0.0
4,65,steps_to_95_conditional,4,0.0,0.0
4,66,steps_to_95_conditional,4,0.0,0.0
4,67,steps_to_95_conditional,4,0.0,0.0
4,68,steps_to_95_conditional,4,0.0,0.0
4,69,steps_to_95_conditional,4,0.0,0.0
4,70,steps_to_95_conditional,4,0.0,0.0
4,71,steps_to_95_conditional,4,0.0,0.0
4,72,steps_to_95_conditional,4,0.0,0.0
4,73,steps_to_95_conditional,4,0.0,0.0
4,74,steps_to_95_conditional,4,0.0,0.0
4,75,steps_to_95_conditional,4,0.0,0.0
4,76,steps_to_95_conditional,4,0.0,0.0
4,77,steps_to_95_conditional,4,0.0,0.0
4,78,steps_to_95_conditional,4,0.0,0.0
4,79,steps_to_95_conditional,4,0.0,0.0
4,80,steps_to_95_conditional,4,0.0,0.0
4,81,steps_to_95_conditional,4,0.0,0.0
4,82,steps_to_95_conditional,4,0.0,0.0
4,83,steps_to_95_conditional,4,0.0,0.0
4,84,steps_to_95_conditional,4,0.0,0.0
4,85,steps_to_95_conditional,4,0.0,0.0
4,86,steps_to_95_conditional,4,0.0,0.0
4,87,steps_to_95_conditional,4,0.0,0.0
4,88,steps_to_95_conditional,4,0.0,0.0
4,89,steps_to_95_conditional,4,0.0,0.0
4,90,steps_to_95_conditional,4,0.0,0.0
4,91,steps_to_95_conditional,4,0.0,0.0
4,92,steps_to_95_conditional,4,0.0,0.0
4,93,steps_to_95_conditional,4,0.0,0.0
4,94,steps_to_95_conditional,4,0.0,0.0
4,95,steps_to_95_conditional,4,0.0,0.0
4,96,steps_to_95_conditional,4,0.0,0.0
4,97,steps_to_95_conditional,4,0.0,0.0
4,98,steps_to_95_conditional,4,0.0,0.0
4,99,steps_to_95_conditional,4,0.0,0.0
4,0,map_payload_kib,4,-1490.625,-517.3486328125
4,1,map_payload_kib,4,-927.6513671875,-539.345703125
4,2,map_payload_kib,4,-2226.1669921875,-1534.267578125
4,3,map_payload_kib,4,-1601.57958984375,-1671.875
4,4,map_payload_kib,4,-1332.22412109375,-324.8095703125
4,5,map_payload_kib,4,-1901.42822265625,-657.587890625
4,6,map_payload_kib,4,-2035.87646484375,-1714.3017578125
4,7,map_payload_kib,4,-1193.13720703125,-725.107421875
4,8,map_payload_kib,4,-677.24365234375,-747.7294921875
4,9,map_payload_kib,4,-1609.83642578125,-1140.1904296875
4,10,map_payload_kib,4,-1377.75146484375,-649.08203125
4,11,map_payload_kib,4,-1918.30810546875,-1911.1279296875
4,12,map_payload_kib,4,-856.54052734375,-458.02734375
4,13,map_payload_kib,4,-1627.62451171875,-787.5830078125
4,14,map_payload_kib,4,-1187.79296875,-1203.8134765625
4,15,map_payload_kib,4,-446.5869140625,-412.71484375
4,16,map_payload_kib,4,-1318.41796875,-1593.701171875
4,17,map_payload_kib,4,-1607.2216796875,-959.1845703125
4,18,map_payload_kib,4,-1138.779296875,-995.2685546875
4,19,map_payload_kib,4,-1459.833984375,-1512.890625
4,20,map_payload_kib,4,-1869.54833984375,-2001.6162109375
4,21,map_payload_kib,4,-650.19287109375,-447.529296875
4,22,map_payload_kib,4,-255.6298828125,-230.99609375
4,23,map_payload_kib,4,-346.29150390625,-138.740234375
4,24,map_payload_kib,4,-2360.1611328125,-2094.453125
4,25,map_payload_kib,4,-1635.0439453125,-933.65234375
4,26,map_payload_kib,4,-2154.82421875,-811.552734375
4,27,map_payload_kib,4,-3431.62353515625,-1470.3173828125
4,28,map_payload_kib,4,-1291.5771484375,-1096.50390625
4,29,map_payload_kib,4,-1475.7275390625,-865.25390625
4,30,map_payload_kib,4,-1708.6572265625,-1907.470703125
4,31,map_payload_kib,4,-1011.08642578125,-556.1572265625
4,32,map_payload_kib,4,-4008.94775390625,-3250.595703125
4,33,map_payload_kib,4,-1819.033203125,-431.845703125
4,34,map_payload_kib,4,-482.83447265625,-378.4765625
4,35,map_payload_kib,4,-3853.203125,-974.1064453125
4,36,map_payload_kib,4,-1185.00244140625,-1113.76953125
4,37,map_payload_kib,4,-2428.49609375,-1677.900390625
4,38,map_payload_kib,4,-607.43408203125,-517.529296875
4,39,map_payload_kib,4,-521.1181640625,-539.9609375
4,40,map_payload_kib,4,-67.1240234375,-25.9765625
4,41,map_payload_kib,4,-2536.220703125,-1856.5966796875
4,42,map_payload_kib,4,-569.48486328125,-588.7158203125
4,43,map_payload_kib,4,-731.4208984375,-597.9345703125
4,44,map_payload_kib,4,-2067.54638671875,-877.490234375
4,45,map_payload_kib,4,-1113.77197265625,-758.4619140625
4,46,map_payload_kib,4,-1015.5615234375,-431.9140625
4,47,map_payload_kib,4,-621.72607421875,-456.953125
4,48,map_payload_kib,4,-648.05908203125,-635.439453125
4,49,map_payload_kib,4,-461.0107421875,-340.72265625
4,50,map_payload_kib,4,-1549.33837890625,-1499.5703125
4,51,map_payload_kib,4,-4312.63916015625,-3318.8330078125
4,52,map_payload_kib,4,-782.79052734375,-699.716796875
4,53,map_payload_kib,4,-1601.15478515625,-1749.619140625
4,54,map_payload_kib,4,-341.70166015625,-428.251953125
4,55,map_payload_kib,4,-492.2802734375,-413.583984375
4,56,map_payload_kib,4,-1463.82080078125,-1209.21875
4,57,map_payload_kib,4,-1814.28955078125,-1803.2177734375
4,58,map_payload_kib,4,-767.20947265625,-585.5126953125
4,59,map_payload_kib,4,-1685.54443359375,-1747.998046875
4,60,map_payload_kib,4,-518.68896484375,-406.73828125
4,61,map_payload_kib,4,-2097.66845703125,-1242.1630859375
4,62,map_payload_kib,4,-1684.9658203125,-571.7919921875
4,63,map_payload_kib,4,-2467.31689453125,-2590.5322265625
4,64,map_payload_kib,4,-419.46533203125,-176.2841796875
4,65,map_payload_kib,4,-1045.09765625,-1228.9404296875
4,66,map_payload_kib,4,-783.681640625,-499.169921875
4,67,map_payload_kib,4,-2260.76904296875,-2028.30078125
4,68,map_payload_kib,4,-1056.94580078125,-980.1123046875
4,69,map_payload_kib,4,-1778.8818359375,-1732.587890625
4,70,map_payload_kib,4,-2547.25830078125,-950.4150390625
4,71,map_payload_kib,4,-1744.951171875,-2024.873046875
4,72,map_payload_kib,4,-2125.0,-2588.7353515625
4,73,map_payload_kib,4,-1048.80126953125,-1180.078125
4,74,map_payload_kib,4,-884.27734375,-812.8125
4,75,map_payload_kib,4,-3138.49609375,-3477.7197265625
4,76,map_payload_kib,4,-1446.884765625,-1611.9091796875
4,77,map_payload_kib,4,-1351.33056640625,-1358.5693359375
4,78,map_payload_kib,4,-1114.34326171875,-352.001953125
4,79,map_payload_kib,4,-1542.92236328125,-1089.228515625
4,80,map_payload_kib,4,-1660.37109375,-1331.23046875
4,81,map_payload_kib,4,-1317.93212890625,-1165.1416015625
4,82,map_payload_kib,4,-777.59033203125,-827.7783203125
4,83,map_payload_kib,4,-1017.822265625,-670.4638671875
4,84,map_payload_kib,4,-738.8818359375,-510.4541015625
4,85,map_payload_kib,4,-225.87890625,-201.396484375
4,86,map_payload_kib,4,-3468.8427734375,-3382.8662109375
4,87,map_payload_kib,4,-203.466796875,-206.064453125
4,88,map_payload_kib,4,-1086.46728515625,-897.4658203125
4,89,map_payload_kib,4,-2098.8671875,-1333.8916015625
4,90,map_payload_kib,4,-2019.56298828125,-1239.23828125
4,91,map_payload_kib,4,-1029.833984375,-900.29296875
4,92,map_payload_kib,4,-1327.5244140625,-1435.37109375
4,93,map_payload_kib,4,-1661.31591796875,-1525.4833984375
4,94,map_payload_kib,4,-647.5244140625,-777.7734375
4,95,map_payload_kib,4,-2341.875,-1875.595703125
4,96,map_payload_kib,4,-2140.908203125,-1443.349609375
4,97,map_payload_kib,4,-3510.9130859375,-694.931640625
4,98,map_payload_kib,4,-648.5888671875,-571.884765625
4,99,map_payload_kib,4,-1751.47705078125,-1354.6630859375
4,0,map_payload_kib_per_robot,4,-372.65625,-129.337158203125
4,1,map_payload_kib_per_robot,4,-231.912841796875,-134.83642578125
4,2,map_payload_kib_per_robot,4,-556.541748046875,-383.56689453125
4,3,map_payload_kib_per_robot,4,-400.3948974609375,-417.96875
4,4,map_payload_kib_per_robot,4,-333.0560302734375,-81.202392578125
4,5,map_payload_kib_per_robot,4,-475.3570556640625,-164.39697265625
4,6,map_payload_kib_per_robot,4,-508.9691162109375,-428.575439453125
4,7,map_payload_kib_per_robot,4,-298.2843017578125,-181.27685546875
4,8,map_payload_kib_per_robot,4,-169.3109130859375,-186.932373046875
4,9,map_payload_kib_per_robot,4,-402.4591064453125,-285.047607421875
4,10,map_payload_kib_per_robot,4,-344.4378662109375,-162.2705078125
4,11,map_payload_kib_per_robot,4,-479.5770263671875,-477.781982421875
4,12,map_payload_kib_per_robot,4,-214.1351318359375,-114.5068359375
4,13,map_payload_kib_per_robot,4,-406.9061279296875,-196.895751953125
4,14,map_payload_kib_per_robot,4,-296.9482421875,-300.953369140625
4,15,map_payload_kib_per_robot,4,-111.646728515625,-103.1787109375
4,16,map_payload_kib_per_robot,4,-329.6044921875,-398.42529296875
4,17,map_payload_kib_per_robot,4,-401.805419921875,-239.796142578125
4,18,map_payload_kib_per_robot,4,-284.69482421875,-248.817138671875
4,19,map_payload_kib_per_robot,4,-364.95849609375,-378.22265625
4,20,map_payload_kib_per_robot,4,-467.3870849609375,-500.404052734375
4,21,map_payload_kib_per_robot,4,-162.5482177734375,-111.88232421875
4,22,map_payload_kib_per_robot,4,-63.907470703125,-57.7490234375
4,23,map_payload_kib_per_robot,4,-86.5728759765625,-34.68505859375
4,24,map_payload_kib_per_robot,4,-590.040283203125,-523.61328125
4,25,map_payload_kib_per_robot,4,-408.760986328125,-233.4130859375
4,26,map_payload_kib_per_robot,4,-538.7060546875,-202.88818359375
4,27,map_payload_kib_per_robot,4,-857.9058837890625,-367.579345703125
4,28,map_payload_kib_per_robot,4,-322.894287109375,-274.1259765625
4,29,map_payload_kib_per_robot,4,-368.931884765625,-216.3134765625
4,30,map_payload_kib_per_robot,4,-427.164306640625,-476.86767578125
4,31,map_payload_kib_per_robot,4,-252.7716064453125,-139.039306640625
4,32,map_payload_kib_per_robot,4,-1002.2369384765625,-812.64892578125
4,33,map_payload_kib_per_robot,4,-454.75830078125,-107.96142578125
4,34,map_payload_kib_per_robot,4,-120.7086181640625,-94.619140625
4,35,map_payload_kib_per_robot,4,-963.30078125,-243.526611328125
4,36,map_payload_kib_per_robot,4,-296.2506103515625,-278.4423828125
4,37,map_payload_kib_per_robot,4,-607.1240234375,-419.47509765625
4,38,map_payload_kib_per_robot,4,-151.8585205078125,-129.38232421875
4,39,map_payload_kib_per_robot,4,-130.279541015625,-134.990234375
4,40,map_payload_kib_per_robot,4,-16.781005859375,-6.494140625
4,41,map_payload_kib_per_robot,4,-634.05517578125,-464.149169921875
4,42,map_payload_kib_per_robot,4,-142.3712158203125,-147.178955078125
4,43,map_payload_kib_per_robot,4,-182.855224609375,-149.483642578125
4,44,map_payload_kib_per_robot,4,-516.8865966796875,-219.37255859375
4,45,map_payload_kib_per_robot,4,-278.4429931640625,-189.615478515625
4,46,map_payload_kib_per_robot,4,-253.890380859375,-107.978515625
4,47,map_payload_kib_per_robot,4,-155.4315185546875,-114.23828125
4,48,map_payload_kib_per_robot,4,-162.0147705078125,-158.85986328125
4,49,map_payload_kib_per_robot,4,-115.252685546875,-85.1806640625
4,50,map_payload_kib_per_robot,4,-387.3345947265625,-374.892578125
4,51,map_payload_kib_per_robot,4,-1078.1597900390625,-829.708251953125
4,52,map_payload_kib_per_robot,4,-195.6976318359375,-174.92919921875
4,53,map_payload_kib_per_robot,4,-400.2886962890625,-437.40478515625
4,54,map_payload_kib_per_robot,4,-85.4254150390625,-107.06298828125
4,55,map_payload_kib_per_robot,4,-123.070068359375,-103.39599609375
4,56,map_payload_kib_per_robot,4,-365.9552001953125,-302.3046875
4,57,map_payload_kib_per_robot,4,-453.5723876953125,-450.804443359375
4,58,map_payload_kib_per_robot,4,-191.8023681640625,-146.378173828125
4,59,map_payload_kib_per_robot,4,-421.3861083984375,-436.99951171875
4,60,map_payload_kib_per_robot,4,-129.6722412109375,-101.6845703125
4,61,map_payload_kib_per_robot,4,-524.4171142578125,-310.540771484375
4,62,map_payload_kib_per_robot,4,-421.241455078125,-142.947998046875
4,63,map_payload_kib_per_robot,4,-616.8292236328125,-647.633056640625
4,64,map_payload_kib_per_robot,4,-104.8663330078125,-44.071044921875
4,65,map_payload_kib_per_robot,4,-261.2744140625,-307.235107421875
4,66,map_payload_kib_per_robot,4,-195.92041015625,-124.79248046875
4,67,map_payload_kib_per_robot,4,-565.1922607421875,-507.0751953125
4,68,map_payload_kib_per_robot,4,-264.2364501953125,-245.028076171875
4,69,map_payload_kib_per_robot,4,-444.720458984375,-433.14697265625
4,70,map_payload_kib_per_robot,4,-636.8145751953125,-237.603759765625
4,71,map_payload_kib_per_robot,4,-436.23779296875,-506.21826171875
4,72,map_payload_kib_per_robot,4,-531.25,-647.183837890625
4,73,map_payload_kib_per_robot,4,-262.2003173828125,-295.01953125
4,74,map_payload_kib_per_robot,4,-221.0693359375,-203.203125
4,75,map_payload_kib_per_robot,4,-784.6240234375,-869.429931640625
4,76,map_payload_kib_per_robot,4,-361.72119140625,-402.977294921875
4,77,map_payload_kib_per_robot,4,-337.8326416015625,-339.642333984375
4,78,map_payload_kib_per_robot,4,-278.5858154296875,-88.00048828125
4,79,map_payload_kib_per_robot,4,-385.7305908203125,-272.30712890625
4,80,map_payload_kib_per_robot,4,-415.0927734375,-332.8076171875
4,81,map_payload_kib_per_robot,4,-329.4830322265625,-291.285400390625
4,82,map_payload_kib_per_robot,4,-194.3975830078125,-206.944580078125
4,83,map_payload_kib_per_robot,4,-254.45556640625,-167.615966796875
4,84,map_payload_kib_per_robot,4,-184.720458984375,-127.613525390625
4,85,map_payload_kib_per_robot,4,-56.4697265625,-50.34912109375
4,86,map_payload_kib_per_robot,4,-867.210693359375,-845.716552734375
4,87,map_payload_kib_per_robot,4,-50.86669921875,-51.51611328125
4,88,map_payload_kib_per_robot,4,-271.6168212890625,-224.366455078125
4,89,map_payload_kib_per_robot,4,-524.716796875,-333.472900390625
4,90,map_payload_kib_per_robot,4,-504.8907470703125,-309.8095703125
4,91,map_payload_kib_per_robot,4,-257.45849609375,-225.0732421875
4,92,map_payload_kib_per_robot,4,-331.881103515625,-358.8427734375
4,93,map_payload_kib_per_robot,4,-415.3289794921875,-381.370849609375
4,94,map_payload_kib_per_robot,4,-161.881103515625,-194.443359375
4,95,map_payload_kib_per_robot,4,-585.46875,-468.89892578125
4,96,map_payload_kib_per_robot,4,-535.22705078125,-360.83740234375
4,97,map_payload_kib_per_robot,4,-877.728271484375,-173.73291015625
4,98,map_payload_kib_per_robot,4,-162.147216796875,-142.97119140625
4,99,map_payload_kib_per_robot,4,-437.8692626953125,-338.665771484375
4,0,communication_packets_recorded,4,0.0,0.0
4,1,communication_packets_recorded,4,0.0,0.0
4,2,communication_packets_recorded,4,0.0,0.0
4,3,communication_packets_recorded,4,0.0,0.0
4,4,communication_packets_recorded,4,0.0,0.0
4,5,communication_packets_recorded,4,0.0,0.0
4,6,communication_packets_recorded,4,0.0,0.0
4,7,communication_packets_recorded,4,0.0,0.0
4,8,communication_packets_recorded,4,0.0,0.0
4,9,communication_packets_recorded,4,0.0,0.0
4,10,communication_packets_recorded,4,0.0,0.0
4,11,communication_packets_recorded,4,0.0,0.0
4,12,communication_packets_recorded,4,0.0,0.0
4,13,communication_packets_recorded,4,0.0,0.0
4,14,communication_packets_recorded,4,0.0,0.0
4,15,communication_packets_recorded,4,0.0,0.0
4,16,communication_packets_recorded,4,0.0,0.0
4,17,communication_packets_recorded,4,0.0,0.0
4,18,communication_packets_recorded,4,0.0,0.0
4,19,communication_packets_recorded,4,0.0,0.0
4,20,communication_packets_recorded,4,0.0,0.0
4,21,communication_packets_recorded,4,0.0,0.0
4,22,communication_packets_recorded,4,0.0,0.0
4,23,communication_packets_recorded,4,0.0,0.0
4,24,communication_packets_recorded,4,0.0,0.0
4,25,communication_packets_recorded,4,0.0,0.0
4,26,communication_packets_recorded,4,0.0,0.0
4,27,communication_packets_recorded,4,0.0,0.0
4,28,communication_packets_recorded,4,0.0,0.0
4,29,communication_packets_recorded,4,0.0,0.0
4,30,communication_packets_recorded,4,0.0,0.0
4,31,communication_packets_recorded,4,0.0,0.0
4,32,communication_packets_recorded,4,0.0,0.0
4,33,communication_packets_recorded,4,0.0,0.0
4,34,communication_packets_recorded,4,0.0,0.0
4,35,communication_packets_recorded,4,0.0,0.0
4,36,communication_packets_recorded,4,0.0,0.0
4,37,communication_packets_recorded,4,0.0,0.0
4,38,communication_packets_recorded,4,0.0,0.0
4,39,communication_packets_recorded,4,0.0,0.0
4,40,communication_packets_recorded,4,0.0,0.0
4,41,communication_packets_recorded,4,0.0,0.0
4,42,communication_packets_recorded,4,0.0,0.0
4,43,communication_packets_recorded,4,0.0,0.0
4,44,communication_packets_recorded,4,0.0,0.0
4,45,communication_packets_recorded,4,0.0,0.0
4,46,communication_packets_recorded,4,0.0,0.0
4,47,communication_packets_recorded,4,0.0,0.0
4,48,communication_packets_recorded,4,0.0,0.0
4,49,communication_packets_recorded,4,0.0,0.0
4,50,communication_packets_recorded,4,0.0,0.0
4,51,communication_packets_recorded,4,0.0,0.0
4,52,communication_packets_recorded,4,0.0,0.0
4,53,communication_packets_recorded,4,0.0,0.0
4,54,communication_packets_recorded,4,0.0,0.0
4,55,communication_packets_recorded,4,0.0,0.0
4,56,communication_packets_recorded,4,0.0,0.0
4,57,communication_packets_recorded,4,0.0,0.0
4,58,communication_packets_recorded,4,0.0,0.0
4,59,communication_packets_recorded,4,0.0,0.0
4,60,communication_packets_recorded,4,0.0,0.0
4,61,communication_packets_recorded,4,0.0,0.0
4,62,communication_packets_recorded,4,0.0,0.0
4,63,communication_packets_recorded,4,0.0,0.0
4,64,communication_packets_recorded,4,0.0,0.0
4,65,communication_packets_recorded,4,0.0,0.0
4,66,communication_packets_recorded,4,0.0,0.0
4,67,communication_packets_recorded,4,0.0,0.0
4,68,communication_packets_recorded,4,0.0,0.0
4,69,communication_packets_recorded,4,0.0,0.0
4,70,communication_packets_recorded,4,0.0,0.0
4,71,communication_packets_recorded,4,0.0,0.0
4,72,communication_packets_recorded,4,0.0,0.0
4,73,communication_packets_recorded,4,0.0,0.0
4,74,communication_packets_recorded,4,0.0,0.0
4,75,communication_packets_recorded,4,0.0,0.0
4,76,communication_packets_recorded,4,0.0,0.0
4,77,communication_packets_recorded,4,0.0,0.0
4,78,communication_packets_recorded,4,0.0,0.0
4,79,communication_packets_recorded,4,0.0,0.0
4,80,communication_packets_recorded,4,0.0,0.0
4,81,communication_packets_recorded,4,0.0,0.0
4,82,communication_packets_recorded,4,0.0,0.0
4,83,communication_packets_recorded,4,0.0,0.0
4,84,communication_packets_recorded,4,0.0,0.0
4,85,communication_packets_recorded,4,0.0,0.0
4,86,communication_packets_recorded,4,0.0,0.0
4,87,communication_packets_recorded,4,0.0,0.0
4,88,communication_packets_recorded,4,0.0,0.0
4,89,communication_packets_recorded,4,0.0,0.0
4,90,communication_packets_recorded,4,0.0,0.0
4,91,communication_packets_recorded,4,0.0,0.0
4,92,communication_packets_recorded,4,0.0,0.0
4,93,communication_packets_recorded,4,0.0,0.0
4,94,communication_packets_recorded,4,0.0,0.0
4,95,communication_packets_recorded,4,0.0,0.0
4,96,communication_packets_recorded,4,0.0,0.0
4,97,communication_packets_recorded,4,0.0,0.0
4,98,communication_packets_recorded,4,0.0,0.0
4,99,communication_packets_recorded,4,0.0,0.0
4,0,packets_per_robot,4,0.0,0.0
4,1,packets_per_robot,4,0.0,0.0
4,2,packets_per_robot,4,0.0,0.0
4,3,packets_per_robot,4,0.0,0.0
4,4,packets_per_robot,4,0.0,0.0
4,5,packets_per_robot,4,0.0,0.0
4,6,packets_per_robot,4,0.0,0.0
4,7,packets_per_robot,4,0.0,0.0
4,8,packets_per_robot,4,0.0,0.0
4,9,packets_per_robot,4,0.0,0.0
4,10,packets_per_robot,4,0.0,0.0
4,11,packets_per_robot,4,0.0,0.0
4,12,packets_per_robot,4,0.0,0.0
4,13,packets_per_robot,4,0.0,0.0
4,14,packets_per_robot,4,0.0,0.0
4,15,packets_per_robot,4,0.0,0.0
4,16,packets_per_robot,4,0.0,0.0
4,17,packets_per_robot,4,0.0,0.0
4,18,packets_per_robot,4,0.0,0.0
4,19,packets_per_robot,4,0.0,0.0
4,20,packets_per_robot,4,0.0,0.0
4,21,packets_per_robot,4,0.0,0.0
4,22,packets_per_robot,4,0.0,0.0
4,23,packets_per_robot,4,0.0,0.0
4,24,packets_per_robot,4,0.0,0.0
4,25,packets_per_robot,4,0.0,0.0
4,26,packets_per_robot,4,0.0,0.0
4,27,packets_per_robot,4,0.0,0.0
4,28,packets_per_robot,4,0.0,0.0
4,29,packets_per_robot,4,0.0,0.0
4,30,packets_per_robot,4,0.0,0.0
4,31,packets_per_robot,4,0.0,0.0
4,32,packets_per_robot,4,0.0,0.0
4,33,packets_per_robot,4,0.0,0.0
4,34,packets_per_robot,4,0.0,0.0
4,35,packets_per_robot,4,0.0,0.0
4,36,packets_per_robot,4,0.0,0.0
4,37,packets_per_robot,4,0.0,0.0
4,38,packets_per_robot,4,0.0,0.0
4,39,packets_per_robot,4,0.0,0.0
4,40,packets_per_robot,4,0.0,0.0
4,41,packets_per_robot,4,0.0,0.0
4,42,packets_per_robot,4,0.0,0.0
4,43,packets_per_robot,4,0.0,0.0
4,44,packets_per_robot,4,0.0,0.0
4,45,packets_per_robot,4,0.0,0.0
4,46,packets_per_robot,4,0.0,0.0
4,47,packets_per_robot,4,0.0,0.0
4,48,packets_per_robot,4,0.0,0.0
4,49,packets_per_robot,4,0.0,0.0
4,50,packets_per_robot,4,0.0,0.0
4,51,packets_per_robot,4,0.0,0.0
4,52,packets_per_robot,4,0.0,0.0
4,53,packets_per_robot,4,0.0,0.0
4,54,packets_per_robot,4,0.0,0.0
4,55,packets_per_robot,4,0.0,0.0
4,56,packets_per_robot,4,0.0,0.0
4,57,packets_per_robot,4,0.0,0.0
4,58,packets_per_robot,4,0.0,0.0
4,59,packets_per_robot,4,0.0,0.0
4,60,packets_per_robot,4,0.0,0.0
4,61,packets_per_robot,4,0.0,0.0
4,62,packets_per_robot,4,0.0,0.0
4,63,packets_per_robot,4,0.0,0.0
4,64,packets_per_robot,4,0.0,0.0
4,65,packets_per_robot,4,0.0,0.0
4,66,packets_per_robot,4,0.0,0.0
4,67,packets_per_robot,4,0.0,0.0
4,68,packets_per_robot,4,0.0,0.0
4,69,packets_per_robot,4,0.0,0.0
4,70,packets_per_robot,4,0.0,0.0
4,71,packets_per_robot,4,0.0,0.0
4,72,packets_per_robot,4,0.0,0.0
4,73,packets_per_robot,4,0.0,0.0
4,74,packets_per_robot,4,0.0,0.0
4,75,packets_per_robot,4,0.0,0.0
4,76,packets_per_robot,4,0.0,0.0
4,77,packets_per_robot,4,0.0,0.0
4,78,packets_per_robot,4,0.0,0.0
4,79,packets_per_robot,4,0.0,0.0
4,80,packets_per_robot,4,0.0,0.0
4,81,packets_per_robot,4,0.0,0.0
4,82,packets_per_robot,4,0.0,0.0
4,83,packets_per_robot,4,0.0,0.0
4,84,packets_per_robot,4,0.0,0.0
4,85,packets_per_robot,4,0.0,0.0
4,86,packets_per_robot,4,0.0,0.0
4,87,packets_per_robot,4,0.0,0.0
4,88,packets_per_robot,4,0.0,0.0
4,89,packets_per_robot,4,0.0,0.0
4,90,packets_per_robot,4,0.0,0.0
4,91,packets_per_robot,4,0.0,0.0
4,92,packets_per_robot,4,0.0,0.0
4,93,packets_per_robot,4,0.0,0.0
4,94,packets_per_robot,4,0.0,0.0
4,95,packets_per_robot,4,0.0,0.0
4,96,packets_per_robot,4,0.0,0.0
4,97,packets_per_robot,4,0.0,0.0
4,98,packets_per_robot,4,0.0,0.0
4,99,packets_per_robot,4,0.0,0.0
4,0,map_retransmission_packets,4,0.0,0.0
4,1,map_retransmission_packets,4,0.0,0.0
4,2,map_retransmission_packets,4,0.0,0.0
4,3,map_retransmission_packets,4,0.0,0.0
4,4,map_retransmission_packets,4,0.0,0.0
4,5,map_retransmission_packets,4,0.0,0.0
4,6,map_retransmission_packets,4,0.0,0.0
4,7,map_retransmission_packets,4,0.0,0.0
4,8,map_retransmission_packets,4,0.0,0.0
4,9,map_retransmission_packets,4,0.0,0.0
4,10,map_retransmission_packets,4,0.0,0.0
4,11,map_retransmission_packets,4,0.0,0.0
4,12,map_retransmission_packets,4,0.0,0.0
4,13,map_retransmission_packets,4,0.0,0.0
4,14,map_retransmission_packets,4,0.0,0.0
4,15,map_retransmission_packets,4,0.0,0.0
4,16,map_retransmission_packets,4,0.0,0.0
4,17,map_retransmission_packets,4,0.0,0.0
4,18,map_retransmission_packets,4,0.0,0.0
4,19,map_retransmission_packets,4,0.0,0.0
4,20,map_retransmission_packets,4,0.0,0.0
4,21,map_retransmission_packets,4,0.0,0.0
4,22,map_retransmission_packets,4,0.0,0.0
4,23,map_retransmission_packets,4,0.0,0.0
4,24,map_retransmission_packets,4,0.0,0.0
4,25,map_retransmission_packets,4,0.0,0.0
4,26,map_retransmission_packets,4,0.0,0.0
4,27,map_retransmission_packets,4,0.0,0.0
4,28,map_retransmission_packets,4,0.0,0.0
4,29,map_retransmission_packets,4,0.0,0.0
4,30,map_retransmission_packets,4,0.0,0.0
4,31,map_retransmission_packets,4,0.0,0.0
4,32,map_retransmission_packets,4,0.0,0.0
4,33,map_retransmission_packets,4,0.0,0.0
4,34,map_retransmission_packets,4,0.0,0.0
4,35,map_retransmission_packets,4,0.0,0.0
4,36,map_retransmission_packets,4,0.0,0.0
4,37,map_retransmission_packets,4,0.0,0.0
4,38,map_retransmission_packets,4,0.0,0.0
4,39,map_retransmission_packets,4,0.0,0.0
4,40,map_retransmission_packets,4,0.0,0.0
4,41,map_retransmission_packets,4,0.0,0.0
4,42,map_retransmission_packets,4,0.0,0.0
4,43,map_retransmission_packets,4,0.0,0.0
4,44,map_retransmission_packets,4,0.0,0.0
4,45,map_retransmission_packets,4,0.0,0.0
4,46,map_retransmission_packets,4,0.0,0.0
4,47,map_retransmission_packets,4,0.0,0.0
4,48,map_retransmission_packets,4,0.0,0.0
4,49,map_retransmission_packets,4,0.0,0.0
4,50,map_retransmission_packets,4,0.0,0.0
4,51,map_retransmission_packets,4,0.0,0.0
4,52,map_retransmission_packets,4,0.0,0.0
4,53,map_retransmission_packets,4,0.0,0.0
4,54,map_retransmission_packets,4,0.0,0.0
4,55,map_retransmission_packets,4,0.0,0.0
4,56,map_retransmission_packets,4,0.0,0.0
4,57,map_retransmission_packets,4,0.0,0.0
4,58,map_retransmission_packets,4,0.0,0.0
4,59,map_retransmission_packets,4,0.0,0.0
4,60,map_retransmission_packets,4,0.0,0.0
4,61,map_retransmission_packets,4,0.0,0.0
4,62,map_retransmission_packets,4,0.0,0.0
4,63,map_retransmission_packets,4,0.0,0.0
4,64,map_retransmission_packets,4,0.0,0.0
4,65,map_retransmission_packets,4,0.0,0.0
4,66,map_retransmission_packets,4,0.0,0.0
4,67,map_retransmission_packets,4,0.0,0.0
4,68,map_retransmission_packets,4,0.0,0.0
4,69,map_retransmission_packets,4,0.0,0.0
4,70,map_retransmission_packets,4,0.0,0.0
4,71,map_retransmission_packets,4,0.0,0.0
4,72,map_retransmission_packets,4,0.0,0.0
4,73,map_retransmission_packets,4,0.0,0.0
4,74,map_retransmission_packets,4,0.0,0.0
4,75,map_retransmission_packets,4,0.0,0.0
4,76,map_retransmission_packets,2,0.0,0.0
4,0,retransmission_rate,4,0.0,0.0
4,1,retransmission_rate,4,0.0,0.0
4,2,retransmission_rate,4,0.0,0.0
4,3,retransmission_rate,4,0.0,0.0
4,4,retransmission_rate,4,0.0,0.0
4,5,retransmission_rate,4,0.0,0.0
4,6,retransmission_rate,4,0.0,0.0
4,7,retransmission_rate,4,0.0,0.0
4,8,retransmission_rate,4,0.0,0.0
4,9,retransmission_rate,4,0.0,0.0
4,10,retransmission_rate,4,0.0,0.0
4,11,retransmission_rate,4,0.0,0.0
4,12,retransmission_rate,4,0.0,0.0
4,13,retransmission_rate,4,0.0,0.0
4,14,retransmission_rate,4,0.0,0.0
4,15,retransmission_rate,4,0.0,0.0
4,16,retransmission_rate,4,0.0,0.0
4,17,retransmission_rate,4,0.0,0.0
4,18,retransmission_rate,4,0.0,0.0
4,19,retransmission_rate,4,0.0,0.0
4,20,retransmission_rate,4,0.0,0.0
4,21,retransmission_rate,4,0.0,0.0
4,22,retransmission_rate,4,0.0,0.0
4,23,retransmission_rate,4,0.0,0.0
4,24,retransmission_rate,4,0.0,0.0
4,25,retransmission_rate,4,0.0,0.0
4,26,retransmission_rate,4,0.0,0.0
4,27,retransmission_rate,4,0.0,0.0
4,28,retransmission_rate,4,0.0,0.0
4,29,retransmission_rate,4,0.0,0.0
4,30,retransmission_rate,4,0.0,0.0
4,31,retransmission_rate,4,0.0,0.0
4,32,retransmission_rate,4,0.0,0.0
4,33,retransmission_rate,4,0.0,0.0
4,34,retransmission_rate,4,0.0,0.0
4,35,retransmission_rate,4,0.0,0.0
4,36,retransmission_rate,4,0.0,0.0
4,37,retransmission_rate,4,0.0,0.0
4,38,retransmission_rate,4,0.0,0.0
4,39,retransmission_rate,4,0.0,0.0
4,40,retransmission_rate,3,0.0,0.0
4,41,retransmission_rate,4,0.0,0.0
4,42,retransmission_rate,4,0.0,0.0
4,43,retransmission_rate,4,0.0,0.0
4,44,retransmission_rate,4,0.0,0.0
4,45,retransmission_rate,4,0.0,0.0
4,46,retransmission_rate,4,0.0,0.0
4,47,retransmission_rate,4,0.0,0.0
4,48,retransmission_rate,4,0.0,0.0
4,49,retransmission_rate,4,0.0,0.0
4,50,retransmission_rate,4,0.0,0.0
4,51,retransmission_rate,4,0.0,0.0
4,52,retransmission_rate,4,0.0,0.0
4,53,retransmission_rate,4,0.0,0.0
4,54,retransmission_rate,4,0.0,0.0
4,55,retransmission_rate,4,0.0,0.0
4,56,retransmission_rate,4,0.0,0.0
4,57,retransmission_rate,4,0.0,0.0
4,58,retransmission_rate,4,0.0,0.0
4,59,retransmission_rate,4,0.0,0.0
4,60,retransmission_rate,4,0.0,0.0
4,61,retransmission_rate,4,0.0,0.0
4,62,retransmission_rate,4,0.0,0.0
4,63,retransmission_rate,4,0.0,0.0
4,64,retransmission_rate,4,0.0,0.0
4,65,retransmission_rate,4,0.0,0.0
4,66,retransmission_rate,4,0.0,0.0
4,67,retransmission_rate,4,0.0,0.0
4,68,retransmission_rate,4,0.0,0.0
4,69,retransmission_rate,4,0.0,0.0
4,70,retransmission_rate,4,0.0,0.0
4,71,retransmission_rate,4,0.0,0.0
4,72,retransmission_rate,4,0.0,0.0
4,73,retransmission_rate,4,0.0,0.0
4,74,retransmission_rate,4,0.0,0.0
4,75,retransmission_rate,4,0.0,0.0
4,76,retransmission_rate,2,0.0,0.0
6,0,final_coverage,4,0.0,0.0
6,1,final_coverage,4,0.0,0.0
6,2,final_coverage,4,0.0,0.0
6,3,final_coverage,4,0.0,0.0
6,4,final_coverage,4,0.0,0.0
6,5,final_coverage,4,0.0,0.0
6,6,final_coverage,4,0.0,0.0
6,7,final_coverage,4,0.0,0.0
6,8,final_coverage,4,0.0,0.0
6,9,final_coverage,4,0.0,0.0
6,10,final_coverage,4,0.0,0.0
6,11,final_coverage,4,0.0,0.0
6,12,final_coverage,4,0.0,0.0
6,13,final_coverage,4,0.0,0.0
6,14,final_coverage,4,0.0,0.0
6,15,final_coverage,4,0.0,0.0
6,16,final_coverage,4,0.0,0.0
6,17,final_coverage,4,0.0,0.0
6,18,final_coverage,4,0.0,0.0
6,19,final_coverage,4,0.0,0.0
6,20,final_coverage,4,0.0,0.0
6,21,final_coverage,4,0.0,0.0
6,22,final_coverage,4,0.0,0.0
6,23,final_coverage,4,0.0,0.0
6,24,final_coverage,4,0.0,0.0
6,25,final_coverage,4,0.0,0.0
6,26,final_coverage,4,0.0,0.0
6,27,final_coverage,4,0.0,0.0
6,28,final_coverage,4,0.0,0.0
6,29,final_coverage,4,0.0,0.0
6,30,final_coverage,4,0.0,0.0
6,31,final_coverage,4,0.0,0.0
6,32,final_coverage,4,0.0,0.0
6,33,final_coverage,4,0.0,0.0
6,34,final_coverage,4,0.0,0.0
6,35,final_coverage,4,0.0,0.0
6,36,final_coverage,4,0.0,0.0
6,37,final_coverage,4,0.0,0.0
6,38,final_coverage,4,0.0,0.0
6,39,final_coverage,4,0.0,0.0
6,40,final_coverage,4,0.0,0.0
6,41,final_coverage,4,0.0,0.0
6,42,final_coverage,4,0.0,0.0
6,43,final_coverage,4,0.0,0.0
6,44,final_coverage,4,0.0,0.0
6,45,final_coverage,4,0.0,0.0
6,46,final_coverage,4,0.0,0.0
6,47,final_coverage,4,0.0,0.0
6,48,final_coverage,4,0.0,0.0
6,49,final_coverage,4,0.0,0.0
6,50,final_coverage,4,0.0,0.0
6,51,final_coverage,4,0.0,0.0
6,52,final_coverage,4,0.0,0.0
6,53,final_coverage,4,0.0,0.0
6,54,final_coverage,4,0.0,0.0
6,55,final_coverage,4,0.0,0.0
6,56,final_coverage,4,0.0,0.0
6,57,final_coverage,4,0.0,0.0
6,58,final_coverage,4,0.0,0.0
6,59,final_coverage,4,0.0,0.0
6,60,final_coverage,4,0.0,0.0
6,61,final_coverage,4,0.0,0.0
6,62,final_coverage,4,0.0,0.0
6,63,final_coverage,4,0.0,0.0
6,64,final_coverage,4,0.0,0.0
6,65,final_coverage,4,0.0,0.0
6,66,final_coverage,4,0.0,0.0
6,67,final_coverage,4,0.0,0.0
6,68,final_coverage,4,0.0,0.0
6,69,final_coverage,4,0.0,0.0
6,70,final_coverage,4,0.0,0.0
6,71,final_coverage,4,0.0,0.0
6,72,final_coverage,4,0.0,0.0
6,73,final_coverage,4,0.0,0.0
6,74,final_coverage,4,0.0,0.0
6,75,final_coverage,4,0.0,0.0
6,76,final_coverage,4,0.0,0.0
6,77,final_coverage,4,0.0,0.0
6,78,final_coverage,4,0.0,0.0
6,79,final_coverage,4,0.0,0.0
6,80,final_coverage,4,0.0,0.0
6,81,final_coverage,4,0.0,0.0
6,82,final_coverage,4,0.0,0.0
6,83,final_coverage,4,0.0,0.0
6,84,final_coverage,4,0.0,0.0
6,85,final_coverage,4,0.0,0.0
6,86,final_coverage,4,0.0,0.0
6,87,final_coverage,4,0.0,0.0
6,88,final_coverage,4,0.0,0.0
6,89,final_coverage,4,0.0,0.0
6,90,final_coverage,4,0.0,0.0
6,91,final_coverage,4,0.0,0.0
6,92,final_coverage,4,0.0,0.0
6,93,final_coverage,4,0.0,0.0
6,94,final_coverage,4,0.0,0.0
6,95,final_coverage,4,0.0,0.0
6,96,final_coverage,4,0.0,0.0
6,97,final_coverage,4,0.0,0.0
6,98,final_coverage,4,0.0,0.0
6,99,final_coverage,4,0.0,0.0
6,0,coverage_auc,4,0.0,0.0
6,1,coverage_auc,4,0.0,0.0
6,2,coverage_auc,4,0.0,0.0
6,3,coverage_auc,4,0.0,0.0
6,4,coverage_auc,4,0.0,0.0
6,5,coverage_auc,4,0.0,0.0
6,6,coverage_auc,4,0.0,0.0
6,7,coverage_auc,4,0.0,0.0
6,8,coverage_auc,4,0.0,0.0
6,9,coverage_auc,4,0.0,0.0
6,10,coverage_auc,4,0.0,0.0
6,11,coverage_auc,4,0.0,0.0
6,12,coverage_auc,4,0.0,0.0
6,13,coverage_auc,4,0.0,0.0
6,14,coverage_auc,4,0.0,0.0
6,15,coverage_auc,4,0.0,0.0
6,16,coverage_auc,4,0.0,0.0
6,17,coverage_auc,4,0.0,0.0
6,18,coverage_auc,4,0.0,0.0
6,19,coverage_auc,4,0.0,0.0
6,20,coverage_auc,4,0.0,0.0
6,21,coverage_auc,4,0.0,0.0
6,22,coverage_auc,4,0.0,0.0
6,23,coverage_auc,4,0.0,0.0
6,24,coverage_auc,4,0.0,0.0
6,25,coverage_auc,4,0.0,0.0
6,26,coverage_auc,4,0.0,0.0
6,27,coverage_auc,4,0.0,0.0
6,28,coverage_auc,4,0.0,0.0
6,29,coverage_auc,4,0.0,0.0
6,30,coverage_auc,4,0.0,0.0
6,31,coverage_auc,4,0.0,0.0
6,32,coverage_auc,4,0.0,0.0
6,33,coverage_auc,4,0.0,0.0
6,34,coverage_auc,4,0.0,0.0
6,35,coverage_auc,4,0.0,0.0
6,36,coverage_auc,4,0.0,0.0
6,37,coverage_auc,4,0.0,0.0
6,38,coverage_auc,4,0.0,0.0
6,39,coverage_auc,4,0.0,0.0
6,40,coverage_auc,4,0.0,0.0
6,41,coverage_auc,4,0.0,0.0
6,42,coverage_auc,4,0.0,0.0
6,43,coverage_auc,4,0.0,0.0
6,44,coverage_auc,4,0.0,0.0
6,45,coverage_auc,4,0.0,0.0
6,46,coverage_auc,4,0.0,0.0
6,47,coverage_auc,4,0.0,0.0
6,48,coverage_auc,4,0.0,0.0
6,49,coverage_auc,4,0.0,0.0
6,50,coverage_auc,4,0.0,0.0
6,51,coverage_auc,4,0.0,0.0
6,52,coverage_auc,4,0.0,0.0
6,53,coverage_auc,4,0.0,0.0
6,54,coverage_auc,4,0.0,0.0
6,55,coverage_auc,4,0.0,0.0
6,56,coverage_auc,4,0.0,0.0
6,57,coverage_auc,4,0.0,0.0
6,58,coverage_auc,4,0.0,0.0
6,59,coverage_auc,4,0.0,0.0
6,60,coverage_auc,4,0.0,0.0
6,61,coverage_auc,4,0.0,0.0
6,62,coverage_auc,4,0.0,0.0
6,63,coverage_auc,4,0.0,0.0
6,64,coverage_auc,4,0.0,0.0
6,65,coverage_auc,4,0.0,0.0
6,66,coverage_auc,4,0.0,0.0
6,67,coverage_auc,4,0.0,0.0
6,68,coverage_auc,4,0.0,0.0
6,69,coverage_auc,4,0.0,0.0
6,70,coverage_auc,4,0.0,0.0
6,71,coverage_auc,4,0.0,0.0
6,72,coverage_auc,4,0.0,0.0
6,73,coverage_auc,4,0.0,0.0
6,74,coverage_auc,4,0.0,0.0
6,75,coverage_auc,4,0.0,0.0
6,76,coverage_auc,4,0.0,0.0
6,77,coverage_auc,4,0.0,0.0
6,78,coverage_auc,4,0.0,0.0
6,79,coverage_auc,4,0.0,0.0
6,80,coverage_auc,4,0.0,0.0
6,81,coverage_auc,4,0.0,0.0
6,82,coverage_auc,4,0.0,0.0
6,83,coverage_auc,4,0.0,0.0
6,84,coverage_auc,4,0.0,0.0
6,85,coverage_auc,4,0.0,0.0
6,86,coverage_auc,4,0.0,0.0
6,87,coverage_auc,4,0.0,0.0
6,88,coverage_auc,4,0.0,0.0
6,89,coverage_auc,4,0.0,0.0
6,90,coverage_auc,4,0.0,0.0
6,91,coverage_auc,4,0.0,0.0
6,92,coverage_auc,4,0.0,0.0
6,93,coverage_auc,4,0.0,0.0
6,94,coverage_auc,4,0.0,0.0
6,95,coverage_auc,4,0.0,0.0
6,96,coverage_auc,4,0.0,0.0
6,97,coverage_auc,4,0.0,0.0
6,98,coverage_auc,4,0.0,0.0
6,99,coverage_auc,4,0.0,0.0
6,0,mean_robot_map_free_iou,4,0.0,0.0
6,1,mean_robot_map_free_iou,4,0.0,0.0
6,2,mean_robot_map_free_iou,4,0.0,0.0
6,3,mean_robot_map_free_iou,4,0.0,0.0
6,4,mean_robot_map_free_iou,4,0.0,0.0
6,5,mean_robot_map_free_iou,4,0.0,0.0
6,6,mean_robot_map_free_iou,4,0.0,0.0
6,7,mean_robot_map_free_iou,4,0.0,0.0
6,8,mean_robot_map_free_iou,4,0.0,0.0
6,9,mean_robot_map_free_iou,4,0.0,0.0
6,10,mean_robot_map_free_iou,4,0.0,0.0
6,11,mean_robot_map_free_iou,4,0.0,0.0
6,12,mean_robot_map_free_iou,4,0.0,0.0
6,13,mean_robot_map_free_iou,4,0.0,0.0
6,14,mean_robot_map_free_iou,4,0.0,0.0
6,15,mean_robot_map_free_iou,4,0.0,0.0
6,16,mean_robot_map_free_iou,4,0.0,0.0
6,17,mean_robot_map_free_iou,4,0.0,0.0
6,18,mean_robot_map_free_iou,4,0.0,0.0
6,19,mean_robot_map_free_iou,4,0.0,0.0
6,20,mean_robot_map_free_iou,4,0.0,0.0
6,21,mean_robot_map_free_iou,4,0.0,0.0
6,22,mean_robot_map_free_iou,4,0.0,0.0
6,23,mean_robot_map_free_iou,4,0.0,0.0
6,24,mean_robot_map_free_iou,4,0.0,0.0
6,25,mean_robot_map_free_iou,4,0.0,0.0
6,26,mean_robot_map_free_iou,4,0.0,0.0
6,27,mean_robot_map_free_iou,4,0.0,0.0
6,28,mean_robot_map_free_iou,4,0.0,0.0
6,29,mean_robot_map_free_iou,4,0.0,0.0
6,30,mean_robot_map_free_iou,4,0.0,0.0
6,31,mean_robot_map_free_iou,4,0.0,0.0
6,32,mean_robot_map_free_iou,4,0.0,0.0
6,33,mean_robot_map_free_iou,4,0.0,0.0
6,34,mean_robot_map_free_iou,4,0.0,0.0
6,35,mean_robot_map_free_iou,4,0.0,0.0
6,36,mean_robot_map_free_iou,4,0.0,0.0
6,37,mean_robot_map_free_iou,4,0.0,0.0
6,38,mean_robot_map_free_iou,4,0.0,0.0
6,39,mean_robot_map_free_iou,4,0.0,0.0
6,40,mean_robot_map_free_iou,4,0.0,0.0
6,41,mean_robot_map_free_iou,4,0.0,0.0
6,42,mean_robot_map_free_iou,4,0.0,0.0
6,43,mean_robot_map_free_iou,4,0.0,0.0
6,44,mean_robot_map_free_iou,4,0.0,0.0
6,45,mean_robot_map_free_iou,4,0.0,0.0
6,46,mean_robot_map_free_iou,4,0.0,0.0
6,47,mean_robot_map_free_iou,4,0.0,0.0
6,48,mean_robot_map_free_iou,4,0.0,0.0
6,49,mean_robot_map_free_iou,4,0.0,0.0
6,50,mean_robot_map_free_iou,4,0.0,0.0
6,51,mean_robot_map_free_iou,4,0.0,0.0
6,52,mean_robot_map_free_iou,4,0.0,0.0
6,53,mean_robot_map_free_iou,4,0.0,0.0
6,54,mean_robot_map_free_iou,4,0.0,0.0
6,55,mean_robot_map_free_iou,4,0.0,0.0
6,56,mean_robot_map_free_iou,4,0.0,0.0
6,57,mean_robot_map_free_iou,4,0.0,0.0
6,58,mean_robot_map_free_iou,4,0.0,0.0
6,59,mean_robot_map_free_iou,4,0.0,0.0
6,60,mean_robot_map_free_iou,4,0.0,0.0
6,61,mean_robot_map_free_iou,4,0.0,0.0
6,62,mean_robot_map_free_iou,4,0.0,0.0
6,63,mean_robot_map_free_iou,4,0.0,0.0
6,64,mean_robot_map_free_iou,4,0.0,0.0
6,65,mean_robot_map_free_iou,4,0.0,0.0
6,66,mean_robot_map_free_iou,4,0.0,0.0
6,67,mean_robot_map_free_iou,4,0.0,0.0
6,68,mean_robot_map_free_iou,4,0.0,0.0
6,69,mean_robot_map_free_iou,4,0.0,0.0
6,70,mean_robot_map_free_iou,4,0.0,0.0
6,71,mean_robot_map_free_iou,4,0.0,0.0
6,72,mean_robot_map_free_iou,4,0.0,0.0
6,73,mean_robot_map_free_iou,4,0.0,0.0
6,74,mean_robot_map_free_iou,4,0.0,0.0
6,75,mean_robot_map_free_iou,4,0.0,0.0
6,76,mean_robot_map_free_iou,4,0.0,0.0
6,77,mean_robot_map_free_iou,4,0.0,0.0
6,78,mean_robot_map_free_iou,4,0.0,0.0
6,79,mean_robot_map_free_iou,4,0.0,0.0
6,80,mean_robot_map_free_iou,4,0.0,0.0
6,81,mean_robot_map_free_iou,4,0.0,0.0
6,82,mean_robot_map_free_iou,4,0.0,0.0
6,83,mean_robot_map_free_iou,4,0.0,0.0
6,84,mean_robot_map_free_iou,4,0.0,0.0
6,85,mean_robot_map_free_iou,4,0.0,0.0
6,86,mean_robot_map_free_iou,4,0.0,0.0
6,87,mean_robot_map_free_iou,4,0.0,0.0
6,88,mean_robot_map_free_iou,4,0.0,0.0
6,89,mean_robot_map_free_iou,4,0.0,0.0
6,90,mean_robot_map_free_iou,4,0.0,0.0
6,91,mean_robot_map_free_iou,4,0.0,0.0
6,92,mean_robot_map_free_iou,4,0.0,0.0
6,93,mean_robot_map_free_iou,4,0.0,0.0
6,94,mean_robot_map_free_iou,4,0.0,0.0
6,95,mean_robot_map_free_iou,4,0.0,0.0
6,96,mean_robot_map_free_iou,4,0.0,0.0
6,97,mean_robot_map_free_iou,4,0.0,0.0
6,98,mean_robot_map_free_iou,4,0.0,0.0
6,99,mean_robot_map_free_iou,4,0.0,0.0
6,0,reached_95_rate,4,0.0,0.0
6,1,reached_95_rate,4,0.0,0.0
6,2,reached_95_rate,4,0.0,0.0
6,3,reached_95_rate,4,0.0,0.0
6,4,reached_95_rate,4,0.0,0.0
6,5,reached_95_rate,4,0.0,0.0
6,6,reached_95_rate,4,0.0,0.0
6,7,reached_95_rate,4,0.0,0.0
6,8,reached_95_rate,4,0.0,0.0
6,9,reached_95_rate,4,0.0,0.0
6,10,reached_95_rate,4,0.0,0.0
6,11,reached_95_rate,4,0.0,0.0
6,12,reached_95_rate,4,0.0,0.0
6,13,reached_95_rate,4,0.0,0.0
6,14,reached_95_rate,4,0.0,0.0
6,15,reached_95_rate,4,0.0,0.0
6,16,reached_95_rate,4,0.0,0.0
6,17,reached_95_rate,4,0.0,0.0
6,18,reached_95_rate,4,0.0,0.0
6,19,reached_95_rate,4,0.0,0.0
6,20,reached_95_rate,4,0.0,0.0
6,21,reached_95_rate,4,0.0,0.0
6,22,reached_95_rate,4,0.0,0.0
6,23,reached_95_rate,4,0.0,0.0
6,24,reached_95_rate,4,0.0,0.0
6,25,reached_95_rate,4,0.0,0.0
6,26,reached_95_rate,4,0.0,0.0
6,27,reached_95_rate,4,0.0,0.0
6,28,reached_95_rate,4,0.0,0.0
6,29,reached_95_rate,4,0.0,0.0
6,30,reached_95_rate,4,0.0,0.0
6,31,reached_95_rate,4,0.0,0.0
6,32,reached_95_rate,4,0.0,0.0
6,33,reached_95_rate,4,0.0,0.0
6,34,reached_95_rate,4,0.0,0.0
6,35,reached_95_rate,4,0.0,0.0
6,36,reached_95_rate,4,0.0,0.0
6,37,reached_95_rate,4,0.0,0.0
6,38,reached_95_rate,4,0.0,0.0
6,39,reached_95_rate,4,0.0,0.0
6,40,reached_95_rate,4,0.0,0.0
6,41,reached_95_rate,4,0.0,0.0
6,42,reached_95_rate,4,0.0,0.0
6,43,reached_95_rate,4,0.0,0.0
6,44,reached_95_rate,4,0.0,0.0
6,45,reached_95_rate,4,0.0,0.0
6,46,reached_95_rate,4,0.0,0.0
6,47,reached_95_rate,4,0.0,0.0
6,48,reached_95_rate,4,0.0,0.0
6,49,reached_95_rate,4,0.0,0.0
6,50,reached_95_rate,4,0.0,0.0
6,51,reached_95_rate,4,0.0,0.0
6,52,reached_95_rate,4,0.0,0.0
6,53,reached_95_rate,4,0.0,0.0
6,54,reached_95_rate,4,0.0,0.0
6,55,reached_95_rate,4,0.0,0.0
6,56,reached_95_rate,4,0.0,0.0
6,57,reached_95_rate,4,0.0,0.0
6,58,reached_95_rate,4,0.0,0.0
6,59,reached_95_rate,4,0.0,0.0
6,60,reached_95_rate,4,0.0,0.0
6,61,reached_95_rate,4,0.0,0.0
6,62,reached_95_rate,4,0.0,0.0
6,63,reached_95_rate,4,0.0,0.0
6,64,reached_95_rate,4,0.0,0.0
6,65,reached_95_rate,4,0.0,0.0
6,66,reached_95_rate,4,0.0,0.0
6,67,reached_95_rate,4,0.0,0.0
6,68,reached_95_rate,4,0.0,0.0
6,69,reached_95_rate,4,0.0,0.0
6,70,reached_95_rate,4,0.0,0.0
6,71,reached_95_rate,4,0.0,0.0
6,72,reached_95_rate,4,0.0,0.0
6,73,reached_95_rate,4,0.0,0.0
6,74,reached_95_rate,4,0.0,0.0
6,75,reached_95_rate,4,0.0,0.0
6,76,reached_95_rate,4,0.0,0.0
6,77,reached_95_rate,4,0.0,0.0
6,78,reached_95_rate,4,0.0,0.0
6,79,reached_95_rate,4,0.0,0.0
6,80,reached_95_rate,4,0.0,0.0
6,81,reached_95_rate,4,0.0,0.0
6,82,reached_95_rate,4,0.0,0.0
6,83,reached_95_rate,4,0.0,0.0
6,84,reached_95_rate,4,0.0,0.0
6,85,reached_95_rate,4,0.0,0.0
6,86,reached_95_rate,4,0.0,0.0
6,87,reached_95_rate,4,0.0,0.0
6,88,reached_95_rate,4,0.0,0.0
6,89,reached_95_rate,4,0.0,0.0
6,90,reached_95_rate,4,0.0,0.0
6,91,reached_95_rate,4,0.0,0.0
6,92,reached_95_rate,4,0.0,0.0
6,93,reached_95_rate,4,0.0,0.0
6,94,reached_95_rate,4,0.0,0.0
6,95,reached_95_rate,4,0.0,0.0
6,96,reached_95_rate,4,0.0,0.0
6,97,reached_95_rate,4,0.0,0.0
6,98,reached_95_rate,4,0.0,0.0
6,99,reached_95_rate,4,0.0,0.0
6,0,steps_to_95_conditional,4,0.0,0.0
6,1,steps_to_95_conditional,4,0.0,0.0
6,2,steps_to_95_conditional,4,0.0,0.0
6,3,steps_to_95_conditional,4,0.0,0.0
6,4,steps_to_95_conditional,4,0.0,0.0
6,5,steps_to_95_conditional,4,0.0,0.0
6,6,steps_to_95_conditional,4,0.0,0.0
6,7,steps_to_95_conditional,4,0.0,0.0
6,8,steps_to_95_conditional,4,0.0,0.0
6,9,steps_to_95_conditional,4,0.0,0.0
6,10,steps_to_95_conditional,4,0.0,0.0
6,11,steps_to_95_conditional,4,0.0,0.0
6,12,steps_to_95_conditional,4,0.0,0.0
6,13,steps_to_95_conditional,4,0.0,0.0
6,14,steps_to_95_conditional,4,0.0,0.0
6,15,steps_to_95_conditional,4,0.0,0.0
6,16,steps_to_95_conditional,4,0.0,0.0
6,17,steps_to_95_conditional,4,0.0,0.0
6,18,steps_to_95_conditional,4,0.0,0.0
6,19,steps_to_95_conditional,4,0.0,0.0
6,20,steps_to_95_conditional,4,0.0,0.0
6,21,steps_to_95_conditional,4,0.0,0.0
6,22,steps_to_95_conditional,4,0.0,0.0
6,23,steps_to_95_conditional,4,0.0,0.0
6,24,steps_to_95_conditional,4,0.0,0.0
6,25,steps_to_95_conditional,4,0.0,0.0
6,26,steps_to_95_conditional,4,0.0,0.0
6,27,steps_to_95_conditional,4,0.0,0.0
6,28,steps_to_95_conditional,4,0.0,0.0
6,29,steps_to_95_conditional,4,0.0,0.0
6,30,steps_to_95_conditional,4,0.0,0.0
6,31,steps_to_95_conditional,4,0.0,0.0
6,32,steps_to_95_conditional,4,0.0,0.0
6,33,steps_to_95_conditional,4,0.0,0.0
6,34,steps_to_95_conditional,4,0.0,0.0
6,35,steps_to_95_conditional,4,0.0,0.0
6,36,steps_to_95_conditional,4,0.0,0.0
6,37,steps_to_95_conditional,4,0.0,0.0
6,38,steps_to_95_conditional,4,0.0,0.0
6,39,steps_to_95_conditional,4,0.0,0.0
6,40,steps_to_95_conditional,4,0.0,0.0
6,41,steps_to_95_conditional,4,0.0,0.0
6,42,steps_to_95_conditional,4,0.0,0.0
6,43,steps_to_95_conditional,4,0.0,0.0
6,44,steps_to_95_conditional,4,0.0,0.0
6,45,steps_to_95_conditional,4,0.0,0.0
6,46,steps_to_95_conditional,4,0.0,0.0
6,47,steps_to_95_conditional,4,0.0,0.0
6,48,steps_to_95_conditional,4,0.0,0.0
6,49,steps_to_95_conditional,4,0.0,0.0
6,50,steps_to_95_conditional,4,0.0,0.0
6,51,steps_to_95_conditional,4,0.0,0.0
6,52,steps_to_95_conditional,4,0.0,0.0
6,53,steps_to_95_conditional,4,0.0,0.0
6,54,steps_to_95_conditional,4,0.0,0.0
6,55,steps_to_95_conditional,4,0.0,0.0
6,56,steps_to_95_conditional,4,0.0,0.0
6,57,steps_to_95_conditional,4,0.0,0.0
6,58,steps_to_95_conditional,4,0.0,0.0
6,59,steps_to_95_conditional,4,0.0,0.0
6,60,steps_to_95_conditional,4,0.0,0.0
6,61,steps_to_95_conditional,4,0.0,0.0
6,62,steps_to_95_conditional,4,0.0,0.0
6,63,steps_to_95_conditional,4,0.0,0.0
6,64,steps_to_95_conditional,4,0.0,0.0
6,65,steps_to_95_conditional,4,0.0,0.0
6,66,steps_to_95_conditional,4,0.0,0.0
6,67,steps_to_95_conditional,4,0.0,0.0
6,68,steps_to_95_conditional,4,0.0,0.0
6,69,steps_to_95_conditional,4,0.0,0.0
6,70,steps_to_95_conditional,4,0.0,0.0
6,71,steps_to_95_conditional,4,0.0,0.0
6,72,steps_to_95_conditional,4,0.0,0.0
6,73,steps_to_95_conditional,4,0.0,0.0
6,74,steps_to_95_conditional,4,0.0,0.0
6,75,steps_to_95_conditional,4,0.0,0.0
6,76,steps_to_95_conditional,4,0.0,0.0
6,77,steps_to_95_conditional,4,0.0,0.0
6,78,steps_to_95_conditional,4,0.0,0.0
6,79,steps_to_95_conditional,4,0.0,0.0
6,80,steps_to_95_conditional,4,0.0,0.0
6,81,steps_to_95_conditional,4,0.0,0.0
6,82,steps_to_95_conditional,4,0.0,0.0
6,83,steps_to_95_conditional,4,0.0,0.0
6,84,steps_to_95_conditional,4,0.0,0.0
6,85,steps_to_95_conditional,4,0.0,0.0
6,86,steps_to_95_conditional,4,0.0,0.0
6,87,steps_to_95_conditional,4,0.0,0.0
6,88,steps_to_95_conditional,4,0.0,0.0
6,89,steps_to_95_conditional,4,0.0,0.0
6,90,steps_to_95_conditional,4,0.0,0.0
6,91,steps_to_95_conditional,4,0.0,0.0
6,92,steps_to_95_conditional,4,0.0,0.0
6,93,steps_to_95_conditional,4,0.0,0.0
6,94,steps_to_95_conditional,4,0.0,0.0
6,95,steps_to_95_conditional,4,0.0,0.0
6,96,steps_to_95_conditional,4,0.0,0.0
6,97,steps_to_95_conditional,4,0.0,0.0
6,98,steps_to_95_conditional,4,0.0,0.0
6,99,steps_to_95_conditional,4,0.0,0.0
6,0,map_payload_kib,4,-428.01513671875,-458.57421875
6,1,map_payload_kib,4,-435.12451171875,-55.3076171875
6,2,map_payload_kib,4,-2436.2255859375,-2257.36328125
6,3,map_payload_kib,4,-1506.171875,-817.1728515625
6,4,map_payload_kib,4,-2770.28564453125,-1152.5537109375
6,5,map_payload_kib,4,-1267.3681640625,-1117.51953125
6,6,map_payload_kib,4,-826.84326171875,-495.712890625
6,7,map_payload_kib,4,-1919.521484375,-1654.853515625
6,8,map_payload_kib,4,-2101.06201171875,-1940.3466796875
6,9,map_payload_kib,4,-1355.36376953125,-505.3271484375
6,10,map_payload_kib,4,-4231.30859375,-2600.947265625
6,11,map_payload_kib,4,-1537.9931640625,-1527.24609375
6,12,map_payload_kib,4,-1775.86669921875,-2005.7958984375
6,13,map_payload_kib,4,-699.95849609375,-687.8173828125
6,14,map_payload_kib,4,-1029.501953125,-735.3662109375
6,15,map_payload_kib,4,-3749.58251953125,-3393.720703125
6,16,map_payload_kib,4,-1690.50048828125,-1924.677734375
6,17,map_payload_kib,4,-1120.40283203125,-806.2255859375
6,18,map_payload_kib,4,-3767.89306640625,-3506.6796875
6,19,map_payload_kib,4,-1510.99853515625,-1329.248046875
6,20,map_payload_kib,4,-2212.158203125,-1738.5302734375
6,21,map_payload_kib,4,-1554.951171875,-967.4755859375
6,22,map_payload_kib,4,-1637.9736328125,-564.658203125
6,23,map_payload_kib,4,-50.68115234375,-41.0595703125
6,24,map_payload_kib,4,-3550.49560546875,-3570.33203125
6,25,map_payload_kib,4,-3510.41748046875,-1362.4658203125
6,26,map_payload_kib,4,-2903.66943359375,-2960.791015625
6,27,map_payload_kib,4,-4337.08984375,-1926.4404296875
6,28,map_payload_kib,4,-4873.7109375,-4537.32421875
6,29,map_payload_kib,4,-818.64990234375,-719.3212890625
6,30,map_payload_kib,4,-7566.34033203125,-6286.4013671875
6,31,map_payload_kib,4,-2959.30419921875,-3296.9140625
6,32,map_payload_kib,4,-5049.35546875,-4117.28515625
6,33,map_payload_kib,4,-1805.84228515625,-1860.9765625
6,34,map_payload_kib,4,-2884.33349609375,-3333.5595703125
6,35,map_payload_kib,4,-1575.3759765625,-1686.7822265625
6,36,map_payload_kib,4,-6243.44970703125,-3936.8017578125
6,37,map_payload_kib,4,-1872.197265625,-1228.9404296875
6,38,map_payload_kib,4,-1260.79833984375,-202.763671875
6,39,map_payload_kib,4,-1974.6875,-1683.076171875
6,40,map_payload_kib,4,-1279.09423828125,-1120.15625
6,41,map_payload_kib,4,-3038.798828125,-2195.7763671875
6,42,map_payload_kib,4,-4139.04052734375,-2549.39453125
6,43,map_payload_kib,4,-3304.79248046875,-1021.62109375
6,44,map_payload_kib,4,-1213.42529296875,-587.8173828125
6,45,map_payload_kib,4,-1801.0791015625,-1902.9443359375
6,46,map_payload_kib,4,-3635.7421875,-2851.11328125
6,47,map_payload_kib,4,-853.0810546875,-1028.330078125
6,48,map_payload_kib,4,-3650.849609375,-3884.677734375
6,49,map_payload_kib,4,-2010.59814453125,-1713.10546875
6,50,map_payload_kib,4,-229.30908203125,-283.73046875
6,51,map_payload_kib,4,-2942.6904296875,-2992.080078125
6,52,map_payload_kib,4,-188.994140625,-203.681640625
6,53,map_payload_kib,4,-3661.6357421875,-3248.6962890625
6,54,map_payload_kib,4,-1173.05908203125,-996.30859375
6,55,map_payload_kib,4,-2350.6298828125,-2311.4501953125
6,56,map_payload_kib,4,-1658.271484375,-722.9833984375
6,57,map_payload_kib,4,-3649.8828125,-3249.0771484375
6,58,map_payload_kib,4,-774.0966796875,-857.1533203125
6,59,map_payload_kib,4,-1030.86669921875,-841.1572265625
6,60,map_payload_kib,4,-1573.22265625,-1195.1953125
6,61,map_payload_kib,4,-2354.482421875,-2433.0712890625
6,62,map_payload_kib,4,-2545.61767578125,-1344.19921875
6,63,map_payload_kib,4,-912.548828125,-886.318359375
6,64,map_payload_kib,4,-2825.72265625,-1679.8486328125
6,65,map_payload_kib,4,-2526.767578125,-1965.09765625
6,66,map_payload_kib,4,-2666.875,-1911.7626953125
6,67,map_payload_kib,4,-1074.814453125,-1156.8115234375
6,68,map_payload_kib,4,-5255.7275390625,-4855.9716796875
6,69,map_payload_kib,4,-1312.52197265625,-929.296875
6,70,map_payload_kib,4,-1200.07568359375,-794.3359375
6,71,map_payload_kib,4,-967.822265625,-705.0341796875
6,72,map_payload_kib,4,-1536.15234375,-980.888671875
6,73,map_payload_kib,4,-530.93994140625,-521.54296875
6,74,map_payload_kib,4,-1758.19580078125,-440.2392578125
6,75,map_payload_kib,4,-1940.87158203125,-1050.693359375
6,76,map_payload_kib,4,-4837.607421875,-4593.955078125
6,77,map_payload_kib,4,-1531.83349609375,-1284.6142578125
6,78,map_payload_kib,4,-3543.642578125,-2377.4951171875
6,79,map_payload_kib,4,-1597.21923828125,-957.5927734375
6,80,map_payload_kib,4,-908.2421875,-1134.580078125
6,81,map_payload_kib,4,-514.833984375,-571.8408203125
6,82,map_payload_kib,4,-1830.10009765625,-730.17578125
6,83,map_payload_kib,4,-1082.22900390625,-1029.228515625
6,84,map_payload_kib,4,-1084.03076171875,-918.0712890625
6,85,map_payload_kib,4,-2249.02099609375,-1817.490234375
6,86,map_payload_kib,4,-4664.68994140625,-5259.951171875
6,87,map_payload_kib,4,-891.02294921875,-795.0048828125
6,88,map_payload_kib,4,-2327.0849609375,-2059.66796875
6,89,map_payload_kib,4,-2008.35693359375,-1642.3291015625
6,90,map_payload_kib,4,-1129.9072265625,-1156.9873046875
6,91,map_payload_kib,4,-2391.5283203125,-1695.947265625
6,92,map_payload_kib,4,-1691.650390625,-1230.5908203125
6,93,map_payload_kib,4,-3052.63427734375,-2577.6513671875
6,94,map_payload_kib,4,-1540.31005859375,-1135.5126953125
6,95,map_payload_kib,4,-939.81201171875,-353.4033203125
6,96,map_payload_kib,4,-737.70751953125,-269.12109375
6,97,map_payload_kib,4,-2686.17431640625,-2326.0986328125
6,98,map_payload_kib,4,-2463.86474609375,-2264.1650390625
6,99,map_payload_kib,4,-1964.04296875,-1901.3232421875
6,0,map_payload_kib_per_robot,4,-71.33585611979166,-76.42903645833333
6,1,map_payload_kib_per_robot,4,-72.52075195312499,-9.217936197916666
6,2,map_payload_kib_per_robot,4,-406.03759765625,-376.22721354166663
6,3,map_payload_kib_per_robot,4,-251.02864583333331,-136.19547526041666
6,4,map_payload_kib_per_robot,4,-461.7142740885417,-192.09228515625
6,5,map_payload_kib_per_robot,4,-211.22802734375,-186.25325520833331
6,6,map_payload_kib_per_robot,4,-137.80721028645834,-82.61881510416666
6,7,map_payload_kib_per_robot,4,-319.9202473958333,-275.80891927083337
6,8,map_payload_kib_per_robot,4,-350.177001953125,-323.39111328125
6,9,map_payload_kib_per_robot,4,-225.89396158854166,-84.22119140625001
6,10,map_payload_kib_per_robot,4,-705.2180989583334,-433.4912109375
6,11,map_payload_kib_per_robot,4,-256.3321940104167,-254.541015625
6,12,map_payload_kib_per_robot,4,-295.977783203125,-334.29931640624994
6,13,map_payload_kib_per_robot,4,-116.65974934895833,-114.63623046875
6,14,map_payload_kib_per_robot,4,-171.58365885416669,-122.56103515625
6,15,map_payload_kib_per_robot,4,-624.930419921875,-565.6201171875
6,16,map_payload_kib_per_robot,4,-281.7500813802083,-320.7796223958333
6,17,map_payload_kib_per_robot,4,-186.73380533854166,-134.37093098958334
6,18,map_payload_kib_per_robot,4,-627.982177734375,-584.4466145833333
6,19,map_payload_kib_per_robot,4,-251.83308919270831,-221.54134114583331
6,20,map_payload_kib_per_robot,4,-368.6930338541667,-289.7550455729167
6,21,map_payload_kib_per_robot,4,-259.1585286458333,-161.24593098958334
6,22,map_payload_kib_per_robot,4,-272.99560546875006,-94.10970052083333
6,23,map_payload_kib_per_robot,4,-8.446858723958334,-6.84326171875
6,24,map_payload_kib_per_robot,4,-591.7492675781251,-595.0553385416667
6,25,map_payload_kib_per_robot,4,-585.069580078125,-227.07763671874997
6,26,map_payload_kib_per_robot,4,-483.94490559895826,-493.46516927083337
6,27,map_payload_kib_per_robot,4,-722.8483072916667,-321.0734049479167
6,28,map_payload_kib_per_robot,4,-812.28515625,-756.220703125
6,29,map_payload_kib_per_robot,4,-136.441650390625,-119.88688151041669
6,30,map_payload_kib_per_robot,4,-1261.0567220052083,-1047.7335611979165
6,31,map_payload_kib_per_robot,4,-493.21736653645837,-549.4856770833333
6,32,map_payload_kib_per_robot,4,-841.5592447916666,-686.2141927083333
6,33,map_payload_kib_per_robot,4,-300.97371419270837,-310.1627604166667
6,34,map_payload_kib_per_robot,4,-480.72224934895837,-555.59326171875
6,35,map_payload_kib_per_robot,4,-262.56266276041663,-281.13037109375
6,36,map_payload_kib_per_robot,4,-1040.574951171875,-656.1336263020833
6,37,map_payload_kib_per_robot,4,-312.0328776041667,-204.82340494791669
6,38,map_payload_kib_per_robot,4,-210.133056640625,-33.79394531249999
6,39,map_payload_kib_per_robot,4,-329.1145833333333,-280.5126953125
6,40,map_payload_kib_per_robot,4,-213.182373046875,-186.69270833333334
6,41,map_payload_kib_per_robot,4,-506.4664713541667,-365.9627278645833
6,42,map_payload_kib_per_robot,4,-689.840087890625,-424.89908854166663
6,43,map_payload_kib_per_robot,4,-550.7987467447916,-170.27018229166666
6,44,map_payload_kib_per_robot,4,-202.237548828125,-97.96956380208333
6,45,map_payload_kib_per_robot,4,-300.1798502604167,-317.1573893229167
6,46,map_payload_kib_per_robot,4,-605.95703125,-475.185546875
6,47,map_payload_kib_per_robot,4,-142.18017578125,-171.38834635416666
6,48,map_payload_kib_per_robot,4,-608.4749348958333,-647.4462890625
6,49,map_payload_kib_per_robot,4,-335.0996907552083,-285.517578125
6,50,map_payload_kib_per_robot,4,-38.218180338541664,-47.288411458333336
6,51,map_payload_kib_per_robot,4,-490.44840494791663,-498.6800130208333
6,52,map_payload_kib_per_robot,4,-31.4990234375,-33.946940104166664
6,53,map_payload_kib_per_robot,4,-610.2726236979166,-541.4493815104166
6,54,map_payload_kib_per_robot,4,-195.50984700520834,-166.05143229166669
6,55,map_payload_kib_per_robot,4,-391.7716471354167,-385.24169921875
6,56,map_payload_kib_per_robot,4,-276.3785807291667,-120.49723307291666
6,57,map_payload_kib_per_robot,4,-608.3138020833334,-541.5128580729167
6,58,map_payload_kib_per_robot,4,-129.01611328125,-142.85888671875
6,59,map_payload_kib_per_robot,4,-171.81111653645834,-140.19287109375
6,60,map_payload_kib_per_robot,4,-262.2037760416667,-199.19921875000003
6,61,map_payload_kib_per_robot,4,-392.41373697916663,-405.51188151041663
6,62,map_payload_kib_per_robot,4,-424.2696126302083,-224.033203125
6,63,map_payload_kib_per_robot,4,-152.09147135416669,-147.7197265625
6,64,map_payload_kib_per_robot,4,-470.95377604166663,-279.97477213541663
6,65,map_payload_kib_per_robot,4,-421.12792968750006,-327.5162760416667
6,66,map_payload_kib_per_robot,4,-444.47916666666663,-318.6271158854167
6,67,map_payload_kib_per_robot,4,-179.13574218749997,-192.80192057291666
6,68,map_payload_kib_per_robot,4,-875.95458984375,-809.32861328125
6,69,map_payload_kib_per_robot,4,-218.753662109375,-154.8828125
6,70,map_payload_kib_per_robot,4,-200.01261393229163,-132.38932291666669
6,71,map_payload_kib_per_robot,4,-161.3037109375,-117.50569661458334
6,72,map_payload_kib_per_robot,4,-256.025390625,-163.4814453125
6,73,map_payload_kib_per_robot,4,-88.489990234375,-86.92382812499999
6,74,map_payload_kib_per_robot,4,-293.0326334635417,-73.37320963541666
6,75,map_payload_kib_per_robot,4,-323.47859700520837,-175.11555989583331
6,76,map_payload_kib_per_robot,4,-806.2679036458334,-765.6591796875
6,77,map_payload_kib_per_robot,4,-255.30558268229169,-214.10237630208334
6,78,map_payload_kib_per_robot,4,-590.6070963541666,-396.24918619791663
6,79,map_payload_kib_per_robot,4,-266.2032063802083,-159.59879557291666
6,80,map_payload_kib_per_robot,4,-151.37369791666666,-189.0966796875
6,81,map_payload_kib_per_robot,4,-85.8056640625,-95.30680338541666
6,82,map_payload_kib_per_robot,4,-305.01668294270837,-121.69596354166666
6,83,map_payload_kib_per_robot,4,-180.37150065104169,-171.5380859375
6,84,map_payload_kib_per_robot,4,-180.67179361979169,-153.01188151041666
6,85,map_payload_kib_per_robot,4,-374.83683268229163,-302.9150390625
6,86,map_payload_kib_per_robot,4,-777.4483235677083,-876.6585286458333
6,87,map_payload_kib_per_robot,4,-148.50382486979166,-132.50081380208331
6,88,map_payload_kib_per_robot,4,-387.84749348958337,-343.2779947916667
6,89,map_payload_kib_per_robot,4,-334.7261555989583,-273.72151692708337
6,90,map_payload_kib_per_robot,4,-188.31787109375003,-192.83121744791669
6,91,map_payload_kib_per_robot,4,-398.58805338541663,-282.65787760416663
6,92,map_payload_kib_per_robot,4,-281.9417317708333,-205.09847005208334
6,93,map_payload_kib_per_robot,4,-508.7723795572917,-429.6085611979167
6,94,map_payload_kib_per_robot,4,-256.7183430989583,-189.25211588541669
6,95,map_payload_kib_per_robot,4,-156.63533528645834,-58.90055338541667
6,96,map_payload_kib_per_robot,4,-122.95125325520833,-44.853515625
6,97,map_payload_kib_per_robot,4,-447.6957194010417,-387.68310546875
6,98,map_payload_kib_per_robot,4,-410.6441243489583,-377.36083984375
6,99,map_payload_kib_per_robot,4,-327.34049479166663,-316.88720703125
6,0,communication_packets_recorded,4,0.0,0.0
6,1,communication_packets_recorded,4,0.0,0.0
6,2,communication_packets_recorded,4,0.0,0.0
6,3,communication_packets_recorded,4,0.0,0.0
6,4,communication_packets_recorded,4,0.0,0.0
6,5,communication_packets_recorded,4,0.0,0.0
6,6,communication_packets_recorded,4,0.0,0.0
6,7,communication_packets_recorded,4,0.0,0.0
6,8,communication_packets_recorded,4,0.0,0.0
6,9,communication_packets_recorded,4,0.0,0.0
6,10,communication_packets_recorded,4,0.0,0.0
6,11,communication_packets_recorded,4,0.0,0.0
6,12,communication_packets_recorded,4,0.0,0.0
6,13,communication_packets_recorded,4,0.0,0.0
6,14,communication_packets_recorded,4,0.0,0.0
6,15,communication_packets_recorded,4,0.0,0.0
6,16,communication_packets_recorded,4,0.0,0.0
6,17,communication_packets_recorded,4,0.0,0.0
6,18,communication_packets_recorded,4,0.0,0.0
6,19,communication_packets_recorded,4,0.0,0.0
6,20,communication_packets_recorded,4,0.0,0.0
6,21,communication_packets_recorded,4,0.0,0.0
6,22,communication_packets_recorded,4,0.0,0.0
6,23,communication_packets_recorded,4,0.0,0.0
6,24,communication_packets_recorded,4,0.0,0.0
6,25,communication_packets_recorded,4,0.0,0.0
6,26,communication_packets_recorded,4,0.0,0.0
6,27,communication_packets_recorded,4,0.0,0.0
6,28,communication_packets_recorded,4,0.0,0.0
6,29,communication_packets_recorded,4,0.0,0.0
6,30,communication_packets_recorded,4,0.0,0.0
6,31,communication_packets_recorded,4,0.0,0.0
6,32,communication_packets_recorded,4,0.0,0.0
6,33,communication_packets_recorded,4,0.0,0.0
6,34,communication_packets_recorded,4,0.0,0.0
6,35,communication_packets_recorded,4,0.0,0.0
6,36,communication_packets_recorded,4,0.0,0.0
6,37,communication_packets_recorded,4,0.0,0.0
6,38,communication_packets_recorded,4,0.0,0.0
6,39,communication_packets_recorded,4,0.0,0.0
6,40,communication_packets_recorded,4,0.0,0.0
6,41,communication_packets_recorded,4,0.0,0.0
6,42,communication_packets_recorded,4,0.0,0.0
6,43,communication_packets_recorded,4,0.0,0.0
6,44,communication_packets_recorded,4,0.0,0.0
6,45,communication_packets_recorded,4,0.0,0.0
6,46,communication_packets_recorded,4,0.0,0.0
6,47,communication_packets_recorded,4,0.0,0.0
6,48,communication_packets_recorded,4,0.0,0.0
6,49,communication_packets_recorded,4,0.0,0.0
6,50,communication_packets_recorded,4,0.0,0.0
6,51,communication_packets_recorded,4,0.0,0.0
6,52,communication_packets_recorded,4,0.0,0.0
6,53,communication_packets_recorded,4,0.0,0.0
6,54,communication_packets_recorded,4,0.0,0.0
6,55,communication_packets_recorded,4,0.0,0.0
6,56,communication_packets_recorded,4,0.0,0.0
6,57,communication_packets_recorded,4,0.0,0.0
6,58,communication_packets_recorded,4,0.0,0.0
6,59,communication_packets_recorded,4,0.0,0.0
6,60,communication_packets_recorded,4,0.0,0.0
6,61,communication_packets_recorded,4,0.0,0.0
6,62,communication_packets_recorded,4,0.0,0.0
6,63,communication_packets_recorded,4,0.0,0.0
6,64,communication_packets_recorded,4,0.0,0.0
6,65,communication_packets_recorded,4,0.0,0.0
6,66,communication_packets_recorded,4,0.0,0.0
6,67,communication_packets_recorded,4,0.0,0.0
6,68,communication_packets_recorded,4,0.0,0.0
6,69,communication_packets_recorded,4,0.0,0.0
6,70,communication_packets_recorded,4,0.0,0.0
6,71,communication_packets_recorded,4,0.0,0.0
6,72,communication_packets_recorded,4,0.0,0.0
6,73,communication_packets_recorded,4,0.0,0.0
6,74,communication_packets_recorded,4,0.0,0.0
6,75,communication_packets_recorded,4,0.0,0.0
6,76,communication_packets_recorded,4,0.0,0.0
6,77,communication_packets_recorded,4,0.0,0.0
6,78,communication_packets_recorded,4,0.0,0.0
6,79,communication_packets_recorded,4,0.0,0.0
6,80,communication_packets_recorded,4,0.0,0.0
6,81,communication_packets_recorded,4,0.0,0.0
6,82,communication_packets_recorded,4,0.0,0.0
6,83,communication_packets_recorded,4,0.0,0.0
6,84,communication_packets_recorded,4,0.0,0.0
6,85,communication_packets_recorded,4,0.0,0.0
6,86,communication_packets_recorded,4,0.0,0.0
6,87,communication_packets_recorded,4,0.0,0.0
6,88,communication_packets_recorded,4,0.0,0.0
6,89,communication_packets_recorded,4,0.0,0.0
6,90,communication_packets_recorded,4,0.0,0.0
6,91,communication_packets_recorded,4,0.0,0.0
6,92,communication_packets_recorded,4,0.0,0.0
6,93,communication_packets_recorded,4,0.0,0.0
6,94,communication_packets_recorded,4,0.0,0.0
6,95,communication_packets_recorded,4,0.0,0.0
6,96,communication_packets_recorded,4,0.0,0.0
6,97,communication_packets_recorded,4,0.0,0.0
6,98,communication_packets_recorded,4,0.0,0.0
6,99,communication_packets_recorded,4,0.0,0.0
6,0,packets_per_robot,4,0.0,0.0
6,1,packets_per_robot,4,0.0,0.0
6,2,packets_per_robot,4,0.0,0.0
6,3,packets_per_robot,4,0.0,0.0
6,4,packets_per_robot,4,0.0,0.0
6,5,packets_per_robot,4,0.0,0.0
6,6,packets_per_robot,4,0.0,0.0
6,7,packets_per_robot,4,0.0,0.0
6,8,packets_per_robot,4,0.0,0.0
6,9,packets_per_robot,4,0.0,0.0
6,10,packets_per_robot,4,0.0,0.0
6,11,packets_per_robot,4,0.0,0.0
6,12,packets_per_robot,4,0.0,0.0
6,13,packets_per_robot,4,0.0,0.0
6,14,packets_per_robot,4,0.0,0.0
6,15,packets_per_robot,4,0.0,0.0
6,16,packets_per_robot,4,0.0,0.0
6,17,packets_per_robot,4,0.0,0.0
6,18,packets_per_robot,4,0.0,0.0
6,19,packets_per_robot,4,0.0,0.0
6,20,packets_per_robot,4,0.0,0.0
6,21,packets_per_robot,4,0.0,0.0
6,22,packets_per_robot,4,0.0,0.0
6,23,packets_per_robot,4,0.0,0.0
6,24,packets_per_robot,4,0.0,0.0
6,25,packets_per_robot,4,0.0,0.0
6,26,packets_per_robot,4,0.0,0.0
6,27,packets_per_robot,4,0.0,0.0
6,28,packets_per_robot,4,0.0,0.0
6,29,packets_per_robot,4,0.0,0.0
6,30,packets_per_robot,4,0.0,0.0
6,31,packets_per_robot,4,0.0,0.0
6,32,packets_per_robot,4,0.0,0.0
6,33,packets_per_robot,4,0.0,0.0
6,34,packets_per_robot,4,0.0,0.0
6,35,packets_per_robot,4,0.0,0.0
6,36,packets_per_robot,4,0.0,0.0
6,37,packets_per_robot,4,0.0,0.0
6,38,packets_per_robot,4,0.0,0.0
6,39,packets_per_robot,4,0.0,0.0
6,40,packets_per_robot,4,0.0,0.0
6,41,packets_per_robot,4,0.0,0.0
6,42,packets_per_robot,4,0.0,0.0
6,43,packets_per_robot,4,0.0,0.0
6,44,packets_per_robot,4,0.0,0.0
6,45,packets_per_robot,4,0.0,0.0
6,46,packets_per_robot,4,0.0,0.0
6,47,packets_per_robot,4,0.0,0.0
6,48,packets_per_robot,4,0.0,0.0
6,49,packets_per_robot,4,0.0,0.0
6,50,packets_per_robot,4,0.0,0.0
6,51,packets_per_robot,4,0.0,0.0
6,52,packets_per_robot,4,0.0,0.0
6,53,packets_per_robot,4,0.0,0.0
6,54,packets_per_robot,4,0.0,0.0
6,55,packets_per_robot,4,0.0,0.0
6,56,packets_per_robot,4,0.0,0.0
6,57,packets_per_robot,4,0.0,0.0
6,58,packets_per_robot,4,0.0,0.0
6,59,packets_per_robot,4,0.0,0.0
6,60,packets_per_robot,4,0.0,0.0
6,61,packets_per_robot,4,0.0,0.0
6,62,packets_per_robot,4,0.0,0.0
6,63,packets_per_robot,4,0.0,0.0
6,64,packets_per_robot,4,0.0,0.0
6,65,packets_per_robot,4,0.0,0.0
6,66,packets_per_robot,4,0.0,0.0
6,67,packets_per_robot,4,0.0,0.0
6,68,packets_per_robot,4,0.0,0.0
6,69,packets_per_robot,4,0.0,0.0
6,70,packets_per_robot,4,0.0,0.0
6,71,packets_per_robot,4,0.0,0.0
6,72,packets_per_robot,4,0.0,0.0
6,73,packets_per_robot,4,0.0,0.0
6,74,packets_per_robot,4,0.0,0.0
6,75,packets_per_robot,4,0.0,0.0
6,76,packets_per_robot,4,0.0,0.0
6,77,packets_per_robot,4,0.0,0.0
6,78,packets_per_robot,4,0.0,0.0
6,79,packets_per_robot,4,0.0,0.0
6,80,packets_per_robot,4,0.0,0.0
6,81,packets_per_robot,4,0.0,0.0
6,82,packets_per_robot,4,0.0,0.0
6,83,packets_per_robot,4,0.0,0.0
6,84,packets_per_robot,4,0.0,0.0
6,85,packets_per_robot,4,0.0,0.0
6,86,packets_per_robot,4,0.0,0.0
6,87,packets_per_robot,4,0.0,0.0
6,88,packets_per_robot,4,0.0,0.0
6,89,packets_per_robot,4,0.0,0.0
6,90,packets_per_robot,4,0.0,0.0
6,91,packets_per_robot,4,0.0,0.0
6,92,packets_per_robot,4,0.0,0.0
6,93,packets_per_robot,4,0.0,0.0
6,94,packets_per_robot,4,0.0,0.0
6,95,packets_per_robot,4,0.0,0.0
6,96,packets_per_robot,4,0.0,0.0
6,97,packets_per_robot,4,0.0,0.0
6,98,packets_per_robot,4,0.0,0.0
6,99,packets_per_robot,4,0.0,0.0
6,0,map_retransmission_packets,4,0.0,0.0
6,1,map_retransmission_packets,4,0.0,0.0
6,2,map_retransmission_packets,4,0.0,0.0
6,3,map_retransmission_packets,4,0.0,0.0
6,4,map_retransmission_packets,4,0.0,0.0
6,5,map_retransmission_packets,4,0.0,0.0
6,6,map_retransmission_packets,4,0.0,0.0
6,7,map_retransmission_packets,4,0.0,0.0
6,8,map_retransmission_packets,4,0.0,0.0
6,9,map_retransmission_packets,4,0.0,0.0
6,10,map_retransmission_packets,4,0.0,0.0
6,11,map_retransmission_packets,4,0.0,0.0
6,12,map_retransmission_packets,4,0.0,0.0
6,13,map_retransmission_packets,4,0.0,0.0
6,14,map_retransmission_packets,4,0.0,0.0
6,15,map_retransmission_packets,4,0.0,0.0
6,16,map_retransmission_packets,4,0.0,0.0
6,17,map_retransmission_packets,4,0.0,0.0
6,18,map_retransmission_packets,4,0.0,0.0
6,19,map_retransmission_packets,4,0.0,0.0
6,20,map_retransmission_packets,4,0.0,0.0
6,21,map_retransmission_packets,4,0.0,0.0
6,22,map_retransmission_packets,4,0.0,0.0
6,23,map_retransmission_packets,4,0.0,0.0
6,24,map_retransmission_packets,4,0.0,0.0
6,25,map_retransmission_packets,4,0.0,0.0
6,26,map_retransmission_packets,4,0.0,0.0
6,27,map_retransmission_packets,4,0.0,0.0
6,28,map_retransmission_packets,4,0.0,0.0
6,29,map_retransmission_packets,4,0.0,0.0
6,30,map_retransmission_packets,4,0.0,0.0
6,31,map_retransmission_packets,4,0.0,0.0
6,32,map_retransmission_packets,4,0.0,0.0
6,33,map_retransmission_packets,4,0.0,0.0
6,34,map_retransmission_packets,4,0.0,0.0
6,35,map_retransmission_packets,4,0.0,0.0
6,36,map_retransmission_packets,4,0.0,0.0
6,37,map_retransmission_packets,4,0.0,0.0
6,38,map_retransmission_packets,4,0.0,0.0
6,39,map_retransmission_packets,4,0.0,0.0
6,40,map_retransmission_packets,4,0.0,0.0
6,41,map_retransmission_packets,4,0.0,0.0
6,42,map_retransmission_packets,4,0.0,0.0
6,43,map_retransmission_packets,4,0.0,0.0
6,44,map_retransmission_packets,4,0.0,0.0
6,45,map_retransmission_packets,4,0.0,0.0
6,46,map_retransmission_packets,4,0.0,0.0
6,47,map_retransmission_packets,4,0.0,0.0
6,48,map_retransmission_packets,4,0.0,0.0
6,49,map_retransmission_packets,4,0.0,0.0
6,50,map_retransmission_packets,4,0.0,0.0
6,51,map_retransmission_packets,4,0.0,0.0
6,52,map_retransmission_packets,4,0.0,0.0
6,53,map_retransmission_packets,4,0.0,0.0
6,54,map_retransmission_packets,4,0.0,0.0
6,55,map_retransmission_packets,4,0.0,0.0
6,56,map_retransmission_packets,4,0.0,0.0
6,57,map_retransmission_packets,4,0.0,0.0
6,58,map_retransmission_packets,4,0.0,0.0
6,59,map_retransmission_packets,4,0.0,0.0
6,60,map_retransmission_packets,4,0.0,0.0
6,61,map_retransmission_packets,4,0.0,0.0
6,62,map_retransmission_packets,4,0.0,0.0
6,63,map_retransmission_packets,4,0.0,0.0
6,64,map_retransmission_packets,4,0.0,0.0
6,65,map_retransmission_packets,4,0.0,0.0
6,66,map_retransmission_packets,4,0.0,0.0
6,67,map_retransmission_packets,4,0.0,0.0
6,68,map_retransmission_packets,4,0.0,0.0
6,69,map_retransmission_packets,4,0.0,0.0
6,70,map_retransmission_packets,4,0.0,0.0
6,71,map_retransmission_packets,4,0.0,0.0
6,72,map_retransmission_packets,4,0.0,0.0
6,73,map_retransmission_packets,4,0.0,0.0
6,74,map_retransmission_packets,4,0.0,0.0
6,75,map_retransmission_packets,4,0.0,0.0
6,76,map_retransmission_packets,2,0.0,0.0
6,0,retransmission_rate,4,0.0,0.0
6,1,retransmission_rate,4,0.0,0.0
6,2,retransmission_rate,4,0.0,0.0
6,3,retransmission_rate,4,0.0,0.0
6,4,retransmission_rate,4,0.0,0.0
6,5,retransmission_rate,4,0.0,0.0
6,6,retransmission_rate,4,0.0,0.0
6,7,retransmission_rate,4,0.0,0.0
6,8,retransmission_rate,4,0.0,0.0
6,9,retransmission_rate,4,0.0,0.0
6,10,retransmission_rate,4,0.0,0.0
6,11,retransmission_rate,4,0.0,0.0
6,12,retransmission_rate,4,0.0,0.0
6,13,retransmission_rate,4,0.0,0.0
6,14,retransmission_rate,4,0.0,0.0
6,15,retransmission_rate,4,0.0,0.0
6,16,retransmission_rate,4,0.0,0.0
6,17,retransmission_rate,4,0.0,0.0
6,18,retransmission_rate,4,0.0,0.0
6,19,retransmission_rate,4,0.0,0.0
6,20,retransmission_rate,4,0.0,0.0
6,21,retransmission_rate,4,0.0,0.0
6,22,retransmission_rate,4,0.0,0.0
6,23,retransmission_rate,4,0.0,0.0
6,24,retransmission_rate,4,0.0,0.0
6,25,retransmission_rate,4,0.0,0.0
6,26,retransmission_rate,4,0.0,0.0
6,27,retransmission_rate,4,0.0,0.0
6,28,retransmission_rate,4,0.0,0.0
6,29,retransmission_rate,4,0.0,0.0
6,30,retransmission_rate,4,0.0,0.0
6,31,retransmission_rate,4,0.0,0.0
6,32,retransmission_rate,4,0.0,0.0
6,33,retransmission_rate,4,0.0,0.0
6,34,retransmission_rate,4,0.0,0.0
6,35,retransmission_rate,4,0.0,0.0
6,36,retransmission_rate,4,0.0,0.0
6,37,retransmission_rate,4,0.0,0.0
6,38,retransmission_rate,4,0.0,0.0
6,39,retransmission_rate,4,0.0,0.0
6,40,retransmission_rate,4,0.0,0.0
6,41,retransmission_rate,4,0.0,0.0
6,42,retransmission_rate,4,0.0,0.0
6,43,retransmission_rate,4,0.0,0.0
6,44,retransmission_rate,4,0.0,0.0
6,45,retransmission_rate,4,0.0,0.0
6,46,retransmission_rate,4,0.0,0.0
6,47,retransmission_rate,4,0.0,0.0
6,48,retransmission_rate,4,0.0,0.0
6,49,retransmission_rate,4,0.0,0.0
6,50,retransmission_rate,3,0.0,0.0
6,51,retransmission_rate,4,0.0,0.0
6,52,retransmission_rate,4,0.0,0.0
6,53,retransmission_rate,4,0.0,0.0
6,54,retransmission_rate,4,0.0,0.0
6,55,retransmission_rate,4,0.0,0.0
6,56,retransmission_rate,4,0.0,0.0
6,57,retransmission_rate,4,0.0,0.0
6,58,retransmission_rate,4,0.0,0.0
6,59,retransmission_rate,4,0.0,0.0
6,60,retransmission_rate,4,0.0,0.0
6,61,retransmission_rate,4,0.0,0.0
6,62,retransmission_rate,4,0.0,0.0
6,63,retransmission_rate,4,0.0,0.0
6,64,retransmission_rate,4,0.0,0.0
6,65,retransmission_rate,4,0.0,0.0
6,66,retransmission_rate,4,0.0,0.0
6,67,retransmission_rate,4,0.0,0.0
6,68,retransmission_rate,4,0.0,0.0
6,69,retransmission_rate,4,0.0,0.0
6,70,retransmission_rate,4,0.0,0.0
6,71,retransmission_rate,4,0.0,0.0
6,72,retransmission_rate,4,0.0,0.0
6,73,retransmission_rate,4,0.0,0.0
6,74,retransmission_rate,4,0.0,0.0
6,75,retransmission_rate,4,0.0,0.0
6,76,retransmission_rate,2,0.0,0.0
8,0,final_coverage,4,0.0,0.0
8,1,final_coverage,4,0.0,0.0
8,2,final_coverage,4,0.0,0.0
8,3,final_coverage,4,0.0,0.0
8,4,final_coverage,4,0.0,0.0
8,5,final_coverage,4,0.0,0.0
8,6,final_coverage,4,0.0,0.0
8,7,final_coverage,4,0.0,0.0
8,8,final_coverage,4,0.0,0.0
8,9,final_coverage,4,0.0,0.0
8,10,final_coverage,4,0.0,0.0
8,11,final_coverage,4,0.0,0.0
8,12,final_coverage,4,0.0,0.0
8,13,final_coverage,4,0.0,0.0
8,14,final_coverage,4,0.0,0.0
8,15,final_coverage,4,0.0,0.0
8,16,final_coverage,4,0.0,0.0
8,17,final_coverage,4,0.0,0.0
8,18,final_coverage,4,0.0,0.0
8,19,final_coverage,4,0.0,0.0
8,20,final_coverage,4,0.0,0.0
8,21,final_coverage,4,0.0,0.0
8,22,final_coverage,4,0.0,0.0
8,23,final_coverage,4,0.0,0.0
8,24,final_coverage,4,0.0,0.0
8,25,final_coverage,4,0.0,0.0
8,26,final_coverage,4,0.0,0.0
8,27,final_coverage,4,0.0,0.0
8,28,final_coverage,4,0.0,0.0
8,29,final_coverage,4,0.0,0.0
8,30,final_coverage,4,0.0,0.0
8,31,final_coverage,4,0.0,0.0
8,32,final_coverage,4,0.0,0.0
8,33,final_coverage,4,0.0,0.0
8,34,final_coverage,4,0.0,0.0
8,35,final_coverage,4,0.0,0.0
8,36,final_coverage,4,0.0,0.0
8,37,final_coverage,4,0.0,0.0
8,38,final_coverage,4,0.0,0.0
8,39,final_coverage,4,0.0,0.0
8,40,final_coverage,4,0.0,0.0
8,41,final_coverage,4,0.0,0.0
8,42,final_coverage,4,0.0,0.0
8,43,final_coverage,4,0.0,0.0
8,44,final_coverage,4,0.0,0.0
8,45,final_coverage,4,0.0,0.0
8,46,final_coverage,4,0.0,0.0
8,47,final_coverage,4,0.0,0.0
8,48,final_coverage,4,0.0,0.0
8,49,final_coverage,4,0.0,0.0
8,50,final_coverage,4,0.0,0.0
8,51,final_coverage,4,0.0,0.0
8,52,final_coverage,4,0.0,0.0
8,53,final_coverage,4,0.0,0.0
8,54,final_coverage,4,0.0,0.0
8,55,final_coverage,4,0.0,0.0
8,56,final_coverage,4,0.0,0.0
8,57,final_coverage,4,0.0,0.0
8,58,final_coverage,4,0.0,0.0
8,59,final_coverage,4,0.0,0.0
8,60,final_coverage,4,0.0,0.0
8,61,final_coverage,4,0.0,0.0
8,62,final_coverage,4,0.0,0.0
8,63,final_coverage,4,0.0,0.0
8,64,final_coverage,4,0.0,0.0
8,65,final_coverage,4,0.0,0.0
8,66,final_coverage,4,0.0,0.0
8,67,final_coverage,4,0.0,0.0
8,68,final_coverage,4,0.0,0.0
8,69,final_coverage,4,0.0,0.0
8,70,final_coverage,4,0.0,0.0
8,71,final_coverage,4,0.0,0.0
8,72,final_coverage,4,0.0,0.0
8,73,final_coverage,4,0.0,0.0
8,74,final_coverage,4,0.0,0.0
8,75,final_coverage,4,0.0,0.0
8,76,final_coverage,4,0.0,0.0
8,77,final_coverage,4,0.0,0.0
8,78,final_coverage,4,0.0,0.0
8,79,final_coverage,4,0.0,0.0
8,80,final_coverage,4,0.0,0.0
8,81,final_coverage,4,0.0,0.0
8,82,final_coverage,4,0.0,0.0
8,83,final_coverage,4,0.0,0.0
8,84,final_coverage,4,0.0,0.0
8,85,final_coverage,4,0.0,0.0
8,86,final_coverage,4,0.0,0.0
8,87,final_coverage,4,0.0,0.0
8,88,final_coverage,4,0.0,0.0
8,89,final_coverage,4,0.0,0.0
8,90,final_coverage,4,0.0,0.0
8,91,final_coverage,4,0.0,0.0
8,92,final_coverage,4,0.0,0.0
8,93,final_coverage,4,0.0,0.0
8,94,final_coverage,4,0.0,0.0
8,95,final_coverage,4,0.0,0.0
8,96,final_coverage,4,0.0,0.0
8,97,final_coverage,4,0.0,0.0
8,98,final_coverage,4,0.0,0.0
8,99,final_coverage,4,0.0,0.0
8,0,coverage_auc,4,0.0,0.0
8,1,coverage_auc,4,0.0,0.0
8,2,coverage_auc,4,0.0,0.0
8,3,coverage_auc,4,0.0,0.0
8,4,coverage_auc,4,0.0,0.0
8,5,coverage_auc,4,0.0,0.0
8,6,coverage_auc,4,0.0,0.0
8,7,coverage_auc,4,0.0,0.0
8,8,coverage_auc,4,0.0,0.0
8,9,coverage_auc,4,0.0,0.0
8,10,coverage_auc,4,0.0,0.0
8,11,coverage_auc,4,0.0,0.0
8,12,coverage_auc,4,0.0,0.0
8,13,coverage_auc,4,0.0,0.0
8,14,coverage_auc,4,0.0,0.0
8,15,coverage_auc,4,0.0,0.0
8,16,coverage_auc,4,0.0,0.0
8,17,coverage_auc,4,0.0,0.0
8,18,coverage_auc,4,0.0,0.0
8,19,coverage_auc,4,0.0,0.0
8,20,coverage_auc,4,0.0,0.0
8,21,coverage_auc,4,0.0,0.0
8,22,coverage_auc,4,0.0,0.0
8,23,coverage_auc,4,0.0,0.0
8,24,coverage_auc,4,0.0,0.0
8,25,coverage_auc,4,0.0,0.0
8,26,coverage_auc,4,0.0,0.0
8,27,coverage_auc,4,0.0,0.0
8,28,coverage_auc,4,0.0,0.0
8,29,coverage_auc,4,0.0,0.0
8,30,coverage_auc,4,0.0,0.0
8,31,coverage_auc,4,0.0,0.0
8,32,coverage_auc,4,0.0,0.0
8,33,coverage_auc,4,0.0,0.0
8,34,coverage_auc,4,0.0,0.0
8,35,coverage_auc,4,0.0,0.0
8,36,coverage_auc,4,0.0,0.0
8,37,coverage_auc,4,0.0,0.0
8,38,coverage_auc,4,0.0,0.0
8,39,coverage_auc,4,0.0,0.0
8,40,coverage_auc,4,0.0,0.0
8,41,coverage_auc,4,0.0,0.0
8,42,coverage_auc,4,0.0,0.0
8,43,coverage_auc,4,0.0,0.0
8,44,coverage_auc,4,0.0,0.0
8,45,coverage_auc,4,0.0,0.0
8,46,coverage_auc,4,0.0,0.0
8,47,coverage_auc,4,0.0,0.0
8,48,coverage_auc,4,0.0,0.0
8,49,coverage_auc,4,0.0,0.0
8,50,coverage_auc,4,0.0,0.0
8,51,coverage_auc,4,0.0,0.0
8,52,coverage_auc,4,0.0,0.0
8,53,coverage_auc,4,0.0,0.0
8,54,coverage_auc,4,0.0,0.0
8,55,coverage_auc,4,0.0,0.0
8,56,coverage_auc,4,0.0,0.0
8,57,coverage_auc,4,0.0,0.0
8,58,coverage_auc,4,0.0,0.0
8,59,coverage_auc,4,0.0,0.0
8,60,coverage_auc,4,0.0,0.0
8,61,coverage_auc,4,0.0,0.0
8,62,coverage_auc,4,0.0,0.0
8,63,coverage_auc,4,0.0,0.0
8,64,coverage_auc,4,0.0,0.0
8,65,coverage_auc,4,0.0,0.0
8,66,coverage_auc,4,0.0,0.0
8,67,coverage_auc,4,0.0,0.0
8,68,coverage_auc,4,0.0,0.0
8,69,coverage_auc,4,0.0,0.0
8,70,coverage_auc,4,0.0,0.0
8,71,coverage_auc,4,0.0,0.0
8,72,coverage_auc,4,0.0,0.0
8,73,coverage_auc,4,0.0,0.0
8,74,coverage_auc,4,0.0,0.0
8,75,coverage_auc,4,0.0,0.0
8,76,coverage_auc,4,0.0,0.0
8,77,coverage_auc,4,0.0,0.0
8,78,coverage_auc,4,0.0,0.0
8,79,coverage_auc,4,0.0,0.0
8,80,coverage_auc,4,0.0,0.0
8,81,coverage_auc,4,0.0,0.0
8,82,coverage_auc,4,0.0,0.0
8,83,coverage_auc,4,0.0,0.0
8,84,coverage_auc,4,0.0,0.0
8,85,coverage_auc,4,0.0,0.0
8,86,coverage_auc,4,0.0,0.0
8,87,coverage_auc,4,0.0,0.0
8,88,coverage_auc,4,0.0,0.0
8,89,coverage_auc,4,0.0,0.0
8,90,coverage_auc,4,0.0,0.0
8,91,coverage_auc,4,0.0,0.0
8,92,coverage_auc,4,0.0,0.0
8,93,coverage_auc,4,0.0,0.0
8,94,coverage_auc,4,0.0,0.0
8,95,coverage_auc,4,0.0,0.0
8,96,coverage_auc,4,0.0,0.0
8,97,coverage_auc,4,0.0,0.0
8,98,coverage_auc,4,0.0,0.0
8,99,coverage_auc,4,0.0,0.0
8,0,mean_robot_map_free_iou,4,0.0,0.0
8,1,mean_robot_map_free_iou,4,0.0,0.0
8,2,mean_robot_map_free_iou,4,0.0,0.0
8,3,mean_robot_map_free_iou,4,0.0,0.0
8,4,mean_robot_map_free_iou,4,0.0,0.0
8,5,mean_robot_map_free_iou,4,0.0,0.0
8,6,mean_robot_map_free_iou,4,0.0,0.0
8,7,mean_robot_map_free_iou,4,0.0,0.0
8,8,mean_robot_map_free_iou,4,0.0,0.0
8,9,mean_robot_map_free_iou,4,0.0,0.0
8,10,mean_robot_map_free_iou,4,0.0,0.0
8,11,mean_robot_map_free_iou,4,0.0,0.0
8,12,mean_robot_map_free_iou,4,0.0,0.0
8,13,mean_robot_map_free_iou,4,0.0,0.0
8,14,mean_robot_map_free_iou,4,0.0,0.0
8,15,mean_robot_map_free_iou,4,0.0,0.0
8,16,mean_robot_map_free_iou,4,0.0,0.0
8,17,mean_robot_map_free_iou,4,0.0,0.0
8,18,mean_robot_map_free_iou,4,0.0,0.0
8,19,mean_robot_map_free_iou,4,0.0,0.0
8,20,mean_robot_map_free_iou,4,0.0,0.0
8,21,mean_robot_map_free_iou,4,0.0,0.0
8,22,mean_robot_map_free_iou,4,0.0,0.0
8,23,mean_robot_map_free_iou,4,0.0,0.0
8,24,mean_robot_map_free_iou,4,0.0,0.0
8,25,mean_robot_map_free_iou,4,0.0,0.0
8,26,mean_robot_map_free_iou,4,0.0,0.0
8,27,mean_robot_map_free_iou,4,0.0,0.0
8,28,mean_robot_map_free_iou,4,0.0,0.0
8,29,mean_robot_map_free_iou,4,0.0,0.0
8,30,mean_robot_map_free_iou,4,0.0,0.0
8,31,mean_robot_map_free_iou,4,0.0,0.0
8,32,mean_robot_map_free_iou,4,0.0,0.0
8,33,mean_robot_map_free_iou,4,0.0,0.0
8,34,mean_robot_map_free_iou,4,0.0,0.0
8,35,mean_robot_map_free_iou,4,0.0,0.0
8,36,mean_robot_map_free_iou,4,0.0,0.0
8,37,mean_robot_map_free_iou,4,0.0,0.0
8,38,mean_robot_map_free_iou,4,0.0,0.0
8,39,mean_robot_map_free_iou,4,0.0,0.0
8,40,mean_robot_map_free_iou,4,0.0,0.0
8,41,mean_robot_map_free_iou,4,0.0,0.0
8,42,mean_robot_map_free_iou,4,0.0,0.0
8,43,mean_robot_map_free_iou,4,0.0,0.0
8,44,mean_robot_map_free_iou,4,0.0,0.0
8,45,mean_robot_map_free_iou,4,0.0,0.0
8,46,mean_robot_map_free_iou,4,0.0,0.0
8,47,mean_robot_map_free_iou,4,0.0,0.0
8,48,mean_robot_map_free_iou,4,0.0,0.0
8,49,mean_robot_map_free_iou,4,0.0,0.0
8,50,mean_robot_map_free_iou,4,0.0,0.0
8,51,mean_robot_map_free_iou,4,0.0,0.0
8,52,mean_robot_map_free_iou,4,0.0,0.0
8,53,mean_robot_map_free_iou,4,0.0,0.0
8,54,mean_robot_map_free_iou,4,0.0,0.0
8,55,mean_robot_map_free_iou,4,0.0,0.0
8,56,mean_robot_map_free_iou,4,0.0,0.0
8,57,mean_robot_map_free_iou,4,0.0,0.0
8,58,mean_robot_map_free_iou,4,0.0,0.0
8,59,mean_robot_map_free_iou,4,0.0,0.0
8,60,mean_robot_map_free_iou,4,0.0,0.0
8,61,mean_robot_map_free_iou,4,0.0,0.0
8,62,mean_robot_map_free_iou,4,0.0,0.0
8,63,mean_robot_map_free_iou,4,0.0,0.0
8,64,mean_robot_map_free_iou,4,0.0,0.0
8,65,mean_robot_map_free_iou,4,0.0,0.0
8,66,mean_robot_map_free_iou,4,0.0,0.0
8,67,mean_robot_map_free_iou,4,0.0,0.0
8,68,mean_robot_map_free_iou,4,0.0,0.0
8,69,mean_robot_map_free_iou,4,0.0,0.0
8,70,mean_robot_map_free_iou,4,0.0,0.0
8,71,mean_robot_map_free_iou,4,0.0,0.0
8,72,mean_robot_map_free_iou,4,0.0,0.0
8,73,mean_robot_map_free_iou,4,0.0,0.0
8,74,mean_robot_map_free_iou,4,0.0,0.0
8,75,mean_robot_map_free_iou,4,0.0,0.0
8,76,mean_robot_map_free_iou,4,0.0,0.0
8,77,mean_robot_map_free_iou,4,0.0,0.0
8,78,mean_robot_map_free_iou,4,0.0,0.0
8,79,mean_robot_map_free_iou,4,0.0,0.0
8,80,mean_robot_map_free_iou,4,0.0,0.0
8,81,mean_robot_map_free_iou,4,0.0,0.0
8,82,mean_robot_map_free_iou,4,0.0,0.0
8,83,mean_robot_map_free_iou,4,0.0,0.0
8,84,mean_robot_map_free_iou,4,0.0,0.0
8,85,mean_robot_map_free_iou,4,0.0,0.0
8,86,mean_robot_map_free_iou,4,0.0,0.0
8,87,mean_robot_map_free_iou,4,0.0,0.0
8,88,mean_robot_map_free_iou,4,0.0,0.0
8,89,mean_robot_map_free_iou,4,0.0,0.0
8,90,mean_robot_map_free_iou,4,0.0,0.0
8,91,mean_robot_map_free_iou,4,0.0,0.0
8,92,mean_robot_map_free_iou,4,0.0,0.0
8,93,mean_robot_map_free_iou,4,0.0,0.0
8,94,mean_robot_map_free_iou,4,0.0,0.0
8,95,mean_robot_map_free_iou,4,0.0,0.0
8,96,mean_robot_map_free_iou,4,0.0,0.0
8,97,mean_robot_map_free_iou,4,0.0,0.0
8,98,mean_robot_map_free_iou,4,0.0,0.0
8,99,mean_robot_map_free_iou,4,0.0,0.0
8,0,reached_95_rate,4,0.0,0.0
8,1,reached_95_rate,4,0.0,0.0
8,2,reached_95_rate,4,0.0,0.0
8,3,reached_95_rate,4,0.0,0.0
8,4,reached_95_rate,4,0.0,0.0
8,5,reached_95_rate,4,0.0,0.0
8,6,reached_95_rate,4,0.0,0.0
8,7,reached_95_rate,4,0.0,0.0
8,8,reached_95_rate,4,0.0,0.0
8,9,reached_95_rate,4,0.0,0.0
8,10,reached_95_rate,4,0.0,0.0
8,11,reached_95_rate,4,0.0,0.0
8,12,reached_95_rate,4,0.0,0.0
8,13,reached_95_rate,4,0.0,0.0
8,14,reached_95_rate,4,0.0,0.0
8,15,reached_95_rate,4,0.0,0.0
8,16,reached_95_rate,4,0.0,0.0
8,17,reached_95_rate,4,0.0,0.0
8,18,reached_95_rate,4,0.0,0.0
8,19,reached_95_rate,4,0.0,0.0
8,20,reached_95_rate,4,0.0,0.0
8,21,reached_95_rate,4,0.0,0.0
8,22,reached_95_rate,4,0.0,0.0
8,23,reached_95_rate,4,0.0,0.0
8,24,reached_95_rate,4,0.0,0.0
8,25,reached_95_rate,4,0.0,0.0
8,26,reached_95_rate,4,0.0,0.0
8,27,reached_95_rate,4,0.0,0.0
8,28,reached_95_rate,4,0.0,0.0
8,29,reached_95_rate,4,0.0,0.0
8,30,reached_95_rate,4,0.0,0.0
8,31,reached_95_rate,4,0.0,0.0
8,32,reached_95_rate,4,0.0,0.0
8,33,reached_95_rate,4,0.0,0.0
8,34,reached_95_rate,4,0.0,0.0
8,35,reached_95_rate,4,0.0,0.0
8,36,reached_95_rate,4,0.0,0.0
8,37,reached_95_rate,4,0.0,0.0
8,38,reached_95_rate,4,0.0,0.0
8,39,reached_95_rate,4,0.0,0.0
8,40,reached_95_rate,4,0.0,0.0
8,41,reached_95_rate,4,0.0,0.0
8,42,reached_95_rate,4,0.0,0.0
8,43,reached_95_rate,4,0.0,0.0
8,44,reached_95_rate,4,0.0,0.0
8,45,reached_95_rate,4,0.0,0.0
8,46,reached_95_rate,4,0.0,0.0
8,47,reached_95_rate,4,0.0,0.0
8,48,reached_95_rate,4,0.0,0.0
8,49,reached_95_rate,4,0.0,0.0
8,50,reached_95_rate,4,0.0,0.0
8,51,reached_95_rate,4,0.0,0.0
8,52,reached_95_rate,4,0.0,0.0
8,53,reached_95_rate,4,0.0,0.0
8,54,reached_95_rate,4,0.0,0.0
8,55,reached_95_rate,4,0.0,0.0
8,56,reached_95_rate,4,0.0,0.0
8,57,reached_95_rate,4,0.0,0.0
8,58,reached_95_rate,4,0.0,0.0
8,59,reached_95_rate,4,0.0,0.0
8,60,reached_95_rate,4,0.0,0.0
8,61,reached_95_rate,4,0.0,0.0
8,62,reached_95_rate,4,0.0,0.0
8,63,reached_95_rate,4,0.0,0.0
8,64,reached_95_rate,4,0.0,0.0
8,65,reached_95_rate,4,0.0,0.0
8,66,reached_95_rate,4,0.0,0.0
8,67,reached_95_rate,4,0.0,0.0
8,68,reached_95_rate,4,0.0,0.0
8,69,reached_95_rate,4,0.0,0.0
8,70,reached_95_rate,4,0.0,0.0
8,71,reached_95_rate,4,0.0,0.0
8,72,reached_95_rate,4,0.0,0.0
8,73,reached_95_rate,4,0.0,0.0
8,74,reached_95_rate,4,0.0,0.0
8,75,reached_95_rate,4,0.0,0.0
8,76,reached_95_rate,4,0.0,0.0
8,77,reached_95_rate,4,0.0,0.0
8,78,reached_95_rate,4,0.0,0.0
8,79,reached_95_rate,4,0.0,0.0
8,80,reached_95_rate,4,0.0,0.0
8,81,reached_95_rate,4,0.0,0.0
8,82,reached_95_rate,4,0.0,0.0
8,83,reached_95_rate,4,0.0,0.0
8,84,reached_95_rate,4,0.0,0.0
8,85,reached_95_rate,4,0.0,0.0
8,86,reached_95_rate,4,0.0,0.0
8,87,reached_95_rate,4,0.0,0.0
8,88,reached_95_rate,4,0.0,0.0
8,89,reached_95_rate,4,0.0,0.0
8,90,reached_95_rate,4,0.0,0.0
8,91,reached_95_rate,4,0.0,0.0
8,92,reached_95_rate,4,0.0,0.0
8,93,reached_95_rate,4,0.0,0.0
8,94,reached_95_rate,4,0.0,0.0
8,95,reached_95_rate,4,0.0,0.0
8,96,reached_95_rate,4,0.0,0.0
8,97,reached_95_rate,4,0.0,0.0
8,98,reached_95_rate,4,0.0,0.0
8,99,reached_95_rate,4,0.0,0.0
8,0,steps_to_95_conditional,4,0.0,0.0
8,1,steps_to_95_conditional,4,0.0,0.0
8,2,steps_to_95_conditional,4,0.0,0.0
8,3,steps_to_95_conditional,4,0.0,0.0
8,4,steps_to_95_conditional,4,0.0,0.0
8,5,steps_to_95_conditional,4,0.0,0.0
8,6,steps_to_95_conditional,4,0.0,0.0
8,7,steps_to_95_conditional,4,0.0,0.0
8,8,steps_to_95_conditional,4,0.0,0.0
8,9,steps_to_95_conditional,4,0.0,0.0
8,10,steps_to_95_conditional,4,0.0,0.0
8,11,steps_to_95_conditional,4,0.0,0.0
8,12,steps_to_95_conditional,4,0.0,0.0
8,13,steps_to_95_conditional,4,0.0,0.0
8,14,steps_to_95_conditional,4,0.0,0.0
8,15,steps_to_95_conditional,4,0.0,0.0
8,16,steps_to_95_conditional,4,0.0,0.0
8,17,steps_to_95_conditional,4,0.0,0.0
8,18,steps_to_95_conditional,4,0.0,0.0
8,19,steps_to_95_conditional,4,0.0,0.0
8,20,steps_to_95_conditional,4,0.0,0.0
8,21,steps_to_95_conditional,4,0.0,0.0
8,22,steps_to_95_conditional,4,0.0,0.0
8,23,steps_to_95_conditional,4,0.0,0.0
8,24,steps_to_95_conditional,4,0.0,0.0
8,25,steps_to_95_conditional,4,0.0,0.0
8,26,steps_to_95_conditional,4,0.0,0.0
8,27,steps_to_95_conditional,4,0.0,0.0
8,28,steps_to_95_conditional,4,0.0,0.0
8,29,steps_to_95_conditional,4,0.0,0.0
8,30,steps_to_95_conditional,4,0.0,0.0
8,31,steps_to_95_conditional,4,0.0,0.0
8,32,steps_to_95_conditional,4,0.0,0.0
8,33,steps_to_95_conditional,4,0.0,0.0
8,34,steps_to_95_conditional,4,0.0,0.0
8,35,steps_to_95_conditional,4,0.0,0.0
8,36,steps_to_95_conditional,4,0.0,0.0
8,37,steps_to_95_conditional,4,0.0,0.0
8,38,steps_to_95_conditional,4,0.0,0.0
8,39,steps_to_95_conditional,4,0.0,0.0
8,40,steps_to_95_conditional,4,0.0,0.0
8,41,steps_to_95_conditional,4,0.0,0.0
8,42,steps_to_95_conditional,4,0.0,0.0
8,43,steps_to_95_conditional,4,0.0,0.0
8,44,steps_to_95_conditional,4,0.0,0.0
8,45,steps_to_95_conditional,4,0.0,0.0
8,46,steps_to_95_conditional,4,0.0,0.0
8,47,steps_to_95_conditional,4,0.0,0.0
8,48,steps_to_95_conditional,4,0.0,0.0
8,49,steps_to_95_conditional,4,0.0,0.0
8,50,steps_to_95_conditional,4,0.0,0.0
8,51,steps_to_95_conditional,4,0.0,0.0
8,52,steps_to_95_conditional,4,0.0,0.0
8,53,steps_to_95_conditional,4,0.0,0.0
8,54,steps_to_95_conditional,4,0.0,0.0
8,55,steps_to_95_conditional,4,0.0,0.0
8,56,steps_to_95_conditional,4,0.0,0.0
8,57,steps_to_95_conditional,4,0.0,0.0
8,58,steps_to_95_conditional,4,0.0,0.0
8,59,steps_to_95_conditional,4,0.0,0.0
8,60,steps_to_95_conditional,4,0.0,0.0
8,61,steps_to_95_conditional,4,0.0,0.0
8,62,steps_to_95_conditional,4,0.0,0.0
8,63,steps_to_95_conditional,4,0.0,0.0
8,64,steps_to_95_conditional,4,0.0,0.0
8,65,steps_to_95_conditional,4,0.0,0.0
8,66,steps_to_95_conditional,4,0.0,0.0
8,67,steps_to_95_conditional,4,0.0,0.0
8,68,steps_to_95_conditional,4,0.0,0.0
8,69,steps_to_95_conditional,4,0.0,0.0
8,70,steps_to_95_conditional,4,0.0,0.0
8,71,steps_to_95_conditional,4,0.0,0.0
8,72,steps_to_95_conditional,4,0.0,0.0
8,73,steps_to_95_conditional,4,0.0,0.0
8,74,steps_to_95_conditional,4,0.0,0.0
8,75,steps_to_95_conditional,4,0.0,0.0
8,76,steps_to_95_conditional,4,0.0,0.0
8,77,steps_to_95_conditional,4,0.0,0.0
8,78,steps_to_95_conditional,4,0.0,0.0
8,79,steps_to_95_conditional,4,0.0,0.0
8,80,steps_to_95_conditional,4,0.0,0.0
8,81,steps_to_95_conditional,4,0.0,0.0
8,82,steps_to_95_conditional,4,0.0,0.0
8,83,steps_to_95_conditional,4,0.0,0.0
8,84,steps_to_95_conditional,4,0.0,0.0
8,85,steps_to_95_conditional,4,0.0,0.0
8,86,steps_to_95_conditional,4,0.0,0.0
8,87,steps_to_95_conditional,4,0.0,0.0
8,88,steps_to_95_conditional,4,0.0,0.0
8,89,steps_to_95_conditional,4,0.0,0.0
8,90,steps_to_95_conditional,4,0.0,0.0
8,91,steps_to_95_conditional,4,0.0,0.0
8,92,steps_to_95_conditional,4,0.0,0.0
8,93,steps_to_95_conditional,4,0.0,0.0
8,94,steps_to_95_conditional,4,0.0,0.0
8,95,steps_to_95_conditional,4,0.0,0.0
8,96,steps_to_95_conditional,4,0.0,0.0
8,97,steps_to_95_conditional,4,0.0,0.0
8,98,steps_to_95_conditional,4,0.0,0.0
8,99,steps_to_95_conditional,4,0.0,0.0
8,0,map_payload_kib,4,-1309.1845703125,-844.7265625
8,1,map_payload_kib,4,-555.146484375,-293.876953125
8,2,map_payload_kib,4,-2169.66064453125,-1223.84765625
8,3,map_payload_kib,4,-2671.77978515625,-1529.365234375
8,4,map_payload_kib,4,-2107.4462890625,-1884.8779296875
8,5,map_payload_kib,4,-1216.8896484375,-814.3359375
8,6,map_payload_kib,4,-3107.05322265625,-3350.3173828125
8,7,map_payload_kib,4,-6178.4619140625,-5664.7509765625
8,8,map_payload_kib,4,-2861.34033203125,-861.064453125
8,9,map_payload_kib,4,-1370.263671875,-591.6845703125
8,10,map_payload_kib,4,-1937.68798828125,-1808.3740234375
8,11,map_payload_kib,4,-1175.01708984375,-861.23046875
8,12,map_payload_kib,4,-1676.513671875,-1847.6513671875
8,13,map_payload_kib,4,-2952.01171875,-1764.4873046875
8,14,map_payload_kib,4,-3316.787109375,-3542.8759765625
8,15,map_payload_kib,4,-5178.64501953125,-2848.3447265625
8,16,map_payload_kib,4,-1484.384765625,-767.3876953125
8,17,map_payload_kib,4,-2139.8681640625,-2342.8466796875
8,18,map_payload_kib,4,-2870.30517578125,-3659.94140625
8,19,map_payload_kib,4,-1071.91650390625,-824.53125
8,20,map_payload_kib,4,-2310.4248046875,-1281.4892578125
8,21,map_payload_kib,4,-3010.302734375,-617.1826171875
8,22,map_payload_kib,4,-3558.681640625,-1786.474609375
8,23,map_payload_kib,4,-1355.3466796875,-404.912109375
8,24,map_payload_kib,4,-5157.34375,-5463.740234375
8,25,map_payload_kib,4,-1122.8857421875,-947.3193359375
8,26,map_payload_kib,4,-1048.57177734375,-817.353515625
8,27,map_payload_kib,4,-973.64501953125,-481.142578125
8,28,map_payload_kib,4,-3488.8330078125,-2439.794921875
8,29,map_payload_kib,4,-3509.12109375,-3230.3955078125
8,30,map_payload_kib,4,-1861.80908203125,-957.5244140625
8,31,map_payload_kib,4,-2323.90380859375,-2056.591796875
8,32,map_payload_kib,4,-1902.197265625,-1518.1689453125
8,33,map_payload_kib,4,-4599.6630859375,-2782.3291015625
8,34,map_payload_kib,4,-4276.88232421875,-3350.234375
8,35,map_payload_kib,4,-4816.59423828125,-2115.361328125
8,36,map_payload_kib,4,-3130.82763671875,-1696.9140625
8,37,map_payload_kib,4,-2264.365234375,-945.1123046875
8,38,map_payload_kib,4,-167.25830078125,-184.5849609375
8,39,map_payload_kib,4,-2210.3173828125,-1763.5498046875
8,40,map_payload_kib,4,-251.12548828125,-142.255859375
8,41,map_payload_kib,4,-1376.005859375,-1142.158203125
8,42,map_payload_kib,4,-305.91064453125,-285.6201171875
8,43,map_payload_kib,4,-930.51025390625,-815.224609375
8,44,map_payload_kib,4,-971.337890625,-852.0068359375
8,45,map_payload_kib,4,-1781.1474609375,-1801.298828125
8,46,map_payload_kib,4,-6023.896484375,-6070.0048828125
8,47,map_payload_kib,4,-3990.9814453125,-4429.3115234375
8,48,map_payload_kib,4,-2111.36474609375,-2144.8291015625
8,49,map_payload_kib,4,-2107.77587890625,-1073.515625
8,50,map_payload_kib,4,-2520.2099609375,-1540.107421875
8,51,map_payload_kib,4,-1773.26171875,-1077.9296875
8,52,map_payload_kib,4,-1114.53857421875,-435.9765625
8,53,map_payload_kib,4,-5860.380859375,-6262.8076171875
8,54,map_payload_kib,4,-1841.47705078125,-1221.142578125
8,55,map_payload_kib,4,-1156.708984375,-1185.673828125
8,56,map_payload_kib,4,-2771.494140625,-1139.794921875
8,57,map_payload_kib,4,-4093.74755859375,-1992.705078125
8,58,map_payload_kib,4,-1854.58984375,-2008.6181640625
8,59,map_payload_kib,4,-504.5654296875,-375.44921875
8,60,map_payload_kib,4,-1005.53955078125,-952.6611328125
8,61,map_payload_kib,4,-1834.326171875,-2161.630859375
8,62,map_payload_kib,4,-4599.59228515625,-2969.5849609375
8,63,map_payload_kib,4,-2596.5283203125,-2237.48046875
8,64,map_payload_kib,4,-1860.58349609375,-1523.7158203125
8,65,map_payload_kib,4,-1194.25048828125,-811.6064453125
8,66,map_payload_kib,4,-879.7412109375,-905.6298828125
8,67,map_payload_kib,4,-952.7880859375,-749.7021484375
8,68,map_payload_kib,4,-2123.51318359375,-2129.8779296875
8,69,map_payload_kib,4,-1527.314453125,-1528.3935546875
8,70,map_payload_kib,4,-779.86572265625,-633.8623046875
8,71,map_payload_kib,4,-6097.31689453125,-1015.7373046875
8,72,map_payload_kib,4,-2772.79296875,-2965.908203125
8,73,map_payload_kib,4,-1977.4072265625,-1934.8095703125
8,74,map_payload_kib,4,-2325.42724609375,-2242.7392578125
8,75,map_payload_kib,4,-4928.19580078125,-5327.83203125
8,76,map_payload_kib,4,-3105.49072265625,-2558.1494140625
8,77,map_payload_kib,4,-1826.201171875,-1917.568359375
8,78,map_payload_kib,4,-949.29931640625,-541.923828125
8,79,map_payload_kib,4,-2376.88232421875,-1209.1015625
8,80,map_payload_kib,4,-3383.62548828125,-2850.3076171875
8,81,map_payload_kib,4,-620.92529296875,-525.732421875
8,82,map_payload_kib,4,-2827.10205078125,-2454.19921875
8,83,map_payload_kib,4,-4358.24462890625,-3989.375
8,84,map_payload_kib,4,-1481.2841796875,-1329.921875
8,85,map_payload_kib,4,-1551.9091796875,-1397.060546875
8,86,map_payload_kib,4,-2808.46435546875,-2805.4931640625
8,87,map_payload_kib,4,-346.4111328125,-220.0390625
8,88,map_payload_kib,4,-1891.865234375,-1490.458984375
8,89,map_payload_kib,4,-1016.0107421875,-873.9453125
8,90,map_payload_kib,4,-3082.98828125,-2509.560546875
8,91,map_payload_kib,4,-834.6142578125,-810.83984375
8,92,map_payload_kib,4,-3878.701171875,-1802.822265625
8,93,map_payload_kib,4,-3226.71875,-3460.712890625
8,94,map_payload_kib,4,-2047.9248046875,-1366.3232421875
8,95,map_payload_kib,4,-686.33544921875,-721.26953125
8,96,map_payload_kib,4,-293.37158203125,-287.63671875
8,97,map_payload_kib,4,-3938.75732421875,-2303.1494140625
8,98,map_payload_kib,4,-1438.14208984375,-1272.44140625
8,99,map_payload_kib,4,-5108.04443359375,-4648.6962890625
8,0,map_payload_kib_per_robot,4,-163.6480712890625,-105.5908203125
8,1,map_payload_kib_per_robot,4,-69.393310546875,-36.734619140625
8,2,map_payload_kib_per_robot,4,-271.20758056640625,-152.98095703125
8,3,map_payload_kib_per_robot,4,-333.97247314453125,-191.170654296875
8,4,map_payload_kib_per_robot,4,-263.4307861328125,-235.6097412109375
8,5,map_payload_kib_per_robot,4,-152.1112060546875,-101.7919921875
8,6,map_payload_kib_per_robot,4,-388.38165283203125,-418.7896728515625
8,7,map_payload_kib_per_robot,4,-772.3077392578125,-708.0938720703125
8,8,map_payload_kib_per_robot,4,-357.66754150390625,-107.633056640625
8,9,map_payload_kib_per_robot,4,-171.282958984375,-73.9605712890625
8,10,map_payload_kib_per_robot,4,-242.21099853515625,-226.0467529296875
8,11,map_payload_kib_per_robot,4,-146.87713623046875,-107.65380859375
8,12,map_payload_kib_per_robot,4,-209.564208984375,-230.9564208984375
8,13,map_payload_kib_per_robot,4,-369.00146484375,-220.5609130859375
8,14,map_payload_kib_per_robot,4,-414.598388671875,-442.8594970703125
8,15,map_payload_kib_per_robot,4,-647.3306274414062,-356.0430908203125
8,16,map_payload_kib_per_robot,4,-185.548095703125,-95.9234619140625
8,17,map_payload_kib_per_robot,4,-267.4835205078125,-292.8558349609375
8,18,map_payload_kib_per_robot,4,-358.78814697265625,-457.49267578125
8,19,map_payload_kib_per_robot,4,-133.98956298828125,-103.06640625
8,20,map_payload_kib_per_robot,4,-288.8031005859375,-160.1861572265625
8,21,map_payload_kib_per_robot,4,-376.287841796875,-77.1478271484375
8,22,map_payload_kib_per_robot,4,-444.835205078125,-223.309326171875
8,23,map_payload_kib_per_robot,4,-169.4183349609375,-50.614013671875
8,24,map_payload_kib_per_robot,4,-644.66796875,-682.967529296875
8,25,map_payload_kib_per_robot,4,-140.3607177734375,-118.4149169921875
8,26,map_payload_kib_per_robot,4,-131.07147216796875,-102.169189453125
8,27,map_payload_kib_per_robot,4,-121.70562744140625,-60.142822265625
8,28,map_payload_kib_per_robot,4,-436.1041259765625,-304.974365234375
8,29,map_payload_kib_per_robot,4,-438.64013671875,-403.7994384765625
8,30,map_payload_kib_per_robot,4,-232.72613525390625,-119.6905517578125
8,31,map_payload_kib_per_robot,4,-290.48797607421875,-257.073974609375
8,32,map_payload_kib_per_robot,4,-237.774658203125,-189.7711181640625
8,33,map_payload_kib_per_robot,4,-574.9578857421875,-347.7911376953125
8,34,map_payload_kib_per_robot,4,-534.6102905273438,-418.779296875
8,35,map_payload_kib_per_robot,4,-602.0742797851562,-264.420166015625
8,36,map_payload_kib_per_robot,4,-391.35345458984375,-212.1142578125
8,37,map_payload_kib_per_robot,4,-283.045654296875,-118.1390380859375
8,38,map_payload_kib_per_robot,4,-20.90728759765625,-23.0731201171875
8,39,map_payload_kib_per_robot,4,-276.2896728515625,-220.4437255859375
8,40,map_payload_kib_per_robot,4,-31.39068603515625,-17.781982421875
8,41,map_payload_kib_per_robot,4,-172.000732421875,-142.769775390625
8,42,map_payload_kib_per_robot,4,-38.23883056640625,-35.7025146484375
8,43,map_payload_kib_per_robot,4,-116.31378173828125,-101.903076171875
8,44,map_payload_kib_per_robot,4,-121.417236328125,-106.5008544921875
8,45,map_payload_kib_per_robot,4,-222.6434326171875,-225.162353515625
8,46,map_payload_kib_per_robot,4,-752.987060546875,-758.7506103515625
8,47,map_payload_kib_per_robot,4,-498.8726806640625,-553.6639404296875
8,48,map_payload_kib_per_robot,4,-263.92059326171875,-268.1036376953125
8,49,map_payload_kib_per_robot,4,-263.47198486328125,-134.189453125
8,50,map_payload_kib_per_robot,4,-315.0262451171875,-192.513427734375
8,51,map_payload_kib_per_robot,4,-221.65771484375,-134.7412109375
8,52,map_payload_kib_per_robot,4,-139.31732177734375,-54.4970703125
8,53,map_payload_kib_per_robot,4,-732.547607421875,-782.8509521484375
8,54,map_payload_kib_per_robot,4,-230.18463134765625,-152.642822265625
8,55,map_payload_kib_per_robot,4,-144.588623046875,-148.209228515625
8,56,map_payload_kib_per_robot,4,-346.436767578125,-142.474365234375
8,57,map_payload_kib_per_robot,4,-511.71844482421875,-249.088134765625
8,58,map_payload_kib_per_robot,4,-231.82373046875,-251.0772705078125
8,59,map_payload_kib_per_robot,4,-63.0706787109375,-46.93115234375
8,60,map_payload_kib_per_robot,4,-125.69244384765625,-119.0826416015625
8,61,map_payload_kib_per_robot,4,-229.290771484375,-270.203857421875
8,62,map_payload_kib_per_robot,4,-574.9490356445312,-371.1981201171875
8,63,map_payload_kib_per_robot,4,-324.5660400390625,-279.68505859375
8,64,map_payload_kib_per_robot,4,-232.57293701171875,-190.4644775390625
8,65,map_payload_kib_per_robot,4,-149.28131103515625,-101.4508056640625
8,66,map_payload_kib_per_robot,4,-109.9676513671875,-113.2037353515625
8,67,map_payload_kib_per_robot,4,-119.0985107421875,-93.7127685546875
8,68,map_payload_kib_per_robot,4,-265.43914794921875,-266.2347412109375
8,69,map_payload_kib_per_robot,4,-190.914306640625,-191.0491943359375
8,70,map_payload_kib_per_robot,4,-97.48321533203125,-79.2327880859375
8,71,map_payload_kib_per_robot,4,-762.1646118164062,-126.9671630859375
8,72,map_payload_kib_per_robot,4,-346.59912109375,-370.738525390625
8,73,map_payload_kib_per_robot,4,-247.1759033203125,-241.8511962890625
8,74,map_payload_kib_per_robot,4,-290.67840576171875,-280.3424072265625
8,75,map_payload_kib_per_robot,4,-616.0244750976562,-665.97900390625
8,76,map_payload_kib_per_robot,4,-388.18634033203125,-319.7686767578125
8,77,map_payload_kib_per_robot,4,-228.275146484375,-239.696044921875
8,78,map_payload_kib_per_robot,4,-118.66241455078125,-67.740478515625
8,79,map_payload_kib_per_robot,4,-297.11029052734375,-151.1376953125
8,80,map_payload_kib_per_robot,4,-422.95318603515625,-356.2884521484375
8,81,map_payload_kib_per_robot,4,-77.61566162109375,-65.716552734375
8,82,map_payload_kib_per_robot,4,-353.38775634765625,-306.77490234375
8,83,map_payload_kib_per_robot,4,-544.7805786132812,-498.671875
8,84,map_payload_kib_per_robot,4,-185.1605224609375,-166.240234375
8,85,map_payload_kib_per_robot,4,-193.9886474609375,-174.632568359375
8,86,map_payload_kib_per_robot,4,-351.05804443359375,-350.6866455078125
8,87,map_payload_kib_per_robot,4,-43.3013916015625,-27.5048828125
8,88,map_payload_kib_per_robot,4,-236.483154296875,-186.307373046875
8,89,map_payload_kib_per_robot,4,-127.0013427734375,-109.2431640625
8,90,map_payload_kib_per_robot,4,-385.37353515625,-313.695068359375
8,91,map_payload_kib_per_robot,4,-104.3267822265625,-101.35498046875
8,92,map_payload_kib_per_robot,4,-484.837646484375,-225.352783203125
8,93,map_payload_kib_per_robot,4,-403.33984375,-432.589111328125
8,94,map_payload_kib_per_robot,4,-255.9906005859375,-170.7904052734375
8,95,map_payload_kib_per_robot,4,-85.79193115234375,-90.15869140625
8,96,map_payload_kib_per_robot,4,-36.67144775390625,-35.95458984375
8,97,map_payload_kib_per_robot,4,-492.34466552734375,-287.8936767578125
8,98,map_payload_kib_per_robot,4,-179.76776123046875,-159.05517578125
8,99,map_payload_kib_per_robot,4,-638.5055541992188,-581.0870361328125
8,0,communication_packets_recorded,4,0.0,0.0
8,1,communication_packets_recorded,4,0.0,0.0
8,2,communication_packets_recorded,4,0.0,0.0
8,3,communication_packets_recorded,4,0.0,0.0
8,4,communication_packets_recorded,4,0.0,0.0
8,5,communication_packets_recorded,4,0.0,0.0
8,6,communication_packets_recorded,4,0.0,0.0
8,7,communication_packets_recorded,4,0.0,0.0
8,8,communication_packets_recorded,4,0.0,0.0
8,9,communication_packets_recorded,4,0.0,0.0
8,10,communication_packets_recorded,4,0.0,0.0
8,11,communication_packets_recorded,4,0.0,0.0
8,12,communication_packets_recorded,4,0.0,0.0
8,13,communication_packets_recorded,4,0.0,0.0
8,14,communication_packets_recorded,4,0.0,0.0
8,15,communication_packets_recorded,4,0.0,0.0
8,16,communication_packets_recorded,4,0.0,0.0
8,17,communication_packets_recorded,4,0.0,0.0
8,18,communication_packets_recorded,4,0.0,0.0
8,19,communication_packets_recorded,4,0.0,0.0
8,20,communication_packets_recorded,4,0.0,0.0
8,21,communication_packets_recorded,4,0.0,0.0
8,22,communication_packets_recorded,4,0.0,0.0
8,23,communication_packets_recorded,4,0.0,0.0
8,24,communication_packets_recorded,4,0.0,0.0
8,25,communication_packets_recorded,4,0.0,0.0
8,26,communication_packets_recorded,4,0.0,0.0
8,27,communication_packets_recorded,4,0.0,0.0
8,28,communication_packets_recorded,4,0.0,0.0
8,29,communication_packets_recorded,4,0.0,0.0
8,30,communication_packets_recorded,4,0.0,0.0
8,31,communication_packets_recorded,4,0.0,0.0
8,32,communication_packets_recorded,4,0.0,0.0
8,33,communication_packets_recorded,4,0.0,0.0
8,34,communication_packets_recorded,4,0.0,0.0
8,35,communication_packets_recorded,4,0.0,0.0
8,36,communication_packets_recorded,4,0.0,0.0
8,37,communication_packets_recorded,4,0.0,0.0
8,38,communication_packets_recorded,4,0.0,0.0
8,39,communication_packets_recorded,4,0.0,0.0
8,40,communication_packets_recorded,4,0.0,0.0
8,41,communication_packets_recorded,4,0.0,0.0
8,42,communication_packets_recorded,4,0.0,0.0
8,43,communication_packets_recorded,4,0.0,0.0
8,44,communication_packets_recorded,4,0.0,0.0
8,45,communication_packets_recorded,4,0.0,0.0
8,46,communication_packets_recorded,4,0.0,0.0
8,47,communication_packets_recorded,4,0.0,0.0
8,48,communication_packets_recorded,4,0.0,0.0
8,49,communication_packets_recorded,4,0.0,0.0
8,50,communication_packets_recorded,4,0.0,0.0
8,51,communication_packets_recorded,4,0.0,0.0
8,52,communication_packets_recorded,4,0.0,0.0
8,53,communication_packets_recorded,4,0.0,0.0
8,54,communication_packets_recorded,4,0.0,0.0
8,55,communication_packets_recorded,4,0.0,0.0
8,56,communication_packets_recorded,4,0.0,0.0
8,57,communication_packets_recorded,4,0.0,0.0
8,58,communication_packets_recorded,4,0.0,0.0
8,59,communication_packets_recorded,4,0.0,0.0
8,60,communication_packets_recorded,4,0.0,0.0
8,61,communication_packets_recorded,4,0.0,0.0
8,62,communication_packets_recorded,4,0.0,0.0
8,63,communication_packets_recorded,4,0.0,0.0
8,64,communication_packets_recorded,4,0.0,0.0
8,65,communication_packets_recorded,4,0.0,0.0
8,66,communication_packets_recorded,4,0.0,0.0
8,67,communication_packets_recorded,4,0.0,0.0
8,68,communication_packets_recorded,4,0.0,0.0
8,69,communication_packets_recorded,4,0.0,0.0
8,70,communication_packets_recorded,4,0.0,0.0
8,71,communication_packets_recorded,4,0.0,0.0
8,72,communication_packets_recorded,4,0.0,0.0
8,73,communication_packets_recorded,4,0.0,0.0
8,74,communication_packets_recorded,4,0.0,0.0
8,75,communication_packets_recorded,4,0.0,0.0
8,76,communication_packets_recorded,4,0.0,0.0
8,77,communication_packets_recorded,4,0.0,0.0
8,78,communication_packets_recorded,4,0.0,0.0
8,79,communication_packets_recorded,4,0.0,0.0
8,80,communication_packets_recorded,4,0.0,0.0
8,81,communication_packets_recorded,4,0.0,0.0
8,82,communication_packets_recorded,4,0.0,0.0
8,83,communication_packets_recorded,4,0.0,0.0
8,84,communication_packets_recorded,4,0.0,0.0
8,85,communication_packets_recorded,4,0.0,0.0
8,86,communication_packets_recorded,4,0.0,0.0
8,87,communication_packets_recorded,4,0.0,0.0
8,88,communication_packets_recorded,4,0.0,0.0
8,89,communication_packets_recorded,4,0.0,0.0
8,90,communication_packets_recorded,4,0.0,0.0
8,91,communication_packets_recorded,4,0.0,0.0
8,92,communication_packets_recorded,4,0.0,0.0
8,93,communication_packets_recorded,4,0.0,0.0
8,94,communication_packets_recorded,4,0.0,0.0
8,95,communication_packets_recorded,4,0.0,0.0
8,96,communication_packets_recorded,4,0.0,0.0
8,97,communication_packets_recorded,4,0.0,0.0
8,98,communication_packets_recorded,4,0.0,0.0
8,99,communication_packets_recorded,4,0.0,0.0
8,0,packets_per_robot,4,0.0,0.0
8,1,packets_per_robot,4,0.0,0.0
8,2,packets_per_robot,4,0.0,0.0
8,3,packets_per_robot,4,0.0,0.0
8,4,packets_per_robot,4,0.0,0.0
8,5,packets_per_robot,4,0.0,0.0
8,6,packets_per_robot,4,0.0,0.0
8,7,packets_per_robot,4,0.0,0.0
8,8,packets_per_robot,4,0.0,0.0
8,9,packets_per_robot,4,0.0,0.0
8,10,packets_per_robot,4,0.0,0.0
8,11,packets_per_robot,4,0.0,0.0
8,12,packets_per_robot,4,0.0,0.0
8,13,packets_per_robot,4,0.0,0.0
8,14,packets_per_robot,4,0.0,0.0
8,15,packets_per_robot,4,0.0,0.0
8,16,packets_per_robot,4,0.0,0.0
8,17,packets_per_robot,4,0.0,0.0
8,18,packets_per_robot,4,0.0,0.0
8,19,packets_per_robot,4,0.0,0.0
8,20,packets_per_robot,4,0.0,0.0
8,21,packets_per_robot,4,0.0,0.0
8,22,packets_per_robot,4,0.0,0.0
8,23,packets_per_robot,4,0.0,0.0
8,24,packets_per_robot,4,0.0,0.0
8,25,packets_per_robot,4,0.0,0.0
8,26,packets_per_robot,4,0.0,0.0
8,27,packets_per_robot,4,0.0,0.0
8,28,packets_per_robot,4,0.0,0.0
8,29,packets_per_robot,4,0.0,0.0
8,30,packets_per_robot,4,0.0,0.0
8,31,packets_per_robot,4,0.0,0.0
8,32,packets_per_robot,4,0.0,0.0
8,33,packets_per_robot,4,0.0,0.0
8,34,packets_per_robot,4,0.0,0.0
8,35,packets_per_robot,4,0.0,0.0
8,36,packets_per_robot,4,0.0,0.0
8,37,packets_per_robot,4,0.0,0.0
8,38,packets_per_robot,4,0.0,0.0
8,39,packets_per_robot,4,0.0,0.0
8,40,packets_per_robot,4,0.0,0.0
8,41,packets_per_robot,4,0.0,0.0
8,42,packets_per_robot,4,0.0,0.0
8,43,packets_per_robot,4,0.0,0.0
8,44,packets_per_robot,4,0.0,0.0
8,45,packets_per_robot,4,0.0,0.0
8,46,packets_per_robot,4,0.0,0.0
8,47,packets_per_robot,4,0.0,0.0
8,48,packets_per_robot,4,0.0,0.0
8,49,packets_per_robot,4,0.0,0.0
8,50,packets_per_robot,4,0.0,0.0
8,51,packets_per_robot,4,0.0,0.0
8,52,packets_per_robot,4,0.0,0.0
8,53,packets_per_robot,4,0.0,0.0
8,54,packets_per_robot,4,0.0,0.0
8,55,packets_per_robot,4,0.0,0.0
8,56,packets_per_robot,4,0.0,0.0
8,57,packets_per_robot,4,0.0,0.0
8,58,packets_per_robot,4,0.0,0.0
8,59,packets_per_robot,4,0.0,0.0
8,60,packets_per_robot,4,0.0,0.0
8,61,packets_per_robot,4,0.0,0.0
8,62,packets_per_robot,4,0.0,0.0
8,63,packets_per_robot,4,0.0,0.0
8,64,packets_per_robot,4,0.0,0.0
8,65,packets_per_robot,4,0.0,0.0
8,66,packets_per_robot,4,0.0,0.0
8,67,packets_per_robot,4,0.0,0.0
8,68,packets_per_robot,4,0.0,0.0
8,69,packets_per_robot,4,0.0,0.0
8,70,packets_per_robot,4,0.0,0.0
8,71,packets_per_robot,4,0.0,0.0
8,72,packets_per_robot,4,0.0,0.0
8,73,packets_per_robot,4,0.0,0.0
8,74,packets_per_robot,4,0.0,0.0
8,75,packets_per_robot,4,0.0,0.0
8,76,packets_per_robot,4,0.0,0.0
8,77,packets_per_robot,4,0.0,0.0
8,78,packets_per_robot,4,0.0,0.0
8,79,packets_per_robot,4,0.0,0.0
8,80,packets_per_robot,4,0.0,0.0
8,81,packets_per_robot,4,0.0,0.0
8,82,packets_per_robot,4,0.0,0.0
8,83,packets_per_robot,4,0.0,0.0
8,84,packets_per_robot,4,0.0,0.0
8,85,packets_per_robot,4,0.0,0.0
8,86,packets_per_robot,4,0.0,0.0
8,87,packets_per_robot,4,0.0,0.0
8,88,packets_per_robot,4,0.0,0.0
8,89,packets_per_robot,4,0.0,0.0
8,90,packets_per_robot,4,0.0,0.0
8,91,packets_per_robot,4,0.0,0.0
8,92,packets_per_robot,4,0.0,0.0
8,93,packets_per_robot,4,0.0,0.0
8,94,packets_per_robot,4,0.0,0.0
8,95,packets_per_robot,4,0.0,0.0
8,96,packets_per_robot,4,0.0,0.0
8,97,packets_per_robot,4,0.0,0.0
8,98,packets_per_robot,4,0.0,0.0
8,99,packets_per_robot,4,0.0,0.0
8,0,map_retransmission_packets,4,0.0,0.0
8,1,map_retransmission_packets,4,0.0,0.0
8,2,map_retransmission_packets,4,0.0,0.0
8,3,map_retransmission_packets,4,0.0,0.0
8,4,map_retransmission_packets,4,0.0,0.0
8,5,map_retransmission_packets,4,0.0,0.0
8,6,map_retransmission_packets,4,0.0,0.0
8,7,map_retransmission_packets,4,0.0,0.0
8,8,map_retransmission_packets,4,0.0,0.0
8,9,map_retransmission_packets,4,0.0,0.0
8,10,map_retransmission_packets,4,0.0,0.0
8,11,map_retransmission_packets,4,0.0,0.0
8,12,map_retransmission_packets,4,0.0,0.0
8,13,map_retransmission_packets,4,0.0,0.0
8,14,map_retransmission_packets,4,0.0,0.0
8,15,map_retransmission_packets,4,0.0,0.0
8,16,map_retransmission_packets,4,0.0,0.0
8,17,map_retransmission_packets,4,0.0,0.0
8,18,map_retransmission_packets,4,0.0,0.0
8,19,map_retransmission_packets,4,0.0,0.0
8,20,map_retransmission_packets,4,0.0,0.0
8,21,map_retransmission_packets,4,0.0,0.0
8,22,map_retransmission_packets,4,0.0,0.0
8,23,map_retransmission_packets,4,0.0,0.0
8,24,map_retransmission_packets,4,0.0,0.0
8,25,map_retransmission_packets,4,0.0,0.0
8,26,map_retransmission_packets,4,0.0,0.0
8,27,map_retransmission_packets,4,0.0,0.0
8,28,map_retransmission_packets,4,0.0,0.0
8,29,map_retransmission_packets,4,0.0,0.0
8,30,map_retransmission_packets,4,0.0,0.0
8,31,map_retransmission_packets,4,0.0,0.0
8,32,map_retransmission_packets,4,0.0,0.0
8,33,map_retransmission_packets,4,0.0,0.0
8,34,map_retransmission_packets,4,0.0,0.0
8,35,map_retransmission_packets,4,0.0,0.0
8,36,map_retransmission_packets,4,0.0,0.0
8,37,map_retransmission_packets,4,0.0,0.0
8,38,map_retransmission_packets,4,0.0,0.0
8,39,map_retransmission_packets,4,0.0,0.0
8,40,map_retransmission_packets,4,0.0,0.0
8,41,map_retransmission_packets,4,0.0,0.0
8,42,map_retransmission_packets,4,0.0,0.0
8,43,map_retransmission_packets,4,0.0,0.0
8,44,map_retransmission_packets,4,0.0,0.0
8,45,map_retransmission_packets,4,0.0,0.0
8,46,map_retransmission_packets,4,0.0,0.0
8,47,map_retransmission_packets,4,0.0,0.0
8,48,map_retransmission_packets,4,0.0,0.0
8,49,map_retransmission_packets,4,0.0,0.0
8,50,map_retransmission_packets,4,0.0,0.0
8,51,map_retransmission_packets,4,0.0,0.0
8,52,map_retransmission_packets,4,0.0,0.0
8,53,map_retransmission_packets,4,0.0,0.0
8,54,map_retransmission_packets,4,0.0,0.0
8,55,map_retransmission_packets,4,0.0,0.0
8,56,map_retransmission_packets,4,0.0,0.0
8,57,map_retransmission_packets,4,0.0,0.0
8,58,map_retransmission_packets,4,0.0,0.0
8,59,map_retransmission_packets,4,0.0,0.0
8,60,map_retransmission_packets,4,0.0,0.0
8,61,map_retransmission_packets,4,0.0,0.0
8,62,map_retransmission_packets,4,0.0,0.0
8,63,map_retransmission_packets,4,0.0,0.0
8,64,map_retransmission_packets,4,0.0,0.0
8,65,map_retransmission_packets,4,0.0,0.0
8,66,map_retransmission_packets,4,0.0,0.0
8,67,map_retransmission_packets,4,0.0,0.0
8,68,map_retransmission_packets,4,0.0,0.0
8,69,map_retransmission_packets,4,0.0,0.0
8,70,map_retransmission_packets,4,0.0,0.0
8,71,map_retransmission_packets,4,0.0,0.0
8,72,map_retransmission_packets,4,0.0,0.0
8,73,map_retransmission_packets,4,0.0,0.0
8,74,map_retransmission_packets,4,0.0,0.0
8,75,map_retransmission_packets,4,0.0,0.0
8,76,map_retransmission_packets,2,0.0,0.0
8,0,retransmission_rate,4,0.0,0.0
8,1,retransmission_rate,4,0.0,0.0
8,2,retransmission_rate,4,0.0,0.0
8,3,retransmission_rate,4,0.0,0.0
8,4,retransmission_rate,4,0.0,0.0
8,5,retransmission_rate,4,0.0,0.0
8,6,retransmission_rate,4,0.0,0.0
8,7,retransmission_rate,4,0.0,0.0
8,8,retransmission_rate,4,0.0,0.0
8,9,retransmission_rate,4,0.0,0.0
8,10,retransmission_rate,4,0.0,0.0
8,11,retransmission_rate,4,0.0,0.0
8,12,retransmission_rate,4,0.0,0.0
8,13,retransmission_rate,4,0.0,0.0
8,14,retransmission_rate,4,0.0,0.0
8,15,retransmission_rate,4,0.0,0.0
8,16,retransmission_rate,4,0.0,0.0
8,17,retransmission_rate,4,0.0,0.0
8,18,retransmission_rate,4,0.0,0.0
8,19,retransmission_rate,4,0.0,0.0
8,20,retransmission_rate,4,0.0,0.0
8,21,retransmission_rate,4,0.0,0.0
8,22,retransmission_rate,4,0.0,0.0
8,23,retransmission_rate,4,0.0,0.0
8,24,retransmission_rate,4,0.0,0.0
8,25,retransmission_rate,4,0.0,0.0
8,26,retransmission_rate,4,0.0,0.0
8,27,retransmission_rate,4,0.0,0.0
8,28,retransmission_rate,4,0.0,0.0
8,29,retransmission_rate,4,0.0,0.0
8,30,retransmission_rate,4,0.0,0.0
8,31,retransmission_rate,4,0.0,0.0
8,32,retransmission_rate,4,0.0,0.0
8,33,retransmission_rate,4,0.0,0.0
8,34,retransmission_rate,4,0.0,0.0
8,35,retransmission_rate,4,0.0,0.0
8,36,retransmission_rate,4,0.0,0.0
8,37,retransmission_rate,4,0.0,0.0
8,38,retransmission_rate,4,0.0,0.0
8,39,retransmission_rate,4,0.0,0.0
8,40,retransmission_rate,4,0.0,0.0
8,41,retransmission_rate,4,0.0,0.0
8,42,retransmission_rate,4,0.0,0.0
8,43,retransmission_rate,4,0.0,0.0
8,44,retransmission_rate,3,0.0,0.0
8,45,retransmission_rate,4,0.0,0.0
8,46,retransmission_rate,4,0.0,0.0
8,47,retransmission_rate,4,0.0,0.0
8,48,retransmission_rate,4,0.0,0.0
8,49,retransmission_rate,4,0.0,0.0
8,50,retransmission_rate,4,0.0,0.0
8,51,retransmission_rate,4,0.0,0.0
8,52,retransmission_rate,4,0.0,0.0
8,53,retransmission_rate,4,0.0,0.0
8,54,retransmission_rate,4,0.0,0.0
8,55,retransmission_rate,4,0.0,0.0
8,56,retransmission_rate,4,0.0,0.0
8,57,retransmission_rate,4,0.0,0.0
8,58,retransmission_rate,4,0.0,0.0
8,59,retransmission_rate,4,0.0,0.0
8,60,retransmission_rate,4,0.0,0.0
8,61,retransmission_rate,4,0.0,0.0
8,62,retransmission_rate,4,0.0,0.0
8,63,retransmission_rate,4,0.0,0.0
8,64,retransmission_rate,4,0.0,0.0
8,65,retransmission_rate,4,0.0,0.0
8,66,retransmission_rate,4,0.0,0.0
8,67,retransmission_rate,4,0.0,0.0
8,68,retransmission_rate,4,0.0,0.0
8,69,retransmission_rate,4,0.0,0.0
8,70,retransmission_rate,4,0.0,0.0
8,71,retransmission_rate,4,0.0,0.0
8,72,retransmission_rate,4,0.0,0.0
8,73,retransmission_rate,4,0.0,0.0
8,74,retransmission_rate,4,0.0,0.0
8,75,retransmission_rate,4,0.0,0.0
8,76,retransmission_rate,2,0.0,0.0
