team_size,map_index,metric,trials,mean_paired_difference,median_paired_difference
2,0,final_coverage,4,0.0014061244531737849,0.003303276493170193
2,1,final_coverage,4,0.002111189303307476,0.0023574947220266207
2,2,final_coverage,4,-0.0001466275659823546,0.0015053763440860957
2,3,final_coverage,4,0.0017935209057280133,0.001233045622687945
2,4,final_coverage,4,0.0013128419815650327,0.0004223128052586178
2,5,final_coverage,4,0.0006023416029816986,-0.0002635244513043977
2,6,final_coverage,4,-0.0043397097879218915,-0.0032908664023708623
2,7,final_coverage,4,0.0007850173825277307,0.0
2,8,final_coverage,4,-0.003633607958961532,-0.0036141769003574797
2,9,final_coverage,4,0.001997569776861302,0.0023197584505486035
2,10,final_coverage,4,-0.002057356608478861,-0.000374064837905308
2,11,final_coverage,4,-0.00019287773581835865,-0.0003857554716367173
2,12,final_coverage,4,0.002531742682880034,0.0015535693735854728
2,13,final_coverage,4,-0.00026959991372810244,0.00012581329307298494
2,14,final_coverage,4,0.0023416031272981974,0.0023416031272981974
2,15,final_coverage,4,0.0007208984671421559,0.0005691303687964111
2,16,final_coverage,4,-0.002106662671810061,-0.00033706602748961867
2,17,final_coverage,4,0.0015722667484756314,0.0018407025348007866
2,18,final_coverage,4,-0.0027140924699109448,-0.002046408379868969
2,19,final_coverage,4,-0.0008616975441619323,-0.0023892522815399664
2,20,final_coverage,4,0.0018333724006295016,0.0030472491042425887
2,21,final_coverage,4,0.0010197915092914067,0.00033993050309721884
2,22,final_coverage,4,-0.0018740909260432925,-0.00177152873606079
2,23,final_coverage,4,0.001190137120071516,-8.137689709902807e-05
2,24,final_coverage,4,0.00497547302032228,0.006184302733006186
2,25,final_coverage,4,0.00024611682345215824,0.0004740027710931072
2,26,final_coverage,4,0.001193295345223111,0.0005180196847480167
2,27,final_coverage,4,-0.00378487559935059,-0.004322875372824386
2,28,final_coverage,4,0.002553532995294233,0.0019333892678656261
2,29,final_coverage,4,0.0024824072874843894,0.0023097180848767884
2,30,final_coverage,4,0.0006258910254182126,6.954344726883832e-05
2,31,final_coverage,4,0.0004723271838186216,-0.0008890864636585949
2,32,final_coverage,4,-0.00016650632724046766,-0.0013690520239769133
2,33,final_coverage,4,0.0024061333528507534,0.0014272121788772019
2,34,final_coverage,4,-0.0005185445596765925,0.00038671119704680734
2,35,final_coverage,4,-0.0009163045531834779,0.0
2,36,final_coverage,4,-0.0009327633113097034,-0.0012436844150796045
2,37,final_coverage,4,-0.0021596807933678963,-0.0032734175253738007
2,38,final_coverage,4,-0.0004221407685021661,-0.0008442815370043322
2,39,final_coverage,4,-0.0022119638391998875,-0.0024235429890364646
2,40,final_coverage,4,-0.0007763047892034303,-0.0006568732831721547
2,41,final_coverage,4,0.004466790384532376,0.003387855509041471
2,42,final_coverage,4,0.0001541663454867337,0.00042395745008860786
2,43,final_coverage,4,8.306261075022303e-05,-0.0005906674542232038
2,44,final_coverage,4,-0.0013298977641094112,0.0
2,45,final_coverage,4,0.0030709611377179313,0.002778488648411459
2,46,final_coverage,4,-0.0014032815198619097,-0.0028065630397238195
2,47,final_coverage,4,0.0028406726046782405,0.0019978356780153694
2,48,final_coverage,4,0.0016563186189142431,0.0009653971378815185
2,49,final_coverage,4,-0.0010528294792253867,-0.0020492573792065816
2,50,final_coverage,4,-9.28677563150071e-06,0.0
2,51,final_coverage,4,-0.004471606727432215,-0.004786240036611933
2,52,final_coverage,4,0.0023509975854618947,0.0007624857033929899
2,53,final_coverage,4,-0.0012214099594673455,-0.002062825709322591
2,54,final_coverage,4,0.000646135925157415,0.0005096283353354103
2,55,final_coverage,4,0.0016987434992217776,0.0007971757203051877
2,56,final_coverage,4,0.005973767369377964,0.006320072724124548
2,57,final_coverage,4,-0.002027002569949643,-0.0025880479241321974
2,58,final_coverage,4,0.004712871287128689,0.004792079207920796
2,59,final_coverage,4,-0.0003165591046482563,-0.0008577730577566389
2,60,final_coverage,4,-0.0023935091277891007,-0.00022312373225158444
2,61,final_coverage,4,0.003691313877033059,0.004691044718729498
2,62,final_coverage,4,-0.0012632316600892923,0.0
2,63,final_coverage,4,-0.0013826443321529602,-0.0011936497831536164
2,64,final_coverage,4,0.0011455469465966317,0.0
2,65,final_coverage,4,0.003165459927952391,0.0032457110247173793
2,66,final_coverage,4,-0.0005538851084032625,-0.0015825288811521232
2,67,final_coverage,4,-0.0003649354640442859,-0.0001920712968653815
2,68,final_coverage,4,0.001792566179605326,0.0018022557265222061
2,69,final_coverage,4,-0.001098376313276056,-0.0031518624641833637
2,70,final_coverage,4,-3.3783783783797317e-05,0.0005630630630630851
2,71,final_coverage,4,0.003268276423968569,0.0048329753351603055
2,72,final_coverage,4,-0.0008570257480345622,-0.0019189924358163912
2,73,final_coverage,4,-0.002867816308818577,-0.003113090072072777
2,74,final_coverage,4,-0.0004758098283277057,-0.0005329070077270126
2,75,final_coverage,4,-1.6941686714344595e-05,-1.6941686714289084e-05
2,76,final_coverage,4,2.9418686749799194e-05,0.00056876127716321
2,77,final_coverage,4,0.0002746121103941179,-0.000514897706988815
2,78,final_coverage,4,-0.004926345827549111,-0.0052830479716182155
2,79,final_coverage,4,-0.0006990750699074899,-0.0010934251093425718
2,80,final_coverage,4,0.0014418710263397472,0.0028837420526794943
2,81,final_coverage,4,0.00015864202427220975,0.0008130403743951131
2,82,final_coverage,4,0.00285752008751744,0.0033384888151193892
2,83,final_coverage,4,0.0019499676689298806,0.0018388296152602734
2,84,final_coverage,4,-0.002347873331263628,-0.00034927041291521466
2,85,final_coverage,4,0.002334593572778848,0.0022873345935727762
2,86,final_coverage,4,-0.0011211192027596462,-0.0019931008049061116
2,87,final_coverage,4,-0.0008662508662509172,-0.002750346500346612
2,88,final_coverage,4,-0.00025653655132790165,-0.0005541189508680988
2,89,final_coverage,4,-0.0018490840806316133,0.0
2,90,final_coverage,4,-0.0010253781081774327,-0.0009338264913758554
2,91,final_coverage,4,-0.0033584622530279107,-0.0033584622530278274
2,92,final_coverage,4,0.004457693443591287,0.004485380980507991
2,93,final_coverage,4,-0.001307176087940981,0.00010292725101901379
2,94,final_coverage,4,-0.001013142445934062,-0.0009089876150435994
2,95,final_coverage,4,0.0029587616200499878,0.0031123305622670627
2,96,final_coverage,4,0.0008512449457331039,0.0
2,97,final_coverage,4,-0.00031894769257836963,0.0
2,98,final_coverage,4,-0.00015286779992659816,0.0
2,99,final_coverage,4,-0.001848148280418599,-0.0015535159458591186
2,0,coverage_auc,4,0.018281907127057517,-0.005475667550734087
2,1,coverage_auc,4,-0.04600279621455616,-0.05277190625452266
2,2,coverage_auc,4,0.03251945966242481,0.030604965819204966
2,3,coverage_auc,4,-0.010209900333364136,-0.005131028654541792
2,4,coverage_auc,4,-0.01580335218947146,-0.020712892616176648
2,5,coverage_auc,4,-0.044582613991016984,-0.03848884652487189
2,6,coverage_auc,4,-0.005050783454485425,0.030204945481966283
2,7,coverage_auc,4,0.05437525603498691,0.06454931824507143
2,8,coverage_auc,4,0.024457286646201504,0.03400696478662402
2,9,coverage_auc,4,0.03053963097826015,0.03804590772309291
2,10,coverage_auc,4,-0.010093030963897603,-0.01902254367766698
2,11,coverage_auc,4,-0.04892026144173667,-0.049339294266075806
2,12,coverage_auc,4,-0.010630862803780061,-0.05438219317731402
2,13,coverage_auc,4,0.04790887259457416,0.033611609494437256
2,14,coverage_auc,4,0.0032617563191007226,0.007895862891676153
2,15,coverage_auc,4,0.016987539396497275,0.006199371653962726
2,16,coverage_auc,4,0.01375394913053754,-0.018563405922478404
2,17,coverage_auc,4,0.08142441435488704,0.08534757132994814
2,18,coverage_auc,4,-0.00022746108771840023,-0.01165073389850424
2,19,coverage_auc,4,0.01125109020618173,0.009974875985385823
2,20,coverage_auc,4,-0.030367357610148443,-0.020550493110492507
2,21,coverage_auc,4,0.000596295557570875,0.004505177577753483
2,22,coverage_auc,4,-0.06072224875641763,-0.038069641518564734
2,23,coverage_auc,4,-0.024930482346963184,-0.007603051196738098
2,24,coverage_auc,4,0.012393235419199539,0.016504582744254037
2,25,coverage_auc,4,0.034353035101694296,0.004418430064651702
2,26,coverage_auc,4,0.0019828982111256555,0.022205571873613716
2,27,coverage_auc,4,0.015964629456903218,0.05298376070540445
2,28,coverage_auc,4,-0.021615623755012775,-0.022984870684238212
2,29,coverage_auc,4,0.04648188528312533,0.05380226425104023
2,30,coverage_auc,4,0.0070542262975601955,0.013107906773027755
2,31,coverage_auc,4,-0.006185809931025965,-0.013434439247038132
2,32,coverage_auc,4,0.03904252984705378,0.041223276351665894
2,33,coverage_auc,4,0.047231458679003885,0.02076001094860591
2,34,coverage_auc,4,0.012770034878392234,-0.018837784544055047
2,35,coverage_auc,4,-0.024216110496941445,0.0031043547008913763
2,36,coverage_auc,4,0.09364088873644563,0.10799378110409547
2,37,coverage_auc,4,0.06611105589930222,0.07159643733734938
2,38,coverage_auc,4,-0.002505753170438524,0.010796597194624724
2,39,coverage_auc,4,0.0015758028040414596,-0.018568801261320267
2,40,coverage_auc,4,-0.10378759312129332,-0.11434029431163084
2,41,coverage_auc,4,0.016574938136379974,-0.012127420083620721
2,42,coverage_auc,4,0.013295894764021793,0.031075707224111848
2,43,coverage_auc,4,0.03570192503278932,0.058650463964424526
2,44,coverage_auc,4,0.016603182454172388,0.038201179037362865
2,45,coverage_auc,4,-0.06601746509711931,-0.0660846005200943
2,46,coverage_auc,4,-0.00679786459459783,-0.010078014670451163
2,47,coverage_auc,4,0.023035315792132027,0.025960197954943864
2,48,coverage_auc,4,0.02346496356315772,0.04645781357280088
2,49,coverage_auc,4,0.013489281219413979,0.015691405140672243
2,50,coverage_auc,4,-0.022779035448212748,-0.009392829411186576
2,51,coverage_auc,4,0.06517527883570132,0.10201667327853559
2,52,coverage_auc,4,-0.04970301382999828,-0.03754624138319418
2,53,coverage_auc,4,-0.0654750449278349,-0.05928079195984154
2,54,coverage_auc,4,0.04003522360660325,0.03996603158105283
2,55,coverage_auc,4,-0.007277341957276473,0.019327526124856997
2,56,coverage_auc,4,-0.019828809259578584,-0.02038199627813614
2,57,coverage_auc,4,0.019908996224049458,0.02010522484619126
2,58,coverage_auc,4,-0.020512239120969444,-0.016602130701592388
2,59,coverage_auc,4,-0.0038061992075184292,-0.013702033025638383
2,60,coverage_auc,4,-0.01619411501646459,-0.02065010500578829
2,61,coverage_auc,4,0.0037083224923741553,0.024574230585081958
2,62,coverage_auc,4,-0.03391080590712664,-0.02042843305483749
2,63,coverage_auc,4,0.048315341865634714,0.0750131346690156
2,64,coverage_auc,4,0.034788277982171684,0.02383694455547175
2,65,coverage_auc,4,-0.003986230385985529,-0.03418064163686019
2,66,coverage_auc,4,0.024968080985306035,0.023495516457838816
2,67,coverage_auc,4,0.00023962294526794214,0.012690167000246722
2,68,coverage_auc,4,0.009500676682096226,0.03079453497461332
2,69,coverage_auc,4,-0.02449672419312887,0.014165279027837263
2,70,coverage_auc,4,0.03397734071025446,0.054735364105181594
2,71,coverage_auc,4,0.009808982672676408,0.034492896421079
2,72,coverage_auc,4,-0.023458263924596073,0.011406752366122652
2,73,coverage_auc,4,0.018273963896471374,-0.0015888109437470765
2,74,coverage_auc,4,-0.0009683855618316528,0.009142411866324363
2,75,coverage_auc,4,0.04489571185240246,0.03672279949412732
2,76,coverage_auc,4,0.05644433244218458,0.07771958976321441
2,77,coverage_auc,4,-0.025618061885623156,-0.008489099316280557
2,78,coverage_auc,4,-0.09168738240943025,-0.1221872609340186
2,79,coverage_auc,4,-0.008121331041827495,-0.0024804417822689717
2,80,coverage_auc,4,0.02331121517800766,0.02725428360403076
2,81,coverage_auc,4,-0.04823599728752767,-0.03948514992761992
2,82,coverage_auc,4,0.010075035899744372,0.043464820753389366
2,83,coverage_auc,4,-0.012393545819275625,0.000938421757147756
2,84,coverage_auc,4,-0.10376857980747205,-0.13872226254262338
2,85,coverage_auc,4,0.03379225429999502,0.06614303018657125
2,86,coverage_auc,4,0.10153966776127168,0.06592225786387274
2,87,coverage_auc,4,-0.0303607875233754,-0.02289553597743238
2,88,coverage_auc,4,-0.07487859401770272,-0.10112161580288198
2,89,coverage_auc,4,-0.03587872912567314,-0.05958052746107473
2,90,coverage_auc,4,-0.04107075596660556,-0.017881859308862824
2,91,coverage_auc,4,-0.0551505185715947,-0.03385774138666969
2,92,coverage_auc,4,0.0173718617167673,0.04108315255862144
2,93,coverage_auc,4,0.016827065894835957,0.04192247178493419
2,94,coverage_auc,4,-0.021264648086704224,0.008892975842033635
2,95,coverage_auc,4,-0.013972156347590525,0.0021290262471398425
2,96,coverage_auc,4,-0.013966292264526892,-0.014356106252108758
2,97,coverage_auc,4,0.011401301399230013,0.023758767405342385
2,98,coverage_auc,4,0.09997694689604841,0.09727109193812855
2,99,coverage_auc,4,0.043161765456031426,0.042471820763023915
2,0,reached_95_rate,4,0.0,0.0
2,1,reached_95_rate,4,0.0,0.0
2,2,reached_95_rate,4,0.0,0.0
2,3,reached_95_rate,4,0.0,0.0
2,4,reached_95_rate,4,0.0,0.0
2,5,reached_95_rate,4,0.0,0.0
2,6,reached_95_rate,4,0.0,0.0
2,7,reached_95_rate,4,0.0,0.0
2,8,reached_95_rate,4,0.0,0.0
2,9,reached_95_rate,4,0.0,0.0
2,10,reached_95_rate,4,0.0,0.0
2,11,reached_95_rate,4,0.0,0.0
2,12,reached_95_rate,4,0.0,0.0
2,13,reached_95_rate,4,0.0,0.0
2,14,reached_95_rate,4,0.0,0.0
2,15,reached_95_rate,4,0.0,0.0
2,16,reached_95_rate,4,0.0,0.0
2,17,reached_95_rate,4,0.0,0.0
2,18,reached_95_rate,4,0.0,0.0
2,19,reached_95_rate,4,0.0,0.0
2,20,reached_95_rate,4,0.0,0.0
2,21,reached_95_rate,4,0.0,0.0
2,22,reached_95_rate,4,0.0,0.0
2,23,reached_95_rate,4,0.0,0.0
2,24,reached_95_rate,4,0.0,0.0
2,25,reached_95_rate,4,0.0,0.0
2,26,reached_95_rate,4,0.0,0.0
2,27,reached_95_rate,4,0.0,0.0
2,28,reached_95_rate,4,0.0,0.0
2,29,reached_95_rate,4,0.0,0.0
2,30,reached_95_rate,4,0.0,0.0
2,31,reached_95_rate,4,0.0,0.0
2,32,reached_95_rate,4,0.0,0.0
2,33,reached_95_rate,4,0.0,0.0
2,34,reached_95_rate,4,0.0,0.0
2,35,reached_95_rate,4,0.0,0.0
2,36,reached_95_rate,4,0.0,0.0
2,37,reached_95_rate,4,0.0,0.0
2,38,reached_95_rate,4,0.0,0.0
2,39,reached_95_rate,4,0.0,0.0
2,40,reached_95_rate,4,0.0,0.0
2,41,reached_95_rate,4,0.0,0.0
2,42,reached_95_rate,4,0.0,0.0
2,43,reached_95_rate,4,0.0,0.0
2,44,reached_95_rate,4,0.0,0.0
2,45,reached_95_rate,4,0.0,0.0
2,46,reached_95_rate,4,0.0,0.0
2,47,reached_95_rate,4,0.0,0.0
2,48,reached_95_rate,4,0.0,0.0
2,49,reached_95_rate,4,0.0,0.0
2,50,reached_95_rate,4,0.0,0.0
2,51,reached_95_rate,4,0.0,0.0
2,52,reached_95_rate,4,0.0,0.0
2,53,reached_95_rate,4,0.0,0.0
2,54,reached_95_rate,4,0.0,0.0
2,55,reached_95_rate,4,0.0,0.0
2,56,reached_95_rate,4,0.0,0.0
2,57,reached_95_rate,4,0.0,0.0
2,58,reached_95_rate,4,0.0,0.0
2,59,reached_95_rate,4,0.0,0.0
2,60,reached_95_rate,4,0.0,0.0
2,61,reached_95_rate,4,0.0,0.0
2,62,reached_95_rate,4,0.0,0.0
2,63,reached_95_rate,4,0.0,0.0
2,64,reached_95_rate,4,0.0,0.0
2,65,reached_95_rate,4,0.0,0.0
2,66,reached_95_rate,4,0.0,0.0
2,67,reached_95_rate,4,0.0,0.0
2,68,reached_95_rate,4,0.0,0.0
2,69,reached_95_rate,4,0.0,0.0
2,70,reached_95_rate,4,0.0,0.0
2,71,reached_95_rate,4,0.0,0.0
2,72,reached_95_rate,4,0.0,0.0
2,73,reached_95_rate,4,0.0,0.0
2,74,reached_95_rate,4,0.0,0.0
2,75,reached_95_rate,4,0.0,0.0
2,76,reached_95_rate,4,0.0,0.0
2,77,reached_95_rate,4,0.0,0.0
2,78,reached_95_rate,4,0.0,0.0
2,79,reached_95_rate,4,0.0,0.0
2,80,reached_95_rate,4,0.0,0.0
2,81,reached_95_rate,4,0.0,0.0
2,82,reached_95_rate,4,0.0,0.0
2,83,reached_95_rate,4,0.0,0.0
2,84,reached_95_rate,4,0.0,0.0
2,85,reached_95_rate,4,0.0,0.0
2,86,reached_95_rate,4,0.0,0.0
2,87,reached_95_rate,4,0.0,0.0
2,88,reached_95_rate,4,0.0,0.0
2,89,reached_95_rate,4,0.0,0.0
2,90,reached_95_rate,4,0.0,0.0
2,91,reached_95_rate,4,0.0,0.0
2,92,reached_95_rate,4,0.0,0.0
2,93,reached_95_rate,4,0.0,0.0
2,94,reached_95_rate,4,0.0,0.0
2,95,reached_95_rate,4,0.0,0.0
2,96,reached_95_rate,4,0.0,0.0
2,97,reached_95_rate,4,0.0,0.0
2,98,reached_95_rate,4,0.0,0.0
2,99,reached_95_rate,4,0.0,0.0
2,0,steps_to_95_conditional,4,-13.75,-7.5
2,1,steps_to_95_conditional,4,-28.75,-26.5
2,2,steps_to_95_conditional,4,-13.75,-15.0
2,3,steps_to_95_conditional,4,-16.5,-15.0
2,4,steps_to_95_conditional,4,-7.75,-19.5
2,5,steps_to_95_conditional,4,-17.5,-16.5
2,6,steps_to_95_conditional,4,-30.25,-30.5
2,7,steps_to_95_conditional,4,-16.0,-16.5
2,8,steps_to_95_conditional,4,-26.75,-27.5
2,9,steps_to_95_conditional,4,-24.5,-26.0
2,10,steps_to_95_conditional,4,-33.75,-30.0
2,11,steps_to_95_conditional,4,-27.0,-27.0
2,12,steps_to_95_conditional,4,-15.75,-18.5
2,13,steps_to_95_conditional,4,-6.75,-7.5
2,14,steps_to_95_conditional,4,-7.25,-9.5
2,15,steps_to_95_conditional,4,-0.25,-5.0
2,16,steps_to_95_conditional,4,-16.25,-20.5
2,17,steps_to_95_conditional,4,-0.25,-2.5
2,18,steps_to_95_conditional,4,-25.25,-25.0
2,19,steps_to_95_conditional,4,-15.25,-16.5
2,20,steps_to_95_conditional,4,-23.0,-23.0
2,21,steps_to_95_conditional,4,-22.75,-20.5
2,22,steps_to_95_conditional,4,-9.0,-9.5
2,23,steps_to_95_conditional,4,-15.0,-12.0
2,24,steps_to_95_conditional,4,-11.5,-14.5
2,25,steps_to_95_conditional,4,-15.0,-19.5
2,26,steps_to_95_conditional,4,-24.25,-24.0
2,27,steps_to_95_conditional,4,-9.0,-10.5
2,28,steps_to_95_conditional,4,-4.5,-8.0
2,29,steps_to_95_conditional,4,-24.0,-27.0
2,30,steps_to_95_conditional,4,5.75,-1.5
2,31,steps_to_95_conditional,4,-21.0,-21.0
2,32,steps_to_95_conditional,4,-19.5,-20.5
2,33,steps_to_95_conditional,4,-18.75,-17.0
2,34,steps_to_95_conditional,4,-5.5,-4.5
2,35,steps_to_95_conditional,4,-20.25,-19.0
2,36,steps_to_95_conditional,4,-24.0,-27.5
2,37,steps_to_95_conditional,4,-10.5,-14.0
2,38,steps_to_95_conditional,4,-26.0,-22.0
2,39,steps_to_95_conditional,4,-12.25,-12.0
2,40,steps_to_95_conditional,4,-32.75,-37.5
2,41,steps_to_95_conditional,4,-4.0,-4.5
2,42,steps_to_95_conditional,4,-1.0,-8.0
2,43,steps_to_95_conditional,4,-25.5,-27.5
2,44,steps_to_95_conditional,4,-25.0,-23.5
2,45,steps_to_95_conditional,4,-18.0,-23.0
2,46,steps_to_95_conditional,4,-24.75,-31.0
2,47,steps_to_95_conditional,4,-13.75,-21.0
2,48,steps_to_95_conditional,4,-31.25,-31.5
2,49,steps_to_95_conditional,4,-22.75,-21.5
2,50,steps_to_95_conditional,4,-14.75,-13.5
2,51,steps_to_95_conditional,4,-20.0,-20.0
2,52,steps_to_95_conditional,4,-15.25,-16.5
2,53,steps_to_95_conditional,4,-23.25,-23.5
2,54,steps_to_95_conditional,4,-16.0,-15.5
2,55,steps_to_95_conditional,4,-7.5,-8.5
2,56,steps_to_95_conditional,4,-3.75,-1.5
2,57,steps_to_95_conditional,4,-29.25,-24.5
2,58,steps_to_95_conditional,4,-37.5,-34.0
2,59,steps_to_95_conditional,4,-29.75,-26.0
2,60,steps_to_95_conditional,4,-14.75,-15.5
2,61,steps_to_95_conditional,4,-13.0,-15.0
2,62,steps_to_95_conditional,4,-17.25,-20.0
2,63,steps_to_95_conditional,4,-22.75,-21.0
2,64,steps_to_95_conditional,4,-20.75,-20.5
2,65,steps_to_95_conditional,4,-16.25,-16.0
2,66,steps_to_95_conditional,4,0.75,1.0
2,67,steps_to_95_conditional,4,-24.5,-29.0
2,68,steps_to_95_conditional,4,-7.0,-7.0
2,69,steps_to_95_conditional,4,-15.75,-15.0
2,70,steps_to_95_conditional,4,-9.25,-14.5
2,71,steps_to_95_conditional,4,-38.0,-34.0
2,72,steps_to_95_conditional,4,-25.0,-20.5
2,73,steps_to_95_conditional,4,-5.75,-3.5
2,74,steps_to_95_conditional,4,-19.75,-20.5
2,75,steps_to_95_conditional,4,-31.5,-34.5
2,76,steps_to_95_conditional,4,-13.25,-16.0
2,77,steps_to_95_conditional,4,-10.25,-11.0
2,78,steps_to_95_conditional,4,-25.5,-30.0
2,79,steps_to_95_conditional,4,-40.5,-41.5
2,80,steps_to_95_conditional,4,-23.75,-20.0
2,81,steps_to_95_conditional,4,-35.5,-38.0
2,82,steps_to_95_conditional,4,-31.5,-38.0
2,83,steps_to_95_conditional,4,-10.5,-12.0
2,84,steps_to_95_conditional,4,-11.75,-11.5
2,85,steps_to_95_conditional,4,2.25,-1.0
2,86,steps_to_95_conditional,4,-21.0,-21.5
2,87,steps_to_95_conditional,4,-24.0,-23.0
2,88,steps_to_95_conditional,4,-26.0,-24.5
2,89,steps_to_95_conditional,4,-10.75,-12.5
2,90,steps_to_95_conditional,4,-20.5,-15.0
2,91,steps_to_95_conditional,4,-15.5,-11.0
2,92,steps_to_95_conditional,4,-29.25,-39.5
2,93,steps_to_95_conditional,4,-25.0,-28.0
2,94,steps_to_95_conditional,4,-27.5,-23.0
2,95,steps_to_95_conditional,4,-16.0,-14.0
2,96,steps_to_95_conditional,4,-12.0,-7.5
2,97,steps_to_95_conditional,4,-21.0,-24.0
2,98,steps_to_95_conditional,4,-3.5,-1.0
2,99,steps_to_95_conditional,4,-8.25,-4.0
2,0,trajectory_overlap_ratio,4,-0.12073873827051795,-0.13417207792207797
2,1,trajectory_overlap_ratio,4,-0.12300431483008321,-0.09888447721686515
2,2,trajectory_overlap_ratio,4,-0.0676888722266691,-0.044863570016009054
2,3,trajectory_overlap_ratio,4,-0.11083129597041717,-0.09385054019876496
2,4,trajectory_overlap_ratio,4,-0.04705168821769926,-0.06094892062322292
2,5,trajectory_overlap_ratio,4,-0.08449957429050749,-0.03801147272936975
2,6,trajectory_overlap_ratio,4,-0.017619240882900254,-0.026807760141093397
2,7,trajectory_overlap_ratio,4,0.017501330739788074,0.043234974253893416
2,8,trajectory_overlap_ratio,4,-0.05145724447896313,-0.05286749647672326
2,9,trajectory_overlap_ratio,4,-0.09905972686116853,-0.07527800945232142
2,10,trajectory_overlap_ratio,4,0.02590051742218095,0.035014077401295494
2,11,trajectory_overlap_ratio,4,-0.12754658007317585,-0.1407294832826748
2,12,trajectory_overlap_ratio,4,-0.09441837036786425,-0.0836153603176752
2,13,trajectory_overlap_ratio,4,0.15296507748508864,0.10842374949879516
2,14,trajectory_overlap_ratio,4,0.06554830909887195,0.06701710812520245
2,15,trajectory_overlap_ratio,4,-0.007650682951072796,-0.006301586214989802
2,16,trajectory_overlap_ratio,4,0.0464343245055181,0.027002538907300845
2,17,trajectory_overlap_ratio,4,0.0003355237854880122,-0.0007426968146558854
2,18,trajectory_overlap_ratio,4,-0.04785651159263266,-0.05140598061946379
2,19,trajectory_overlap_ratio,4,-0.10880872042546925,-0.1070884146341463
2,20,trajectory_overlap_ratio,4,0.05298988386529319,0.04122196805899365
2,21,trajectory_overlap_ratio,4,-0.10802888505746804,-0.04063667082415595
2,22,trajectory_overlap_ratio,4,0.048079092670304004,0.0289940062361304
2,23,trajectory_overlap_ratio,4,-0.1466590700965701,-0.16310980685980686
2,24,trajectory_overlap_ratio,4,-0.06354445947380814,-0.062296006420032045
2,25,trajectory_overlap_ratio,4,-0.05183854406946073,-0.037037037037037056
2,26,trajectory_overlap_ratio,4,-0.04196408880475244,-0.0542618449973277
2,27,trajectory_overlap_ratio,4,-0.04516807993033149,-0.0469322344322344
2,28,trajectory_overlap_ratio,4,0.10864687945188094,0.08162669004170325
2,29,trajectory_overlap_ratio,4,0.0665302499772699,0.028307729281053004
2,30,trajectory_overlap_ratio,4,0.17477505487021305,0.0969593247553774
2,31,trajectory_overlap_ratio,4,0.05870118787301454,0.043238636363636354
2,32,trajectory_overlap_ratio,4,-0.040163972463290426,-0.028109660454064392
2,33,trajectory_overlap_ratio,4,-0.024769988997537726,0.001157560056289697
2,34,trajectory_overlap_ratio,4,-0.016293968431689492,-0.018830010920082248
2,35,trajectory_overlap_ratio,4,-0.08686120866764288,-0.043780193236714955
2,36,trajectory_overlap_ratio,4,-0.12660707436411328,-0.12129993751726624
2,37,trajectory_overlap_ratio,4,-0.04945098743745343,-0.06252240143369175
2,38,trajectory_overlap_ratio,4,-0.0610566365100257,-0.04796668667466985
2,39,trajectory_overlap_ratio,4,-0.03786675489918455,-0.05197552447552445
2,40,trajectory_overlap_ratio,4,-0.09829687485137925,-0.07641218430692115
2,41,trajectory_overlap_ratio,4,-0.03679226842593708,-0.031068089483453104
2,42,trajectory_overlap_ratio,4,0.0727120157171929,0.07477185752134236
2,43,trajectory_overlap_ratio,4,-0.05365670207311997,-0.0832760978864779
2,44,trajectory_overlap_ratio,4,-0.09118254830321275,-0.15294227994454945
2,45,trajectory_overlap_ratio,4,-0.12628510093929796,-0.1347027972027972
2,46,trajectory_overlap_ratio,4,-0.11773414028977709,-0.16695847628061045
2,47,trajectory_overlap_ratio,4,-0.04241141287652918,-0.03103359173126615
2,48,trajectory_overlap_ratio,4,-0.10180489310129562,-0.09849328543644664
2,49,trajectory_overlap_ratio,4,-0.10783354073310666,-0.07386106395019808
2,50,trajectory_overlap_ratio,4,0.01574845266795727,0.006560203928624955
2,51,trajectory_overlap_ratio,4,-0.010227172859677936,0.020825802703649747
2,52,trajectory_overlap_ratio,4,-0.13403455253411697,-0.12248983677555107
2,53,trajectory_overlap_ratio,4,-0.17811316428500085,-0.22615626924528684
2,54,trajectory_overlap_ratio,4,-0.05376330143897609,-0.08471267294796705
2,55,trajectory_overlap_ratio,4,0.039303097126249076,0.016789295684238405
2,56,trajectory_overlap_ratio,4,-0.022488079553296944,0.040341301210866404
2,57,trajectory_overlap_ratio,4,-0.05838273910614136,-0.0683675150317108
2,58,trajectory_overlap_ratio,4,-0.21754975590882972,-0.2172125280481465
2,59,trajectory_overlap_ratio,4,-0.160547931349825,-0.1333228902302141
2,60,trajectory_overlap_ratio,4,-0.06290559785466741,-0.08193035835023664
2,61,trajectory_overlap_ratio,4,-0.13964060792344546,-0.1127258086372781
2,62,trajectory_overlap_ratio,4,-0.05309090313247127,-0.05366757651923
2,63,trajectory_overlap_ratio,4,0.0725523993432894,0.07878138984290467
2,64,trajectory_overlap_ratio,4,-0.07365559712784427,-0.0728651556776557
2,65,trajectory_overlap_ratio,4,-0.05808289418111285,-0.11168698881027644
2,66,trajectory_overlap_ratio,4,-0.15944299087764552,-0.18024038025899525
2,67,trajectory_overlap_ratio,4,-0.1172781550402401,-0.11561691614108625
2,68,trajectory_overlap_ratio,4,0.048150166895810476,0.01490498495441166
2,69,trajectory_overlap_ratio,4,0.0017073669420795967,-0.018630999429179756
2,70,trajectory_overlap_ratio,4,-0.04813981366216381,-0.08228860308521695
2,71,trajectory_overlap_ratio,4,-0.15811436195999803,-0.13528770365154807
2,72,trajectory_overlap_ratio,4,0.011389076212698948,-0.034738358184419
2,73,trajectory_overlap_ratio,4,0.07116403431649605,0.11853774605234695
2,74,trajectory_overlap_ratio,4,-0.10962310734116007,-0.12833712377322926
2,75,trajectory_overlap_ratio,4,-0.024036047615921596,-0.07018249095713885
2,76,trajectory_overlap_ratio,4,0.005573499960720443,-0.011916557693385815
2,77,trajectory_overlap_ratio,4,-0.036615366796353854,0.037343312644517464
2,78,trajectory_overlap_ratio,4,-0.07575678811448217,-0.11504029020020493
2,79,trajectory_overlap_ratio,4,-0.08909801866931955,-0.09504552771754125
2,80,trajectory_overlap_ratio,4,-0.0677956615956703,-0.0355667086678087
2,81,trajectory_overlap_ratio,4,-0.24178360741849797,-0.19682808440221336
2,82,trajectory_overlap_ratio,4,-0.08380388035590872,-0.08229036295369214
2,83,trajectory_overlap_ratio,4,-0.08439807760892548,-0.09885234365767455
2,84,trajectory_overlap_ratio,4,-0.10876620535593079,-0.10949222919037159
2,85,trajectory_overlap_ratio,4,0.07373108574346382,0.14318181818181813
2,86,trajectory_overlap_ratio,4,0.026936133692570738,-0.026512462264294087
2,87,trajectory_overlap_ratio,4,-0.22142315458878925,-0.22799422799422797
2,88,trajectory_overlap_ratio,4,-0.06408294928913517,-0.05993365963200466
2,89,trajectory_overlap_ratio,4,-0.10403841482470434,-0.10019579805793405
2,90,trajectory_overlap_ratio,4,-0.006330189347357566,-0.0827547957718909
2,91,trajectory_overlap_ratio,4,-0.10189658592850431,-0.13905433140998336
2,92,trajectory_overlap_ratio,4,-0.1791459304406875,-0.17161531279178344
2,93,trajectory_overlap_ratio,4,-0.026314830059684102,-0.020608974358974352
2,94,trajectory_overlap_ratio,4,-0.1656210864108404,-0.14563469618616676
2,95,trajectory_overlap_ratio,4,-0.11387223058947352,-0.12999645876676555
2,96,trajectory_overlap_ratio,4,-0.004822309975797679,0.0335070737155622
2,97,trajectory_overlap_ratio,4,-0.11648737735694258,-0.10200082668113356
2,98,trajectory_overlap_ratio,4,-0.15944122944810907,-0.1706220984721344
2,99,trajectory_overlap_ratio,4,-0.07221847588028402,-0.055682906453124646
2,0,team_travel_distance_recorded,4,-72.10830879211426,-83.26358938217163
2,1,team_travel_distance_recorded,4,-283.15776443481445,-302.0682098865509
2,2,team_travel_distance_recorded,4,31.931137800216675,25.136548280715942
2,3,team_travel_distance_recorded,4,-67.69094812870028,-81.42762613296514
2,4,team_travel_distance_recorded,4,38.722312808036804,-64.68875360488892
2,5,team_travel_distance_recorded,4,-80.39572668075562,-56.7651629447937
2,6,team_travel_distance_recorded,4,-150.97809863090515,-118.12023401260376
2,7,team_travel_distance_recorded,4,65.15186607837677,-4.502793550491333
2,8,team_travel_distance_recorded,4,-60.805562138557406,-46.55730152130127
2,9,team_travel_distance_recorded,4,-71.90730929374695,-102.10079455375671
2,10,team_travel_distance_recorded,4,-21.978054761886597,-47.064462184906006
2,11,team_travel_distance_recorded,4,-249.94581425189978,-262.63428950309753
2,12,team_travel_distance_recorded,4,39.40449380874635,-41.541009187698364
2,13,team_travel_distance_recorded,4,100.73013830184937,101.05823373794556
2,14,team_travel_distance_recorded,4,122.65468156337741,70.66439032554626
2,15,team_travel_distance_recorded,4,120.47747766971585,50.46965217590332
2,16,team_travel_distance_recorded,4,82.4959864616394,-12.269198417663574
2,17,team_travel_distance_recorded,4,179.2032269239426,175.16283869743353
2,18,team_travel_distance_recorded,4,-123.77174651622772,-144.45708560943604
2,19,team_travel_distance_recorded,4,27.897311210632324,72.96619534492493
2,20,team_travel_distance_recorded,4,-35.418591618537846,-48.56169056892395
2,21,team_travel_distance_recorded,4,-62.66780483722684,-46.9987580776214
2,22,team_travel_distance_recorded,4,-4.523474931716919,6.845961332321167
2,23,team_travel_distance_recorded,4,-100.05916440486908,-58.695069789886475
2,24,team_travel_distance_recorded,4,-138.7182240486145,-166.6493399143219
2,25,team_travel_distance_recorded,4,1.2874069213867188,-53.86664271354675
2,26,team_travel_distance_recorded,4,-78.08326029777527,-137.76013255119324
2,27,team_travel_distance_recorded,4,16.816245436668396,9.947419166564941
2,28,team_travel_distance_recorded,4,151.43396425247192,186.8635175228119
2,29,team_travel_distance_recorded,4,-142.75516486167908,-150.6862916946411
2,30,team_travel_distance_recorded,4,216.65371799468994,213.49530124664307
2,31,team_travel_distance_recorded,4,-137.38916504383081,-107.23732089996338
2,32,team_travel_distance_recorded,4,84.27208912372592,60.33438968658453
2,33,team_travel_distance_recorded,4,-46.52471685409543,32.08955454826361
2,34,team_travel_distance_recorded,4,73.59112811088562,110.76709008216858
2,35,team_travel_distance_recorded,4,-58.79241693019867,-45.77269911766052
2,36,team_travel_distance_recorded,4,35.41175162792206,-50.53156781196594
2,37,team_travel_distance_recorded,4,48.92234873771662,126.73887252807617
2,38,team_travel_distance_recorded,4,-130.98371863365173,-100.84844517707825
2,39,team_travel_distance_recorded,4,97.98248767852783,74.20103240013123
2,40,team_travel_distance_recorded,4,-281.5347368717194,-225.57607769966125
2,41,team_travel_distance_recorded,4,-7.643708944320679,15.224153757095337
2,42,team_travel_distance_recorded,4,213.92800164222714,154.51159358024591
2,43,team_travel_distance_recorded,4,-164.54662919044495,-97.21100854873657
2,44,team_travel_distance_recorded,4,-126.52909493446352,-138.5597634315491
2,45,team_travel_distance_recorded,4,-96.23729896545414,-195.86471557617188
2,46,team_travel_distance_recorded,4,-112.57511413097384,-176.31495022773748
2,47,team_travel_distance_recorded,4,51.456807255744934,-26.155280590057373
2,48,team_travel_distance_recorded,4,-116.9457813501358,-101.3468496799469
2,49,team_travel_distance_recorded,4,-60.08106577396396,-16.716949224472046
2,50,team_travel_distance_recorded,4,5.316866397857666,69.189129114151
2,51,team_travel_distance_recorded,4,82.62401306629181,72.20103240013123
2,52,team_travel_distance_recorded,4,-130.29646337032318,-109.66809415817261
2,53,team_travel_distance_recorded,4,-139.1411827802658,-147.86471557617182
2,54,team_travel_distance_recorded,4,56.36820530891424,13.234815120697021
2,55,team_travel_distance_recorded,4,142.79995310306546,143.2830507755279
2,56,team_travel_distance_recorded,4,100.50815713405608,141.7770881652832
2,57,team_travel_distance_recorded,4,-173.9075876474381,-254.56663632392883
2,58,team_travel_distance_recorded,4,-273.2332211732865,-276.8879027366638
2,59,team_travel_distance_recorded,4,-140.31178116798404,-64.4789650440216
2,60,team_travel_distance_recorded,4,-67.47679245471953,7.542936325073242
2,61,team_travel_distance_recorded,4,-96.80869829654688,-19.96054244041443
2,62,team_travel_distance_recorded,4,-168.7708048820496,-112.96619534492493
2,63,team_travel_distance_recorded,4,103.10394167900083,119.1740567684173
2,64,team_travel_distance_recorded,4,27.407651901245103,-65.46898889541629
2,65,team_travel_distance_recorded,4,-46.88415503501892,-114.85912847518921
2,66,team_travel_distance_recorded,4,88.56044864654547,111.40955710411072
2,67,team_travel_distance_recorded,4,-295.1796987056732,-310.20161104202276
2,68,team_travel_distance_recorded,4,94.21854472160345,43.599884271621704
2,69,team_travel_distance_recorded,4,-27.25921130180359,-7.85157036781311
2,70,team_travel_distance_recorded,4,21.04039919376376,-11.211008548736572
2,71,team_travel_distance_recorded,4,-202.69410622119904,-240.8309109210968
2,72,team_travel_distance_recorded,4,-83.25263869762418,-42.568541526794434
2,73,team_travel_distance_recorded,4,132.2614277601242,141.740136384964
2,74,team_travel_distance_recorded,4,-97.49748480319977,-89.03192138671875
2,75,team_travel_distance_recorded,4,-15.099552631378174,-161.69192266464233
2,76,team_travel_distance_recorded,4,112.80120599269875,4.428333282470703
2,77,team_travel_distance_recorded,4,-55.317155718803406,99.639319896698
2,78,team_travel_distance_recorded,4,-115.52033877372742,-155.35314393043518
2,79,team_travel_distance_recorded,4,-229.12613236904147,-240.76764678955084
2,80,team_travel_distance_recorded,4,-87.16747319698334,-4.867862701416016
2,81,team_travel_distance_recorded,4,-305.8080459833145,-311.4057466983795
2,82,team_travel_distance_recorded,4,-176.70315170288083,-171.35562777519226
2,83,team_travel_distance_recorded,4,1.9026528596878052,-45.361900091171265
2,84,team_travel_distance_recorded,4,-135.82309639453888,-95.43833136558533
2,85,team_travel_distance_recorded,4,209.1127088069916,289.57607769966125
2,86,team_travel_distance_recorded,4,159.97058439254766,116.88102984428406
2,87,team_travel_distance_recorded,4,-200.77298843860626,-205.54349303245544
2,88,team_travel_distance_recorded,4,-211.98618054389954,-243.8102295398712
2,89,team_travel_distance_recorded,4,-115.02095973491672,-105.20664143562317
2,90,team_travel_distance_recorded,4,-110.51281356811523,-31.512813568115234
2,91,team_travel_distance_recorded,4,-141.48214507102966,-210.99248576164246
2,92,team_travel_distance_recorded,4,-177.24169898033142,-262.9467558860779
2,93,team_travel_distance_recorded,4,-131.984938621521,-86.17279291152954
2,94,team_travel_distance_recorded,4,-160.63743662834167,-155.75767064094543
2,95,team_travel_distance_recorded,4,-84.06793153285982,-55.33124256134036
2,96,team_travel_distance_recorded,4,-12.725727319717393,28.67314648628235
2,97,team_travel_distance_recorded,4,-41.364094614982605,-62.17718195915222
2,98,team_travel_distance_recorded,4,126.7244963645935,59.67629361152649
2,99,team_travel_distance_recorded,4,43.1781564950943,113.51035165786743
2,0,team_path_per_robot,4,-36.05415439605713,-41.631794691085815
2,1,team_path_per_robot,4,-141.57888221740723,-151.03410494327545
2,2,team_path_per_robot,4,15.965568900108337,12.568274140357971
2,3,team_path_per_robot,4,-33.84547406435014,-40.71381306648257
2,4,team_path_per_robot,4,19.361156404018402,-32.34437680244446
2,5,team_path_per_robot,4,-40.19786334037781,-28.38258147239685
2,6,team_path_per_robot,4,-75.48904931545258,-59.06011700630188
2,7,team_path_per_robot,4,32.575933039188385,-2.2513967752456665
2,8,team_path_per_robot,4,-30.402781069278703,-23.278650760650635
2,9,team_path_per_robot,4,-35.953654646873474,-51.05039727687836
2,10,team_path_per_robot,4,-10.989027380943298,-23.532231092453003
2,11,team_path_per_robot,4,-124.97290712594989,-131.31714475154877
2,12,team_path_per_robot,4,19.702246904373176,-20.770504593849182
2,13,team_path_per_robot,4,50.36506915092468,50.52911686897278
2,14,team_path_per_robot,4,61.327340781688704,35.33219516277313
2,15,team_path_per_robot,4,60.23873883485793,25.23482608795166
2,16,team_path_per_robot,4,41.2479932308197,-6.134599208831787
2,17,team_path_per_robot,4,89.6016134619713,87.58141934871676
2,18,team_path_per_robot,4,-61.88587325811386,-72.22854280471802
2,19,team_path_per_robot,4,13.948655605316162,36.48309767246246
2,20,team_path_per_robot,4,-17.709295809268923,-24.280845284461975
2,21,team_path_per_robot,4,-31.33390241861342,-23.4993790388107
2,22,team_path_per_robot,4,-2.2617374658584595,3.4229806661605835
2,23,team_path_per_robot,4,-50.02958220243454,-29.347534894943237
2,24,team_path_per_robot,4,-69.35911202430725,-83.32466995716095
2,25,team_path_per_robot,4,0.6437034606933594,-26.933321356773376
2,26,team_path_per_robot,4,-39.041630148887634,-68.88006627559662
2,27,team_path_per_robot,4,8.408122718334198,4.973709583282471
2,28,team_path_per_robot,4,75.71698212623596,93.43175876140594
2,29,team_path_per_robot,4,-71.37758243083954,-75.34314584732056
2,30,team_path_per_robot,4,108.32685899734497,106.74765062332153
2,31,team_path_per_robot,4,-68.69458252191541,-53.61866044998169
2,32,team_path_per_robot,4,42.13604456186296,30.167194843292265
2,33,team_path_per_robot,4,-23.262358427047715,16.044777274131803
2,34,team_path_per_robot,4,36.79556405544281,55.38354504108429
2,35,team_path_per_robot,4,-29.396208465099335,-22.88634955883026
2,36,team_path_per_robot,4,17.70587581396103,-25.26578390598297
2,37,team_path_per_robot,4,24.46117436885831,63.369436264038086
2,38,team_path_per_robot,4,-65.49185931682587,-50.42422258853912
2,39,team_path_per_robot,4,48.991243839263916,37.10051620006561
2,40,team_path_per_robot,4,-140.7673684358597,-112.78803884983063
2,41,team_path_per_robot,4,-3.8218544721603394,7.6120768785476685
2,42,team_path_per_robot,4,106.96400082111357,77.25579679012296
2,43,team_path_per_robot,4,-82.27331459522247,-48.605504274368286
2,44,team_path_per_robot,4,-63.26454746723176,-69.27988171577455
2,45,team_path_per_robot,4,-48.11864948272707,-97.93235778808594
2,46,team_path_per_robot,4,-56.28755706548692,-88.15747511386874
2,47,team_path_per_robot,4,25.728403627872467,-13.077640295028687
2,48,team_path_per_robot,4,-58.4728906750679,-50.67342483997345
2,49,team_path_per_robot,4,-30.04053288698198,-8.358474612236023
2,50,team_path_per_robot,4,2.658433198928833,34.5945645570755
2,51,team_path_per_robot,4,41.312006533145905,36.10051620006561
2,52,team_path_per_robot,4,-65.14823168516159,-54.834047079086304
2,53,team_path_per_robot,4,-69.5705913901329,-73.93235778808591
2,54,team_path_per_robot,4,28.18410265445712,6.617407560348511
2,55,team_path_per_robot,4,71.39997655153273,71.64152538776395
2,56,team_path_per_robot,4,50.25407856702804,70.8885440826416
2,57,team_path_per_robot,4,-86.95379382371905,-127.28331816196442
2,58,team_path_per_robot,4,-136.61661058664325,-138.4439513683319
2,59,team_path_per_robot,4,-70.15589058399202,-32.2394825220108
2,60,team_path_per_robot,4,-33.738396227359765,3.771468162536621
2,61,team_path_per_robot,4,-48.40434914827344,-9.980271220207214
2,62,team_path_per_robot,4,-84.3854024410248,-56.48309767246246
2,63,team_path_per_robot,4,51.55197083950041,59.58702838420865
2,64,team_path_per_robot,4,13.703825950622551,-32.734494447708144
2,65,team_path_per_robot,4,-23.44207751750946,-57.429564237594604
2,66,team_path_per_robot,4,44.28022432327273,55.70477855205536
2,67,team_path_per_robot,4,-147.5898493528366,-155.10080552101138
2,68,team_path_per_robot,4,47.109272360801725,21.799942135810852
2,69,team_path_per_robot,4,-13.629605650901794,-3.925785183906555
2,70,team_path_per_robot,4,10.52019959688188,-5.605504274368286
2,71,team_path_per_robot,4,-101.34705311059952,-120.4154554605484
2,72,team_path_per_robot,4,-41.62631934881209,-21.284270763397217
2,73,team_path_per_robot,4,66.1307138800621,70.870068192482
2,74,team_path_per_robot,4,-48.748742401599884,-44.515960693359375
2,75,team_path_per_robot,4,-7.549776315689087,-80.84596133232117
2,76,team_path_per_robot,4,56.40060299634938,2.2141666412353516
2,77,team_path_per_robot,4,-27.658577859401703,49.819659948349
2,78,team_path_per_robot,4,-57.76016938686371,-77.67657196521759
2,79,team_path_per_robot,4,-114.56306618452074,-120.38382339477542
2,80,team_path_per_robot,4,-43.58373659849167,-2.433931350708008
2,81,team_path_per_robot,4,-152.90402299165726,-155.70287334918976
2,82,team_path_per_robot,4,-88.35157585144042,-85.67781388759613
2,83,team_path_per_robot,4,0.9513264298439026,-22.680950045585632
2,84,team_path_per_robot,4,-67.91154819726944,-47.719165682792664
2,85,team_path_per_robot,4,104.5563544034958,144.78803884983063
2,86,team_path_per_robot,4,79.98529219627383,58.44051492214203
2,87,team_path_per_robot,4,-100.38649421930313,-102.77174651622772
2,88,team_path_per_robot,4,-105.99309027194977,-121.9051147699356
2,89,team_path_per_robot,4,-57.51047986745836,-52.603320717811584
2,90,team_path_per_robot,4,-55.25640678405762,-15.756406784057617
2,91,team_path_per_robot,4,-70.74107253551483,-105.49624288082123
2,92,team_path_per_robot,4,-88.62084949016571,-131.47337794303894
2,93,team_path_per_robot,4,-65.9924693107605,-43.08639645576477
2,94,team_path_per_robot,4,-80.31871831417084,-77.87883532047272
2,95,team_path_per_robot,4,-42.03396576642991,-27.66562128067018
2,96,team_path_per_robot,4,-6.3628636598586965,14.336573243141174
2,97,team_path_per_robot,4,-20.682047307491302,-31.08859097957611
2,98,team_path_per_robot,4,63.36224818229675,29.838146805763245
2,99,team_path_per_robot,4,21.58907824754715,56.755175828933716
2,0,actual_collision_pairs,4,0.0,0.0
2,1,actual_collision_pairs,4,0.0,0.0
2,2,actual_collision_pairs,4,0.0,0.0
2,3,actual_collision_pairs,4,0.0,0.0
2,4,actual_collision_pairs,4,0.0,0.0
2,5,actual_collision_pairs,4,0.0,0.0
2,6,actual_collision_pairs,4,0.0,0.0
2,7,actual_collision_pairs,4,0.0,0.0
2,8,actual_collision_pairs,4,0.0,0.0
2,9,actual_collision_pairs,4,0.0,0.0
2,10,actual_collision_pairs,4,0.0,0.0
2,11,actual_collision_pairs,4,0.0,0.0
2,12,actual_collision_pairs,4,0.0,0.0
2,13,actual_collision_pairs,4,0.0,0.0
2,14,actual_collision_pairs,4,0.0,0.0
2,15,actual_collision_pairs,4,0.0,0.0
2,16,actual_collision_pairs,4,0.0,0.0
2,17,actual_collision_pairs,4,0.0,0.0
2,18,actual_collision_pairs,4,0.0,0.0
2,19,actual_collision_pairs,4,0.0,0.0
2,20,actual_collision_pairs,4,0.0,0.0
2,21,actual_collision_pairs,4,0.0,0.0
2,22,actual_collision_pairs,4,0.0,0.0
2,23,actual_collision_pairs,4,0.0,0.0
2,24,actual_collision_pairs,4,0.0,0.0
2,25,actual_collision_pairs,4,0.0,0.0
2,26,actual_collision_pairs,4,0.0,0.0
2,27,actual_collision_pairs,4,0.0,0.0
2,28,actual_collision_pairs,4,0.0,0.0
2,29,actual_collision_pairs,4,0.0,0.0
2,30,actual_collision_pairs,4,0.0,0.0
2,31,actual_collision_pairs,4,0.0,0.0
2,32,actual_collision_pairs,4,0.0,0.0
2,33,actual_collision_pairs,4,0.0,0.0
2,34,actual_collision_pairs,4,0.0,0.0
2,35,actual_collision_pairs,4,0.0,0.0
2,36,actual_collision_pairs,4,0.0,0.0
2,37,actual_collision_pairs,4,0.0,0.0
2,38,actual_collision_pairs,4,0.0,0.0
2,39,actual_collision_pairs,4,0.0,0.0
2,40,actual_collision_pairs,4,0.0,0.0
2,41,actual_collision_pairs,4,0.0,0.0
2,42,actual_collision_pairs,4,0.0,0.0
2,43,actual_collision_pairs,4,0.0,0.0
2,44,actual_collision_pairs,4,0.0,0.0
2,45,actual_collision_pairs,4,0.0,0.0
2,46,actual_collision_pairs,4,0.0,0.0
2,47,actual_collision_pairs,4,0.0,0.0
2,48,actual_collision_pairs,4,0.0,0.0
2,49,actual_collision_pairs,4,0.0,0.0
2,50,actual_collision_pairs,4,0.0,0.0
2,51,actual_collision_pairs,4,0.0,0.0
2,52,actual_collision_pairs,4,0.0,0.0
2,53,actual_collision_pairs,4,0.0,0.0
2,54,actual_collision_pairs,4,0.0,0.0
2,55,actual_collision_pairs,4,0.0,0.0
2,56,actual_collision_pairs,4,0.0,0.0
2,57,actual_collision_pairs,4,0.0,0.0
2,58,actual_collision_pairs,4,0.0,0.0
2,59,actual_collision_pairs,4,0.0,0.0
2,60,actual_collision_pairs,4,0.0,0.0
2,61,actual_collision_pairs,4,0.0,0.0
2,62,actual_collision_pairs,4,0.0,0.0
2,63,actual_collision_pairs,4,0.0,0.0
2,64,actual_collision_pairs,4,0.0,0.0
2,65,actual_collision_pairs,4,0.0,0.0
2,66,actual_collision_pairs,4,0.0,0.0
2,67,actual_collision_pairs,4,0.0,0.0
2,68,actual_collision_pairs,4,0.0,0.0
2,69,actual_collision_pairs,4,0.0,0.0
2,70,actual_collision_pairs,4,0.0,0.0
2,71,actual_collision_pairs,4,0.0,0.0
2,72,actual_collision_pairs,4,0.0,0.0
2,73,actual_collision_pairs,4,0.0,0.0
2,74,actual_collision_pairs,4,0.0,0.0
2,75,actual_collision_pairs,4,0.0,0.0
2,76,actual_collision_pairs,4,0.0,0.0
2,77,actual_collision_pairs,4,0.0,0.0
2,78,actual_collision_pairs,4,0.0,0.0
2,79,actual_collision_pairs,4,0.0,0.0
2,80,actual_collision_pairs,4,0.0,0.0
2,81,actual_collision_pairs,4,0.0,0.0
2,82,actual_collision_pairs,4,0.0,0.0
2,83,actual_collision_pairs,4,0.0,0.0
2,84,actual_collision_pairs,4,0.0,0.0
2,85,actual_collision_pairs,4,0.0,0.0
2,86,actual_collision_pairs,4,0.0,0.0
2,87,actual_collision_pairs,4,0.0,0.0
2,88,actual_collision_pairs,4,0.0,0.0
2,89,actual_collision_pairs,4,0.0,0.0
2,90,actual_collision_pairs,4,0.0,0.0
2,91,actual_collision_pairs,4,0.0,0.0
2,92,actual_collision_pairs,4,0.0,0.0
2,93,actual_collision_pairs,4,0.0,0.0
2,94,actual_collision_pairs,4,0.0,0.0
2,95,actual_collision_pairs,4,0.0,0.0
2,96,actual_collision_pairs,4,0.0,0.0
2,97,actual_collision_pairs,4,0.0,0.0
2,98,actual_collision_pairs,4,0.0,0.0
2,99,actual_collision_pairs,4,0.0,0.0
2,0,collisions_per_robot_pair,4,0.0,0.0
2,1,collisions_per_robot_pair,4,0.0,0.0
2,2,collisions_per_robot_pair,4,0.0,0.0
2,3,collisions_per_robot_pair,4,0.0,0.0
2,4,collisions_per_robot_pair,4,0.0,0.0
2,5,collisions_per_robot_pair,4,0.0,0.0
2,6,collisions_per_robot_pair,4,0.0,0.0
2,7,collisions_per_robot_pair,4,0.0,0.0
2,8,collisions_per_robot_pair,4,0.0,0.0
2,9,collisions_per_robot_pair,4,0.0,0.0
2,10,collisions_per_robot_pair,4,0.0,0.0
2,11,collisions_per_robot_pair,4,0.0,0.0
2,12,collisions_per_robot_pair,4,0.0,0.0
2,13,collisions_per_robot_pair,4,0.0,0.0
2,14,collisions_per_robot_pair,4,0.0,0.0
2,15,collisions_per_robot_pair,4,0.0,0.0
2,16,collisions_per_robot_pair,4,0.0,0.0
2,17,collisions_per_robot_pair,4,0.0,0.0
2,18,collisions_per_robot_pair,4,0.0,0.0
2,19,collisions_per_robot_pair,4,0.0,0.0
2,20,collisions_per_robot_pair,4,0.0,0.0
2,21,collisions_per_robot_pair,4,0.0,0.0
2,22,collisions_per_robot_pair,4,0.0,0.0
2,23,collisions_per_robot_pair,4,0.0,0.0
2,24,collisions_per_robot_pair,4,0.0,0.0
2,25,collisions_per_robot_pair,4,0.0,0.0
2,26,collisions_per_robot_pair,4,0.0,0.0
2,27,collisions_per_robot_pair,4,0.0,0.0
2,28,collisions_per_robot_pair,4,0.0,0.0
2,29,collisions_per_robot_pair,4,0.0,0.0
2,30,collisions_per_robot_pair,4,0.0,0.0
2,31,collisions_per_robot_pair,4,0.0,0.0
2,32,collisions_per_robot_pair,4,0.0,0.0
2,33,collisions_per_robot_pair,4,0.0,0.0
2,34,collisions_per_robot_pair,4,0.0,0.0
2,35,collisions_per_robot_pair,4,0.0,0.0
2,36,collisions_per_robot_pair,4,0.0,0.0
2,37,collisions_per_robot_pair,4,0.0,0.0
2,38,collisions_per_robot_pair,4,0.0,0.0
2,39,collisions_per_robot_pair,4,0.0,0.0
2,40,collisions_per_robot_pair,4,0.0,0.0
2,41,collisions_per_robot_pair,4,0.0,0.0
2,42,collisions_per_robot_pair,4,0.0,0.0
2,43,collisions_per_robot_pair,4,0.0,0.0
2,44,collisions_per_robot_pair,4,0.0,0.0
2,45,collisions_per_robot_pair,4,0.0,0.0
2,46,collisions_per_robot_pair,4,0.0,0.0
2,47,collisions_per_robot_pair,4,0.0,0.0
2,48,collisions_per_robot_pair,4,0.0,0.0
2,49,collisions_per_robot_pair,4,0.0,0.0
2,50,collisions_per_robot_pair,4,0.0,0.0
2,51,collisions_per_robot_pair,4,0.0,0.0
2,52,collisions_per_robot_pair,4,0.0,0.0
2,53,collisions_per_robot_pair,4,0.0,0.0
2,54,collisions_per_robot_pair,4,0.0,0.0
2,55,collisions_per_robot_pair,4,0.0,0.0
2,56,collisions_per_robot_pair,4,0.0,0.0
2,57,collisions_per_robot_pair,4,0.0,0.0
2,58,collisions_per_robot_pair,4,0.0,0.0
2,59,collisions_per_robot_pair,4,0.0,0.0
2,60,collisions_per_robot_pair,4,0.0,0.0
2,61,collisions_per_robot_pair,4,0.0,0.0
2,62,collisions_per_robot_pair,4,0.0,0.0
2,63,collisions_per_robot_pair,4,0.0,0.0
2,64,collisions_per_robot_pair,4,0.0,0.0
2,65,collisions_per_robot_pair,4,0.0,0.0
2,66,collisions_per_robot_pair,4,0.0,0.0
2,67,collisions_per_robot_pair,4,0.0,0.0
2,68,collisions_per_robot_pair,4,0.0,0.0
2,69,collisions_per_robot_pair,4,0.0,0.0
2,70,collisions_per_robot_pair,4,0.0,0.0
2,71,collisions_per_robot_pair,4,0.0,0.0
2,72,collisions_per_robot_pair,4,0.0,0.0
2,73,collisions_per_robot_pair,4,0.0,0.0
2,74,collisions_per_robot_pair,4,0.0,0.0
2,75,collisions_per_robot_pair,4,0.0,0.0
2,76,collisions_per_robot_pair,4,0.0,0.0
2,77,collisions_per_robot_pair,4,0.0,0.0
2,78,collisions_per_robot_pair,4,0.0,0.0
2,79,collisions_per_robot_pair,4,0.0,0.0
2,80,collisions_per_robot_pair,4,0.0,0.0
2,81,collisions_per_robot_pair,4,0.0,0.0
2,82,collisions_per_robot_pair,4,0.0,0.0
2,83,collisions_per_robot_pair,4,0.0,0.0
2,84,collisions_per_robot_pair,4,0.0,0.0
2,85,collisions_per_robot_pair,4,0.0,0.0
2,86,collisions_per_robot_pair,4,0.0,0.0
2,87,collisions_per_robot_pair,4,0.0,0.0
2,88,collisions_per_robot_pair,4,0.0,0.0
2,89,collisions_per_robot_pair,4,0.0,0.0
2,90,collisions_per_robot_pair,4,0.0,0.0
2,91,collisions_per_robot_pair,4,0.0,0.0
2,92,collisions_per_robot_pair,4,0.0,0.0
2,93,collisions_per_robot_pair,4,0.0,0.0
2,94,collisions_per_robot_pair,4,0.0,0.0
2,95,collisions_per_robot_pair,4,0.0,0.0
2,96,collisions_per_robot_pair,4,0.0,0.0
2,97,collisions_per_robot_pair,4,0.0,0.0
2,98,collisions_per_robot_pair,4,0.0,0.0
2,99,collisions_per_robot_pair,4,0.0,0.0
2,0,deadlock_duration_robot_steps,4,0.0,0.0
2,1,deadlock_duration_robot_steps,4,0.0,0.0
2,2,deadlock_duration_robot_steps,4,0.0,0.0
2,3,deadlock_duration_robot_steps,4,0.0,0.0
2,4,deadlock_duration_robot_steps,4,0.0,0.0
2,5,deadlock_duration_robot_steps,4,0.0,0.0
2,6,deadlock_duration_robot_steps,4,0.0,0.0
2,7,deadlock_duration_robot_steps,4,0.0,0.0
2,8,deadlock_duration_robot_steps,4,3.75,0.0
2,9,deadlock_duration_robot_steps,4,0.0,0.0
2,10,deadlock_duration_robot_steps,4,0.0,0.0
2,11,deadlock_duration_robot_steps,4,0.0,0.0
2,12,deadlock_duration_robot_steps,4,0.0,0.0
2,13,deadlock_duration_robot_steps,4,0.0,0.0
2,14,deadlock_duration_robot_steps,4,0.0,0.0
2,15,deadlock_duration_robot_steps,4,0.0,0.0
2,16,deadlock_duration_robot_steps,4,0.0,0.0
2,17,deadlock_duration_robot_steps,4,0.0,0.0
2,18,deadlock_duration_robot_steps,4,0.0,0.0
2,19,deadlock_duration_robot_steps,4,0.0,0.0
2,20,deadlock_duration_robot_steps,4,0.0,0.0
2,21,deadlock_duration_robot_steps,4,0.0,0.0
2,22,deadlock_duration_robot_steps,4,0.0,0.0
2,23,deadlock_duration_robot_steps,4,0.0,0.0
2,24,deadlock_duration_robot_steps,4,2.75,2.0
2,25,deadlock_duration_robot_steps,4,0.0,0.0
2,26,deadlock_duration_robot_steps,4,0.0,0.0
2,27,deadlock_duration_robot_steps,4,0.0,0.0
2,28,deadlock_duration_robot_steps,4,0.0,0.0
2,29,deadlock_duration_robot_steps,4,1.0,0.0
2,30,deadlock_duration_robot_steps,4,0.0,0.0
2,31,deadlock_duration_robot_steps,4,0.0,0.0
2,32,deadlock_duration_robot_steps,4,0.0,0.0
2,33,deadlock_duration_robot_steps,4,0.0,0.0
2,34,deadlock_duration_robot_steps,4,0.0,0.0
2,35,deadlock_duration_robot_steps,4,0.0,0.0
2,36,deadlock_duration_robot_steps,4,0.0,0.0
2,37,deadlock_duration_robot_steps,4,0.0,0.0
2,38,deadlock_duration_robot_steps,4,1.0,0.0
2,39,deadlock_duration_robot_steps,4,1.0,0.0
2,40,deadlock_duration_robot_steps,4,0.0,0.0
2,41,deadlock_duration_robot_steps,4,0.0,0.0
2,42,deadlock_duration_robot_steps,4,0.0,0.0
2,43,deadlock_duration_robot_steps,4,0.0,0.0
2,44,deadlock_duration_robot_steps,4,0.0,0.0
2,45,deadlock_duration_robot_steps,4,0.0,0.0
2,46,deadlock_duration_robot_steps,4,0.0,0.0
2,47,deadlock_duration_robot_steps,4,0.0,0.0
2,48,deadlock_duration_robot_steps,4,0.0,0.0
2,49,deadlock_duration_robot_steps,4,0.0,0.0
2,50,deadlock_duration_robot_steps,4,0.0,0.0
2,51,deadlock_duration_robot_steps,4,0.0,0.0
2,52,deadlock_duration_robot_steps,4,1.0,0.0
2,53,deadlock_duration_robot_steps,4,0.0,0.0
2,54,deadlock_duration_robot_steps,4,0.0,0.0
2,55,deadlock_duration_robot_steps,4,0.0,0.0
2,56,deadlock_duration_robot_steps,4,0.0,0.0
2,57,deadlock_duration_robot_steps,4,0.0,0.0
2,58,deadlock_duration_robot_steps,4,1.0,0.0
2,59,deadlock_duration_robot_steps,4,0.0,0.0
2,60,deadlock_duration_robot_steps,4,0.0,0.0
2,61,deadlock_duration_robot_steps,4,0.0,0.0
2,62,deadlock_duration_robot_steps,4,0.0,0.0
2,63,deadlock_duration_robot_steps,4,0.0,0.0
2,64,deadlock_duration_robot_steps,4,0.0,0.0
2,65,deadlock_duration_robot_steps,4,0.0,0.0
2,66,deadlock_duration_robot_steps,4,0.0,0.0
2,67,deadlock_duration_robot_steps,4,0.0,0.0
2,68,deadlock_duration_robot_steps,4,0.0,0.0
2,69,deadlock_duration_robot_steps,4,0.0,0.0
2,70,deadlock_duration_robot_steps,4,2.0,0.0
2,71,deadlock_duration_robot_steps,4,2.75,0.0
2,72,deadlock_duration_robot_steps,4,0.0,0.0
2,73,deadlock_duration_robot_steps,4,0.0,0.0
2,74,deadlock_duration_robot_steps,4,0.0,0.0
2,75,deadlock_duration_robot_steps,4,0.0,0.0
2,76,deadlock_duration_robot_steps,4,0.0,0.0
2,77,deadlock_duration_robot_steps,4,0.0,0.0
2,78,deadlock_duration_robot_steps,4,0.0,0.0
2,79,deadlock_duration_robot_steps,4,0.0,0.0
2,80,deadlock_duration_robot_steps,4,0.0,0.0
2,81,deadlock_duration_robot_steps,4,0.0,0.0
2,82,deadlock_duration_robot_steps,4,0.0,0.0
2,83,deadlock_duration_robot_steps,4,0.0,0.0
2,84,deadlock_duration_robot_steps,4,0.0,0.0
2,85,deadlock_duration_robot_steps,4,0.0,0.0
2,86,deadlock_duration_robot_steps,4,0.0,0.0
2,87,deadlock_duration_robot_steps,4,0.0,0.0
2,88,deadlock_duration_robot_steps,4,0.0,0.0
2,89,deadlock_duration_robot_steps,4,0.0,0.0
2,90,deadlock_duration_robot_steps,4,0.0,0.0
2,91,deadlock_duration_robot_steps,4,0.0,0.0
2,92,deadlock_duration_robot_steps,4,1.5,1.0
2,93,deadlock_duration_robot_steps,4,0.0,0.0
2,94,deadlock_duration_robot_steps,4,0.0,0.0
2,95,deadlock_duration_robot_steps,4,0.0,0.0
2,96,deadlock_duration_robot_steps,4,0.0,0.0
2,97,deadlock_duration_robot_steps,4,0.0,0.0
2,98,deadlock_duration_robot_steps,4,0.0,0.0
2,99,deadlock_duration_robot_steps,4,0.0,0.0
4,0,final_coverage,4,0.002912686367288697,0.003749665208463593
4,1,final_coverage,4,-0.0013282899366643397,-0.0026565798733286794
4,2,final_coverage,4,0.0019452590420332427,0.0016813294232648768
4,3,final_coverage,4,0.0007473003773866838,-0.0005791577924746383
4,4,final_coverage,4,-0.00022951782894495287,-0.00011016855789353075
4,5,final_coverage,4,-0.0006776343033543519,-0.0003011708014908909
4,6,final_coverage,4,-0.0006158346483968458,-0.0013086486278434117
4,7,final_coverage,4,-0.00036447235617362295,-7.476356024083142e-05
4,8,final_coverage,4,-0.0028077879682884,-0.0021957096222601225
4,9,final_coverage,4,0.0003129832830105206,0.0011782900066278912
4,10,final_coverage,4,0.003375489846811519,0.0030459565372283337
4,11,final_coverage,4,0.000741056563933945,0.001076054736671106
4,12,final_coverage,4,-0.00023015842571647016,-0.0017837277993019152
4,13,final_coverage,4,0.00037743987921920463,0.0014738128617132196
4,14,final_coverage,4,0.002031969655919813,0.0
4,15,final_coverage,4,-0.0018781302170284286,-0.002048869327667291
4,16,final_coverage,4,0.0009269315755964513,0.0008239391783080308
4,17,final_coverage,4,-0.0015051578018943912,-0.0030103156037887824
4,18,final_coverage,4,0.00117061496306059,0.0007457250875794186
4,19,final_coverage,4,0.0013610904390741196,0.0
4,20,final_coverage,4,0.0010129591802565119,0.00030137628503501546
4,21,final_coverage,4,0.003295437377247412,0.0024550536334795314
4,22,final_coverage,4,0.002414873382314553,0.0008391451907656666
4,23,final_coverage,4,-0.0006204988403792078,0.0004068844854945852
4,24,final_coverage,4,-0.0045637701471618886,-0.005133146461107185
4,25,final_coverage,4,0.0021877050973529433,0.0005833880259608071
4,26,final_coverage,4,0.00047176792718126026,-0.0007215274180418785
4,27,final_coverage,4,-0.0007550874013667053,-0.0011137539170159028
4,28,final_coverage,4,-0.001641556925546267,-0.0005471856418487464
4,29,final_coverage,4,0.0007123429607563125,-0.00030220610456338504
4,30,final_coverage,4,-0.0033815501234396583,-0.003407628916165528
4,31,final_coverage,4,0.0004074979625102726,-0.0001111358079572966
4,32,final_coverage,4,-0.002405091393472919,-0.002016576629911948
4,33,final_coverage,4,-0.0014363609748957173,-0.0010612603381395247
4,34,final_coverage,4,0.0015029003339778746,0.002373000527333524
4,35,final_coverage,4,0.000935197430568635,0.0024560740600793607
4,36,final_coverage,4,0.0032258064516129115,0.0034589972794403234
4,37,final_coverage,4,0.0008619353839001975,0.0008716200511350025
4,38,final_coverage,4,0.0011222766772372994,-0.00039125241958737345
4,39,final_coverage,4,0.00048086170417388496,0.0
4,40,final_coverage,4,-0.003612803057446573,-0.002289103865599773
4,41,final_coverage,4,0.001262353804324351,0.0018989253808640028
4,42,final_coverage,4,0.0009346334695136405,0.001753642179912196
4,43,final_coverage,4,0.00011075014766695479,-0.00011075014766670499
4,44,final_coverage,4,-0.001340287590391509,-2.0779652564195672e-05
4,45,final_coverage,4,-0.0032171973823712507,-0.003820421891565784
4,46,final_coverage,4,-0.0023159051656461427,-0.0024140367404616447
4,47,final_coverage,4,0.0030071589111796138,0.002747024057271341
4,48,final_coverage,4,-0.0038048004845914196,-0.003293707882183694
4,49,final_coverage,4,-0.0016356457980822858,-0.0018048505358149725
4,50,final_coverage,4,0.0054420505200594715,0.00659361069836556
4,51,final_coverage,4,0.001744784714541786,-1.9068685404799446e-05
4,52,final_coverage,4,0.005528021349599677,0.005676282458592752
4,53,final_coverage,4,-0.0004704690214243912,0.0
4,54,final_coverage,4,-0.00015470860179828128,0.0004732263113828572
4,55,final_coverage,4,0.001689253312075284,9.490187146488083e-05
4,56,final_coverage,4,0.0007683650058439295,0.0007142547941647592
4,57,final_coverage,4,-0.002470409382126143,-0.002171788467803193
4,58,final_coverage,4,0.0004356435643564083,0.0
4,59,final_coverage,4,-0.003829344007842461,-0.0036353239114451097
4,60,final_coverage,4,0.00013184584178499437,0.0
4,61,final_coverage,4,-0.0012496635521205834,-1.9225593109573058e-05
4,62,final_coverage,4,0.0009958322575886192,0.0005716814812082305
4,63,final_coverage,4,0.0018004217562567204,0.002307722914096977
4,64,final_coverage,4,-0.0016245938515371539,-0.001187203199200182
4,65,final_coverage,4,-0.0014891036844169592,-0.001498020472946393
4,66,final_coverage,4,0.004490425700268974,0.0056773223611329415
4,67,final_coverage,4,0.004446450522433892,0.004187154271665605
4,68,final_coverage,4,0.001889461648773294,0.00315879229487237
4,69,final_coverage,4,0.0022445081184336024,0.001776504297994197
4,70,final_coverage,4,0.0006981981981981911,0.0
4,71,final_coverage,4,0.0023424190800681866,0.0009258573439004936
4,72,final_coverage,4,0.0,0.0
4,73,final_coverage,4,0.0023301007509150262,0.0016980491302214795
4,74,final_coverage,4,0.0008374252978569641,-0.00011419435879866935
4,75,final_coverage,4,-0.0002202419272863132,-1.6941686714400106e-05
4,76,final_coverage,4,-0.0012846159880755825,-0.0020789205303208824
4,77,final_coverage,4,0.00030893862419331675,0.0018879582589592103
4,78,final_coverage,4,0.0007616072805800012,0.0015039333641833075
4,79,final_coverage,4,-0.003871800387179991,-0.0026887502688749954
4,80,final_coverage,4,-0.00023841961852866245,-0.0002497729336968235
4,81,final_coverage,4,0.0014971841040691547,0.0
4,82,final_coverage,4,0.003960918933192448,0.004319287789052717
4,83,final_coverage,4,-0.0026572098286453405,-0.0014953119948270532
4,84,final_coverage,4,-0.001814265755976402,-0.00034927041291521466
4,85,final_coverage,4,-6.616257088842836e-05,0.0
4,86,final_coverage,4,0.0005749329244921497,0.0
4,87,final_coverage,4,-0.00383316008316012,-0.004049722799722821
4,88,final_coverage,4,0.002195952879366303,0.0014160817633298017
4,89,final_coverage,4,0.0010634628650264821,0.0015137579520195787
4,90,final_coverage,4,0.002819789797487815,0.0027099278573259333
4,91,final_coverage,4,-0.004189145735824712,-0.0037157454714352167
4,92,final_coverage,4,0.0027595245126993406,0.0015505020673360903
4,93,final_coverage,4,-0.000555807155502519,-0.0010086870599860243
4,94,final_coverage,4,0.0009847365829639965,0.0008900503730636111
4,95,final_coverage,4,0.004084933862975593,0.005078013022646377
4,96,final_coverage,4,-0.0010534156203448886,-0.0017663332623963912
4,97,final_coverage,4,-0.002188641062865676,-0.0016717258369627341
4,98,final_coverage,4,0.0018140312257959035,0.0
4,99,final_coverage,4,0.0012588836112997215,0.0007856862254920216
4,0,coverage_auc,4,-0.024673783862718568,-0.01659131770761446
4,1,coverage_auc,4,-0.07251210342803768,-0.03362933486787123
4,2,coverage_auc,4,-0.031258288978605636,-0.03243549508195687
4,3,coverage_auc,4,0.03275014468969911,0.014486880799177704
4,4,coverage_auc,4,0.06875306073030685,0.07518645941096597
4,5,coverage_auc,4,0.012732654719344344,0.023168168935307487
4,6,coverage_auc,4,0.004603017355205519,-0.025172180432231017
4,7,coverage_auc,4,-0.006711735976630051,-0.0038898950551786715
4,8,coverage_auc,4,0.08685863914520489,0.09359469845415486
4,9,coverage_auc,4,0.030265688247335942,0.06263696729636786
4,10,coverage_auc,4,0.015068237714336602,-0.0003163087951118526
4,11,coverage_auc,4,0.028901896250614095,0.05212442048993382
4,12,coverage_auc,4,-0.01100333260125208,-0.030207035565036067
4,13,coverage_auc,4,0.032900687020242125,0.03561754726529914
4,14,coverage_auc,4,-0.06876097544894019,-0.06516810003881096
4,15,coverage_auc,4,-0.03878289384345915,-0.04961851726459404
4,16,coverage_auc,4,-0.034843803135887336,-0.041456407410631946
4,17,coverage_auc,4,0.020854171418006412,0.0321543520227946
4,18,coverage_auc,4,-0.0027708400061164096,-0.0006045330695880757
4,19,coverage_auc,4,-0.020478838938173566,-0.01399564713425372
4,20,coverage_auc,4,0.009749755452172687,0.025555943046344343
4,21,coverage_auc,4,0.03564562679792571,0.006537922037111454
4,22,coverage_auc,4,-0.026173870631258395,-0.03971637054003818
4,23,coverage_auc,4,-0.006159618637528674,-0.0038904748740852257
4,24,coverage_auc,4,0.015970792977704873,-6.445459934018016e-05
4,25,coverage_auc,4,-0.021285288296517046,-0.012326417418389357
4,26,coverage_auc,4,0.013183332308969009,0.031021231866682042
4,27,coverage_auc,4,0.05743542816233049,0.03739748926085862
4,28,coverage_auc,4,-9.606806064793583e-05,-0.005084097181525138
4,29,coverage_auc,4,-0.007952438422899222,-0.013043865032193958
4,30,coverage_auc,4,-0.0007584287500057296,-0.012575668894626468
4,31,coverage_auc,4,-0.003200260394925547,0.015669550454137815
4,32,coverage_auc,4,0.029245427989938705,0.010949626419794078
4,33,coverage_auc,4,-0.06407234440178228,-0.08923975684737201
4,34,coverage_auc,4,-0.01635701379571461,-0.002987876324326122
4,35,coverage_auc,4,-0.004790570440572267,-0.027490494906949547
4,36,coverage_auc,4,0.01979343371320197,0.006326992576020818
4,37,coverage_auc,4,0.0026166233953314744,0.0016033186929964027
4,38,coverage_auc,4,0.04526584237287534,0.04524536174106847
4,39,coverage_auc,4,0.01340395654197482,0.013925795842476107
4,40,coverage_auc,4,-0.012143443342975957,-0.01866520455225723
4,41,coverage_auc,4,0.031127242103303365,0.0504019800809799
4,42,coverage_auc,4,-0.03933143162911967,-0.026198601657935694
4,43,coverage_auc,4,0.042796221240441495,0.05754705696782281
4,44,coverage_auc,4,-0.04155831381352759,-0.039918492339684364
4,45,coverage_auc,4,0.02423153652293933,0.014716960215753139
4,46,coverage_auc,4,-0.03798013837082212,-0.03311528458468216
4,47,coverage_auc,4,-0.062472960970469116,-0.08988781937612428
4,48,coverage_auc,4,0.017963232287692504,0.0012601821045290507
4,49,coverage_auc,4,-0.0469183075043971,-0.0560376272470573
4,50,coverage_auc,4,0.024146174336723808,0.023389175664313422
4,51,coverage_auc,4,-0.025504414248816443,-0.05472633301817981
4,52,coverage_auc,4,0.011901144252094986,0.014564077335937065
4,53,coverage_auc,4,-0.054371916269131904,-0.050513603540787766
4,54,coverage_auc,4,0.020565401137107475,0.01343403939871518
4,55,coverage_auc,4,0.01594219733413088,0.016457249416162723
4,56,coverage_auc,4,-0.002939447259164979,-0.005350207807463869
4,57,coverage_auc,4,-0.01741579735362378,-0.02592361296155249
4,58,coverage_auc,4,0.03777391653260756,0.030606534219245918
4,59,coverage_auc,4,-0.00711543254487354,-0.012366815834327916
4,60,coverage_auc,4,-0.008794167185604218,0.015274599906351882
4,61,coverage_auc,4,-0.024958920044372362,-0.005017429293889264
4,62,coverage_auc,4,0.011553006498869312,0.02791476899902612
4,63,coverage_auc,4,-0.004908929192076195,-0.031324340512530024
4,64,coverage_auc,4,-0.016206615401349017,-0.05043209618439165
4,65,coverage_auc,4,-0.03935745974111368,-0.021241414150974802
4,66,coverage_auc,4,-0.008838890161979113,-0.010806954029447313
4,67,coverage_auc,4,-0.06017595860219435,-0.060594332014162866
4,68,coverage_auc,4,0.07371785753131624,0.06418729632134629
4,69,coverage_auc,4,0.017396230416004632,0.02574184952265185
4,70,coverage_auc,4,0.019531757099506525,0.004994198150719886
4,71,coverage_auc,4,-0.01206828027508905,-0.011779216996075814
4,72,coverage_auc,4,-0.00927822019866345,-0.0012810604258557956
4,73,coverage_auc,4,0.021758480911691913,0.031319570720184875
4,74,coverage_auc,4,-0.0036098270854215686,-0.013422339929883842
4,75,coverage_auc,4,-0.018924263216754,-0.0107122155438939
4,76,coverage_auc,4,-0.02406829617335471,0.004183655828234378
4,77,coverage_auc,4,-0.00011543129936888996,-0.033602539006061416
4,78,coverage_auc,4,-0.02555167079639384,-0.014990997558191721
4,79,coverage_auc,4,-0.051204031574928977,-0.045329097123996354
4,80,coverage_auc,4,0.04403385094527254,0.039573396687748896
4,81,coverage_auc,4,-0.042552102344763726,-0.032881275230449925
4,82,coverage_auc,4,-0.01046791561040053,-0.006658603167670807
4,83,coverage_auc,4,-0.004142361682468787,-0.0036312975328527397
4,84,coverage_auc,4,-0.039255629600858766,-0.016372492395567928
4,85,coverage_auc,4,-0.02620509390307843,-0.009020880201348391
4,86,coverage_auc,4,0.06083311971609476,0.053371979513000545
4,87,coverage_auc,4,-0.0014752213249636104,-0.013672561738981737
4,88,coverage_auc,4,-0.043427315914992076,-0.05512163854424651
4,89,coverage_auc,4,-0.006672963172285107,-0.0234089697315219
4,90,coverage_auc,4,-0.02863473414519907,-0.01733758070005753
4,91,coverage_auc,4,0.024239368584072468,0.009347592242896052
4,92,coverage_auc,4,-0.016039096812761333,-0.01998559627801405
4,93,coverage_auc,4,-0.004217857922779122,-0.024868425778045378
4,94,coverage_auc,4,-0.027337586578001505,-0.07542579016328294
4,95,coverage_auc,4,0.026163574724111793,0.02091494442737335
4,96,coverage_auc,4,0.011264874446571232,0.01632165627184029
4,97,coverage_auc,4,0.06253026748824161,0.060242513947519394
4,98,coverage_auc,4,0.06438301851011419,0.05109006043975062
4,99,coverage_auc,4,-0.03689215290364778,-0.044052872072407157
4,0,reached_95_rate,4,0.0,0.0
4,1,reached_95_rate,4,0.0,0.0
4,2,reached_95_rate,4,0.0,0.0
4,3,reached_95_rate,4,0.0,0.0
4,4,reached_95_rate,4,0.0,0.0
4,5,reached_95_rate,4,0.0,0.0
4,6,reached_95_rate,4,0.0,0.0
4,7,reached_95_rate,4,0.0,0.0
4,8,reached_95_rate,4,0.0,0.0
4,9,reached_95_rate,4,0.0,0.0
4,10,reached_95_rate,4,0.0,0.0
4,11,reached_95_rate,4,0.0,0.0
4,12,reached_95_rate,4,0.0,0.0
4,13,reached_95_rate,4,0.0,0.0
4,14,reached_95_rate,4,0.0,0.0
4,15,reached_95_rate,4,0.0,0.0
4,16,reached_95_rate,4,0.0,0.0
4,17,reached_95_rate,4,0.0,0.0
4,18,reached_95_rate,4,0.0,0.0
4,19,reached_95_rate,4,0.0,0.0
4,20,reached_95_rate,4,0.0,0.0
4,21,reached_95_rate,4,0.0,0.0
4,22,reached_95_rate,4,0.0,0.0
4,23,reached_95_rate,4,0.0,0.0
4,24,reached_95_rate,4,0.0,0.0
4,25,reached_95_rate,4,0.0,0.0
4,26,reached_95_rate,4,0.0,0.0
4,27,reached_95_rate,4,0.0,0.0
4,28,reached_95_rate,4,0.0,0.0
4,29,reached_95_rate,4,0.0,0.0
4,30,reached_95_rate,4,0.0,0.0
4,31,reached_95_rate,4,0.0,0.0
4,32,reached_95_rate,4,0.0,0.0
4,33,reached_95_rate,4,0.0,0.0
4,34,reached_95_rate,4,0.0,0.0
4,35,reached_95_rate,4,0.0,0.0
4,36,reached_95_rate,4,0.0,0.0
4,37,reached_95_rate,4,0.0,0.0
4,38,reached_95_rate,4,0.0,0.0
4,39,reached_95_rate,4,0.0,0.0
4,40,reached_95_rate,4,0.0,0.0
4,41,reached_95_rate,4,0.0,0.0
4,42,reached_95_rate,4,0.0,0.0
4,43,reached_95_rate,4,0.0,0.0
4,44,reached_95_rate,4,0.0,0.0
4,45,reached_95_rate,4,0.0,0.0
4,46,reached_95_rate,4,0.0,0.0
4,47,reached_95_rate,4,0.0,0.0
4,48,reached_95_rate,4,0.0,0.0
4,49,reached_95_rate,4,0.0,0.0
4,50,reached_95_rate,4,0.0,0.0
4,51,reached_95_rate,4,0.0,0.0
4,52,reached_95_rate,4,0.0,0.0
4,53,reached_95_rate,4,0.0,0.0
4,54,reached_95_rate,4,0.0,0.0
4,55,reached_95_rate,4,0.0,0.0
4,56,reached_95_rate,4,0.0,0.0
4,57,reached_95_rate,4,0.0,0.0
4,58,reached_95_rate,4,0.0,0.0
4,59,reached_95_rate,4,0.0,0.0
4,60,reached_95_rate,4,0.0,0.0
4,61,reached_95_rate,4,0.0,0.0
4,62,reached_95_rate,4,0.0,0.0
4,63,reached_95_rate,4,0.0,0.0
4,64,reached_95_rate,4,0.0,0.0
4,65,reached_95_rate,4,0.0,0.0
4,66,reached_95_rate,4,0.0,0.0
4,67,reached_95_rate,4,0.0,0.0
4,68,reached_95_rate,4,0.0,0.0
4,69,reached_95_rate,4,0.0,0.0
4,70,reached_95_rate,4,0.0,0.0
4,71,reached_95_rate,4,0.0,0.0
4,72,reached_95_rate,4,0.0,0.0
4,73,reached_95_rate,4,0.0,0.0
4,74,reached_95_rate,4,0.0,0.0
4,75,reached_95_rate,4,0.0,0.0
4,76,reached_95_rate,4,0.0,0.0
4,77,reached_95_rate,4,0.0,0.0
4,78,reached_95_rate,4,0.0,0.0
4,79,reached_95_rate,4,0.0,0.0
4,80,reached_95_rate,4,0.0,0.0
4,81,reached_95_rate,4,0.0,0.0
4,82,reached_95_rate,4,0.0,0.0
4,83,reached_95_rate,4,0.0,0.0
4,84,reached_95_rate,4,0.0,0.0
4,85,reached_95_rate,4,0.0,0.0
4,86,reached_95_rate,4,0.0,0.0
4,87,reached_95_rate,4,0.0,0.0
4,88,reached_95_rate,4,0.0,0.0
4,89,reached_95_rate,4,0.0,0.0
4,90,reached_95_rate,4,0.0,0.0
4,91,reached_95_rate,4,0.0,0.0
4,92,reached_95_rate,4,0.0,0.0
4,93,reached_95_rate,4,0.0,0.0
4,94,reached_95_rate,4,0.0,0.0
4,95,reached_95_rate,4,0.0,0.0
4,96,reached_95_rate,4,0.0,0.0
4,97,reached_95_rate,4,0.0,0.0
4,98,reached_95_rate,4,0.0,0.0
4,99,reached_95_rate,4,0.0,0.0
4,0,steps_to_95_conditional,4,-7.0,-6.0
4,1,steps_to_95_conditional,4,-27.25,-26.5
4,2,steps_to_95_conditional,4,-10.25,-11.0
4,3,steps_to_95_conditional,4,-5.5,-10.0
4,4,steps_to_95_conditional,4,-9.25,-9.5
4,5,steps_to_95_conditional,4,-8.5,-3.5
4,6,steps_to_95_conditional,4,-15.75,-6.0
4,7,steps_to_95_conditional,4,-21.0,-22.0
4,8,steps_to_95_conditional,4,0.0,0.5
4,9,steps_to_95_conditional,4,-15.75,-17.0
4,10,steps_to_95_conditional,4,-5.25,-5.0
4,11,steps_to_95_conditional,4,1.75,3.0
4,12,steps_to_95_conditional,4,-4.25,-6.5
4,13,steps_to_95_conditional,4,-8.5,-3.0
4,14,steps_to_95_conditional,4,-24.5,-19.5
4,15,steps_to_95_conditional,4,-22.75,-25.0
4,16,steps_to_95_conditional,4,9.25,-0.5
4,17,steps_to_95_conditional,4,-18.0,-18.0
4,18,steps_to_95_conditional,4,-16.5,-16.0
4,19,steps_to_95_conditional,4,-12.0,-11.0
4,20,steps_to_95_conditional,4,-10.75,-14.0
4,21,steps_to_95_conditional,4,-27.25,-32.5
4,22,steps_to_95_conditional,4,-18.5,-15.5
4,23,steps_to_95_conditional,4,-16.5,-13.5
4,24,steps_to_95_conditional,4,-18.0,-17.0
4,25,steps_to_95_conditional,4,-14.25,-12.5
4,26,steps_to_95_conditional,4,-14.25,-11.5
4,27,steps_to_95_conditional,4,-9.75,-8.5
4,28,steps_to_95_conditional,4,-24.75,-22.5
4,29,steps_to_95_conditional,4,-12.5,-11.5
4,30,steps_to_95_conditional,4,-15.25,-16.5
4,31,steps_to_95_conditional,4,-17.5,-15.5
4,32,steps_to_95_conditional,4,-1.5,-5.0
4,33,steps_to_95_conditional,4,-13.5,-8.0
4,34,steps_to_95_conditional,4,-13.5,-11.5
4,35,steps_to_95_conditional,4,-18.25,-20.5
4,36,steps_to_95_conditional,4,-18.0,-17.0
4,37,steps_to_95_conditional,4,-18.25,-17.0
4,38,steps_to_95_conditional,4,-16.25,-12.5
4,39,steps_to_95_conditional,4,-5.0,-0.5
4,40,steps_to_95_conditional,4,-15.5,-14.5
4,41,steps_to_95_conditional,4,-0.5,3.5
4,42,steps_to_95_conditional,4,-14.25,-12.5
4,43,steps_to_95_conditional,4,-20.0,-22.0
4,44,steps_to_95_conditional,4,-5.25,-5.0
4,45,steps_to_95_conditional,4,-17.75,-18.5
4,46,steps_to_95_conditional,4,-9.25,-9.5
4,47,steps_to_95_conditional,4,-18.0,-19.0
4,48,steps_to_95_conditional,4,-13.0,-13.0
4,49,steps_to_95_conditional,4,-36.5,-40.0
4,50,steps_to_95_conditional,4,-13.75,-10.0
4,51,steps_to_95_conditional,4,-21.75,-21.5
4,52,steps_to_95_conditional,4,-12.5,-10.5
4,53,steps_to_95_conditional,4,-23.0,-22.0
4,54,steps_to_95_conditional,4,-20.25,-21.0
4,55,steps_to_95_conditional,4,-10.75,-12.5
4,56,steps_to_95_conditional,4,-4.75,-4.5
4,57,steps_to_95_conditional,4,-18.25,-16.5
4,58,steps_to_95_conditional,4,-15.0,-9.5
4,59,steps_to_95_conditional,4,-17.25,-16.5
4,60,steps_to_95_conditional,4,-14.25,-13.5
4,61,steps_to_95_conditional,4,-20.75,-29.0
4,62,steps_to_95_conditional,4,-10.0,-6.5
4,63,steps_to_95_conditional,4,-14.75,-7.0
4,64,steps_to_95_conditional,4,-13.0,-16.0
4,65,steps_to_95_conditional,4,-22.25,-16.5
4,66,steps_to_95_conditional,4,-17.5,-23.5
4,67,steps_to_95_conditional,4,-6.25,-5.0
4,68,steps_to_95_conditional,4,4.25,3.5
4,69,steps_to_95_conditional,4,-10.0,-11.5
4,70,steps_to_95_conditional,4,-11.0,-14.0
4,71,steps_to_95_conditional,4,-20.25,-24.5
4,72,steps_to_95_conditional,4,-16.5,-8.5
4,73,steps_to_95_conditional,4,3.5,4.0
4,74,steps_to_95_conditional,4,-7.25,-8.0
4,75,steps_to_95_conditional,4,-4.75,-2.5
4,76,steps_to_95_conditional,4,-8.25,-4.5
4,77,steps_to_95_conditional,4,-8.25,-9.5
4,78,steps_to_95_conditional,4,-20.75,-19.5
4,79,steps_to_95_conditional,4,-19.5,-19.5
4,80,steps_to_95_conditional,4,-11.25,-9.0
4,81,steps_to_95_conditional,4,-14.25,-14.5
4,82,steps_to_95_conditional,4,-21.0,-21.0
4,83,steps_to_95_conditional,4,-12.0,-12.0
4,84,steps_to_95_conditional,4,-8.75,-7.5
4,85,steps_to_95_conditional,4,-10.0,-9.0
4,86,steps_to_95_conditional,4,-17.75,-20.0
4,87,steps_to_95_conditional,4,-9.75,-11.0
4,88,steps_to_95_conditional,4,-15.75,-10.0
4,89,steps_to_95_conditional,4,-10.75,-12.5
4,90,steps_to_95_conditional,4,-7.25,-4.5
4,91,steps_to_95_conditional,4,-13.75,-16.0
4,92,steps_to_95_conditional,4,-11.0,-11.0
4,93,steps_to_95_conditional,4,-20.75,-22.0
4,94,steps_to_95_conditional,4,-14.0,-13.0
4,95,steps_to_95_conditional,4,-4.25,1.0
4,96,steps_to_95_conditional,4,-15.25,-13.5
4,97,steps_to_95_conditional,4,0.0,-8.5
4,98,steps_to_95_conditional,4,-11.5,-17.5
4,99,steps_to_95_conditional,4,-16.0,-13.0
4,0,trajectory_overlap_ratio,4,-0.020927251695000135,-0.05804091943812115
4,1,trajectory_overlap_ratio,4,-0.07257079384960068,-0.0626123301985371
4,2,trajectory_overlap_ratio,4,-0.14949623443009055,-0.209134396095603
4,3,trajectory_overlap_ratio,4,-0.00017274064625397503,0.01219583278959499
4,4,trajectory_overlap_ratio,4,0.025175064749790477,-0.003503665014821203
4,5,trajectory_overlap_ratio,4,-0.06274600852759757,-0.019542583221828502
4,6,trajectory_overlap_ratio,4,-0.05834687946729844,-0.049274404095887195
4,7,trajectory_overlap_ratio,4,-0.034619214293394714,-0.018168974128726492
4,8,trajectory_overlap_ratio,4,0.10200817325142637,0.13755752517737374
4,9,trajectory_overlap_ratio,4,-0.058566913389111644,-0.0640603377672343
4,10,trajectory_overlap_ratio,4,-0.09208744877754516,-0.024907611116933764
4,11,trajectory_overlap_ratio,4,0.007835281892773924,-0.016617587288493954
4,12,trajectory_overlap_ratio,4,-0.07702724463404619,-0.041240433982369505
4,13,trajectory_overlap_ratio,4,-0.03330794345019515,0.0008882582736577452
4,14,trajectory_overlap_ratio,4,-0.20698974233377906,-0.22872294372294372
4,15,trajectory_overlap_ratio,4,-0.17173632164703145,-0.2290686445150641
4,16,trajectory_overlap_ratio,4,-0.055073757556391524,-0.11504979085795344
4,17,trajectory_overlap_ratio,4,-0.219727538434559,-0.20777597392180386
4,18,trajectory_overlap_ratio,4,-0.14376146838561876,-0.1739355530112912
4,19,trajectory_overlap_ratio,4,-0.05054698990496172,-0.08022041776616175
4,20,trajectory_overlap_ratio,4,-0.07639202540748169,-0.09549994924221614
4,21,trajectory_overlap_ratio,4,-0.11633620024781896,-0.12615769497858492
4,22,trajectory_overlap_ratio,4,-0.1446786013107167,-0.18788114499914066
4,23,trajectory_overlap_ratio,4,-0.153750366844702,-0.16105727092880576
4,24,trajectory_overlap_ratio,4,-0.0872349807366056,-0.07496493318911315
4,25,trajectory_overlap_ratio,4,-0.09404413136607134,-0.13411099000486998
4,26,trajectory_overlap_ratio,4,-0.10146051829786612,-0.07950506544462495
4,27,trajectory_overlap_ratio,4,-0.034245515466972826,-0.05782474398416744
4,28,trajectory_overlap_ratio,4,-0.1336737758338754,-0.1899120885588723
4,29,trajectory_overlap_ratio,4,-0.06843381877847145,-0.030946488478248907
4,30,trajectory_overlap_ratio,4,-0.11752071405108283,-0.09600496092331813
4,31,trajectory_overlap_ratio,4,-0.05076711425668131,-0.03818807610593766
4,32,trajectory_overlap_ratio,4,-0.03476344208385003,0.02604718906714084
4,33,trajectory_overlap_ratio,4,-0.17773446876272375,-0.20696182693086718
4,34,trajectory_overlap_ratio,4,-0.16303465684946664,-0.12822617644403128
4,35,trajectory_overlap_ratio,4,-0.1175090039444262,-0.14417528143291844
4,36,trajectory_overlap_ratio,4,-0.10030280600430225,-0.09544162282927006
4,37,trajectory_overlap_ratio,4,-0.10933948777851493,-0.19140987176718693
4,38,trajectory_overlap_ratio,4,-0.025771231629543888,-0.033276643990929736
4,39,trajectory_overlap_ratio,4,-0.06070575392876686,0.0011122409839861916
4,40,trajectory_overlap_ratio,4,-0.06986216056021666,-0.0888842245194242
4,41,trajectory_overlap_ratio,4,-0.01523346899936048,0.02462965236156109
4,42,trajectory_overlap_ratio,4,-0.12750472597648435,-0.12864134975118952
4,43,trajectory_overlap_ratio,4,-0.04694452349390297,-0.011361438243158644
4,44,trajectory_overlap_ratio,4,-0.11649419316480923,-0.11410603715170275
4,45,trajectory_overlap_ratio,4,-0.1525177741307414,-0.16045901902332524
4,46,trajectory_overlap_ratio,4,-0.09545082495322482,-0.10601651272773444
4,47,trajectory_overlap_ratio,4,-0.14817695459317212,-0.11547452080411409
4,48,trajectory_overlap_ratio,4,-0.03285421730362423,-0.023105547298478753
4,49,trajectory_overlap_ratio,4,-0.2408198060686807,-0.2958152393775047
4,50,trajectory_overlap_ratio,4,-0.044346961502730306,0.0015397314319240893
4,51,trajectory_overlap_ratio,4,-0.12027457159850596,-0.12674725602150222
4,52,trajectory_overlap_ratio,4,-0.01862716725758853,-0.04494414470498722
4,53,trajectory_overlap_ratio,4,-0.21280316496334833,-0.21362883755704742
4,54,trajectory_overlap_ratio,4,-0.16575430953543763,-0.1590683573475039
4,55,trajectory_overlap_ratio,4,-0.10178846593192467,-0.12137884308681324
4,56,trajectory_overlap_ratio,4,-0.1021767471581297,-0.0850574712643678
4,57,trajectory_overlap_ratio,4,-0.08104565519069194,-0.07284434946109344
4,58,trajectory_overlap_ratio,4,-0.042564970753880146,-0.015996377376882163
4,59,trajectory_overlap_ratio,4,-0.03383319597714018,-0.024943240454076337
4,60,trajectory_overlap_ratio,4,-0.13767089724674436,-0.17652713932107494
4,61,trajectory_overlap_ratio,4,-0.16093560280739092,-0.1101814462795771
4,62,trajectory_overlap_ratio,4,-0.030859163594862266,-0.011582224574343991
4,63,trajectory_overlap_ratio,4,-0.09601688978797249,-0.015348593509513064
4,64,trajectory_overlap_ratio,4,-0.11309797787211152,-0.15206614411441138
4,65,trajectory_overlap_ratio,4,-0.14055621284328235,-0.07501148795174498
4,66,trajectory_overlap_ratio,4,-0.18332527489192316,-0.21194789949296078
4,67,trajectory_overlap_ratio,4,-0.05540017083713227,-0.09952004517221905
4,68,trajectory_overlap_ratio,4,0.13304166719856217,0.11426595851059954
4,69,trajectory_overlap_ratio,4,-0.1331446601375976,-0.11851063762881925
4,70,trajectory_overlap_ratio,4,-0.04542333922617828,-0.0897461474958723
4,71,trajectory_overlap_ratio,4,-0.09822068077624982,-0.0992843949930309
4,72,trajectory_overlap_ratio,4,-0.1279673416994718,-0.16128519684195214
4,73,trajectory_overlap_ratio,4,0.11274638770520226,0.09870769305582582
4,74,trajectory_overlap_ratio,4,-0.05576465628189768,-0.04250762040235726
4,75,trajectory_overlap_ratio,4,-0.0975762872468684,-0.07016201235006783
4,76,trajectory_overlap_ratio,4,-0.050387669879223225,0.013753328376334056
4,77,trajectory_overlap_ratio,4,-0.04968285572464623,-0.0677476519581783
4,78,trajectory_overlap_ratio,4,-0.12594057791605434,-0.07479367786130416
4,79,trajectory_overlap_ratio,4,-0.09606917177727702,-0.14324864197034987
4,80,trajectory_overlap_ratio,4,-0.014044388937742944,-0.06822845157556037
4,81,trajectory_overlap_ratio,4,-0.13549666143756606,-0.10729414429720245
4,82,trajectory_overlap_ratio,4,-0.19178988591761112,-0.16852873655881578
4,83,trajectory_overlap_ratio,4,-0.06670421596376307,-0.0671869796869797
4,84,trajectory_overlap_ratio,4,-0.22678315536400395,-0.24772970085470084
4,85,trajectory_overlap_ratio,4,-0.15802242732638253,-0.2305196271920537
4,86,trajectory_overlap_ratio,4,0.06752588970433505,0.06453023488255875
4,87,trajectory_overlap_ratio,4,-0.10206659811922972,-0.07243589743589746
4,88,trajectory_overlap_ratio,4,-0.034326239600316236,-0.0451563122262047
4,89,trajectory_overlap_ratio,4,-0.08741071755382324,-0.09548128408961494
4,90,trajectory_overlap_ratio,4,-0.037310420446094054,-0.01918049270990447
4,91,trajectory_overlap_ratio,4,-0.10217570970439399,-0.041774466286197465
4,92,trajectory_overlap_ratio,4,-0.09032625670364205,-0.07249100604137622
4,93,trajectory_overlap_ratio,4,-0.18674520740306474,-0.18658904993522496
4,94,trajectory_overlap_ratio,4,-0.09516578322740064,-0.1159790184180428
4,95,trajectory_overlap_ratio,4,-0.08018113305393162,-0.09119595500233041
4,96,trajectory_overlap_ratio,4,-0.035989834515271345,0.01802362131000633
4,97,trajectory_overlap_ratio,4,-0.07963101123419186,-0.12958558854081242
4,98,trajectory_overlap_ratio,4,-0.09508167204809283,-0.11528667038230267
4,99,trajectory_overlap_ratio,4,-0.11120747563204045,-0.14283035146671508
4,0,team_travel_distance_recorded,4,-109.96646273136145,-147.6355094909668
4,1,team_travel_distance_recorded,4,-426.9489504098892,-439.1127197742462
4,2,team_travel_distance_recorded,4,-221.18718004226682,-244.7281892299652
4,3,team_travel_distance_recorded,4,133.16188609600061,86.41767191886902
4,4,team_travel_distance_recorded,4,14.302768588066158,-8.021901369094849
4,5,team_travel_distance_recorded,4,-155.0525918006897,-220.80462050437933
4,6,team_travel_distance_recorded,4,-193.80118405818942,-33.01438713073736
4,7,team_travel_distance_recorded,4,-313.1565444469452,-313.8428361415862
4,8,team_travel_distance_recorded,4,243.5366420745849,307.3356316089629
4,9,team_travel_distance_recorded,4,-325.7228804826736,-208.046308517456
4,10,team_travel_distance_recorded,4,-18.08324933052066,-8.609882354736328
4,11,team_travel_distance_recorded,4,122.33002257347107,288.73452734947205
4,12,team_travel_distance_recorded,4,-125.96522080898285,-56.06133699417114
4,13,team_travel_distance_recorded,4,52.14870798587796,60.58798098564148
4,14,team_travel_distance_recorded,4,-478.1076455116272,-454.5447130203247
4,15,team_travel_distance_recorded,4,-308.83653092384327,-319.0475504398345
4,16,team_travel_distance_recorded,4,225.2808562517166,128.3256335258484
4,17,team_travel_distance_recorded,4,-284.56321084499353,-287.2353937625885
4,18,team_travel_distance_recorded,4,-154.54444563388824,-128.05258083343506
4,19,team_travel_distance_recorded,4,-145.7507977485657,-105.72011828422552
4,20,team_travel_distance_recorded,4,-98.11489236354831,-146.2341737747193
4,21,team_travel_distance_recorded,4,-355.54912400245667,-427.1940748691559
4,22,team_travel_distance_recorded,4,-159.4743195772171,-144.45460176467896
4,23,team_travel_distance_recorded,4,-347.75546514987946,-382.8221547603607
4,24,team_travel_distance_recorded,4,-233.30961954593658,-203.11518168449402
4,25,team_travel_distance_recorded,4,-185.25264966487885,-173.98933863639837
4,26,team_travel_distance_recorded,4,-177.87977695465088,-202.41953325271606
4,27,team_travel_distance_recorded,4,95.06985867023462,35.70451116561884
4,28,team_travel_distance_recorded,4,-374.3315318822861,-409.2266595363617
4,29,team_travel_distance_recorded,4,-126.7967950105666,-130.85471749305722
4,30,team_travel_distance_recorded,4,-214.71289336681372,-204.0263123512268
4,31,team_travel_distance_recorded,4,-172.1530970335007,-68.03067946434021
4,32,team_travel_distance_recorded,4,139.5638850927353,96.22732281684875
4,33,team_travel_distance_recorded,4,-431.20380556583405,-560.8816304206848
4,34,team_travel_distance_recorded,4,-120.43516230583191,-104.95987915992737
4,35,team_travel_distance_recorded,4,-55.94987010955808,-135.04504466056812
4,36,team_travel_distance_recorded,4,-165.96179533004758,-122.69943690299982
4,37,team_travel_distance_recorded,4,-252.0243961811066,-356.492154121399
4,38,team_travel_distance_recorded,4,-165.87100982666016,-148.12021207809448
4,39,team_travel_distance_recorded,4,30.73326349258423,75.51910781860352
4,40,team_travel_distance_recorded,4,-237.91169834136963,-282.7545235157013
4,41,team_travel_distance_recorded,4,178.319060921669,248.47652506828308
4,42,team_travel_distance_recorded,4,-103.84814488887784,-60.124601125717106
4,43,team_travel_distance_recorded,4,-48.95206463336939,-39.932346820831185
4,44,team_travel_distance_recorded,4,-131.6405508518219,-73.47335600852966
4,45,team_travel_distance_recorded,4,-147.38285982608795,-231.48459601402283
4,46,team_travel_distance_recorded,4,-117.2438825368881,-68.28427076339716
4,47,team_travel_distance_recorded,4,-437.96553206443787,-406.26485323905945
4,48,team_travel_distance_recorded,4,-89.89977312088018,-97.61112427711487
4,49,team_travel_distance_recorded,4,-602.2116091251373,-697.9724049568176
4,50,team_travel_distance_recorded,4,-82.79240596294409,6.159669637680054
4,51,team_travel_distance_recorded,4,-207.5159497261047,-155.12145400047297
4,52,team_travel_distance_recorded,4,-96.65150153636927,-92.50718259811401
4,53,team_travel_distance_recorded,4,-411.01220357418066,-479.4232809543611
4,54,team_travel_distance_recorded,4,-236.4592801332474,-254.5597853660584
4,55,team_travel_distance_recorded,4,-18.12774825096136,-41.92549586296093
4,56,team_travel_distance_recorded,4,7.570446729660063,53.04697179794317
4,57,team_travel_distance_recorded,4,-186.6953481435777,-216.3763091564179
4,58,team_travel_distance_recorded,4,-80.14431893825531,64.61429333686829
4,59,team_travel_distance_recorded,4,-148.43611490726462,-222.01314520835865
4,60,team_travel_distance_recorded,4,-180.71507692337033,-213.89980602264404
4,61,team_travel_distance_recorded,4,-198.29741597175598,-311.1258430480957
4,62,team_travel_distance_recorded,4,18.577030301094055,28.12023401260376
4,63,team_travel_distance_recorded,4,-97.17062032222745,52.489670276641846
4,64,team_travel_distance_recorded,4,-180.30398857593542,-254.07889318466187
4,65,team_travel_distance_recorded,4,-383.4210864305496,-277.8077676296234
4,66,team_travel_distance_recorded,4,-319.84528708457935,-328.2059562206267
4,67,team_travel_distance_recorded,4,13.469952464103727,14.489670276641903
4,68,team_travel_distance_recorded,4,407.73920571804047,386.54229497909546
4,69,team_travel_distance_recorded,4,-32.11707592010487,-88.79145336151112
4,70,team_travel_distance_recorded,4,-30.59455358982092,-26.19662141799938
4,71,team_travel_distance_recorded,4,-196.7958314418794,-259.7532377243044
4,72,team_travel_distance_recorded,4,-180.2767565250397,-167.36192202568054
4,73,team_travel_distance_recorded,4,302.53571140766144,293.0776731967926
4,74,team_travel_distance_recorded,4,-69.12995374202728,-88.05011892318726
4,75,team_travel_distance_recorded,4,-276.0441139936447,-109.50403547286987
4,76,team_travel_distance_recorded,4,-45.362863659858704,-3.888522148132324
4,77,team_travel_distance_recorded,4,-23.82187640666956,24.96178436279297
4,78,team_travel_distance_recorded,4,-299.96427917480474,-320.3218231201172
4,79,team_travel_distance_recorded,4,-281.6439982652664,-326.385065317154
4,80,team_travel_distance_recorded,4,-30.311513781547575,26.913614511489868
4,81,team_travel_distance_recorded,4,-197.99903643131262,-204.21225047111523
4,82,team_travel_distance_recorded,4,-397.56104922294617,-435.74700927734375
4,83,team_travel_distance_recorded,4,-118.67466676235205,-120.85717940330505
4,84,team_travel_distance_recorded,4,-225.15310800075537,-198.72574925422668
4,85,team_travel_distance_recorded,4,-291.6715415716171,-365.30553078651417
4,86,team_travel_distance_recorded,4,100.43520617485046,-25.693783998489323
4,87,team_travel_distance_recorded,4,-74.61428236961365,-68.12023401260376
4,88,team_travel_distance_recorded,4,-135.49747383594513,-24.07887125015256
4,89,team_travel_distance_recorded,4,-96.0710676908493,-147.29619598388672
4,90,team_travel_distance_recorded,4,-119.8888334035874,-76.22102856636059
4,91,team_travel_distance_recorded,4,-179.4307842254639,-171.83842515945435
4,92,team_travel_distance_recorded,4,-71.82527995109558,-120.74765062332153
4,93,team_travel_distance_recorded,4,-335.6299223899841,-274.8854188919066
4,94,team_travel_distance_recorded,4,-222.93112683296198,-305.4339423179624
4,95,team_travel_distance_recorded,4,80.23170089721674,192.426428079605
4,96,team_travel_distance_recorded,4,-96.53224205970764,-12.233573198318481
4,97,team_travel_distance_recorded,4,268.04946660995483,13.919223546981812
4,98,team_travel_distance_recorded,4,-80.76422131061554,-205.56978344917297
4,99,team_travel_distance_recorded,4,-168.2066195011139,-94.2930269241333
4,0,team_path_per_robot,4,-27.49161568284036,-36.9088773727417
4,1,team_path_per_robot,4,-106.7372376024723,-109.77817994356155
4,2,team_path_per_robot,4,-55.296795010566704,-61.1820473074913
4,3,team_path_per_robot,4,33.290471524000154,21.604417979717255
4,4,team_path_per_robot,4,3.5756921470165395,-2.005475342273712
4,5,team_path_per_robot,4,-38.763147950172424,-55.20115512609483
4,6,team_path_per_robot,4,-48.450296014547355,-8.25359678268434
4,7,team_path_per_robot,4,-78.2891361117363,-78.46070903539655
4,8,team_path_per_robot,4,60.884160518646226,76.83390790224072
4,9,team_path_per_robot,4,-81.4307201206684,-52.011577129364
4,10,team_path_per_robot,4,-4.520812332630165,-2.152470588684082
4,11,team_path_per_robot,4,30.582505643367767,72.18363183736801
4,12,team_path_per_robot,4,-31.491305202245712,-14.015334248542786
4,13,team_path_per_robot,4,13.03717699646949,15.14699524641037
4,14,team_path_per_robot,4,-119.5269113779068,-113.63617825508118
4,15,team_path_per_robot,4,-77.20913273096082,-79.76188760995862
4,16,team_path_per_robot,4,56.32021406292915,32.0814083814621
4,17,team_path_per_robot,4,-71.14080271124838,-71.80884844064713
4,18,team_path_per_robot,4,-38.63611140847206,-32.013145208358765
4,19,team_path_per_robot,4,-36.437699437141426,-26.43002957105638
4,20,team_path_per_robot,4,-24.528723090887077,-36.558543443679824
4,21,team_path_per_robot,4,-88.88728100061417,-106.79851871728897
4,22,team_path_per_robot,4,-39.868579894304276,-36.11365044116974
4,23,team_path_per_robot,4,-86.93886628746986,-95.70553869009018
4,24,team_path_per_robot,4,-58.327404886484146,-50.778795421123505
4,25,team_path_per_robot,4,-46.31316241621971,-43.49733465909959
4,26,team_path_per_robot,4,-44.46994423866272,-50.604883313179016
4,27,team_path_per_robot,4,23.767464667558656,8.92612779140471
4,28,team_path_per_robot,4,-93.58288297057152,-102.30666488409042
4,29,team_path_per_robot,4,-31.69919875264165,-32.713679373264306
4,30,team_path_per_robot,4,-53.67822334170343,-51.0065780878067
4,31,team_path_per_robot,4,-43.038274258375175,-17.007669866085052
4,32,team_path_per_robot,4,34.89097127318382,24.05683070421219
4,33,team_path_per_robot,4,-107.80095139145851,-140.2204076051712
4,34,team_path_per_robot,4,-30.108790576457977,-26.239969789981842
4,35,team_path_per_robot,4,-13.98746752738952,-33.76126116514203
4,36,team_path_per_robot,4,-41.490448832511895,-30.674859225749955
4,37,team_path_per_robot,4,-63.00609904527665,-89.12303853034975
4,38,team_path_per_robot,4,-41.46775245666504,-37.03005301952362
4,39,team_path_per_robot,4,7.683315873146057,18.87977695465088
4,40,team_path_per_robot,4,-59.47792458534241,-70.68863087892532
4,41,team_path_per_robot,4,44.57976523041725,62.11913126707077
4,42,team_path_per_robot,4,-25.96203622221946,-15.031150281429277
4,43,team_path_per_robot,4,-12.238016158342347,-9.983086705207796
4,44,team_path_per_robot,4,-32.910137712955475,-18.368339002132416
4,45,team_path_per_robot,4,-36.84571495652199,-57.87114900350571
4,46,team_path_per_robot,4,-29.310970634222024,-17.07106769084929
4,47,team_path_per_robot,4,-109.49138301610947,-101.56621330976486
4,48,team_path_per_robot,4,-22.474943280220046,-24.402781069278717
4,49,team_path_per_robot,4,-150.55290228128433,-174.4931012392044
4,50,team_path_per_robot,4,-20.698101490736022,1.5399174094200134
4,51,team_path_per_robot,4,-51.87898743152618,-38.78036350011824
4,52,team_path_per_robot,4,-24.162875384092317,-23.126795649528503
4,53,team_path_per_robot,4,-102.75305089354516,-119.85582023859027
4,54,team_path_per_robot,4,-59.11482003331185,-63.6399463415146
4,55,team_path_per_robot,4,-4.53193706274034,-10.481373965740232
4,56,team_path_per_robot,4,1.8926116824150157,13.261742949485793
4,57,team_path_per_robot,4,-46.67383703589442,-54.094077289104476
4,58,team_path_per_robot,4,-20.036079734563828,16.15357333421707
4,59,team_path_per_robot,4,-37.109028726816156,-55.50328630208966
4,60,team_path_per_robot,4,-45.17876923084258,-53.47495150566101
4,61,team_path_per_robot,4,-49.574353992938995,-77.78146076202393
4,62,team_path_per_robot,4,4.644257575273514,7.03005850315094
4,63,team_path_per_robot,4,-24.292655080556862,13.122417569160461
4,64,team_path_per_robot,4,-45.075997143983855,-63.519723296165466
4,65,team_path_per_robot,4,-95.8552716076374,-69.45194190740585
4,66,team_path_per_robot,4,-79.96132177114484,-82.05148905515668
4,67,team_path_per_robot,4,3.367488116025932,3.6224175691604756
4,68,team_path_per_robot,4,101.93480142951012,96.63557374477386
4,69,team_path_per_robot,4,-8.029268980026217,-22.19786334037778
4,70,team_path_per_robot,4,-7.64863839745523,-6.549155354499845
4,71,team_path_per_robot,4,-49.19895786046985,-64.9383094310761
4,72,team_path_per_robot,4,-45.069189131259925,-41.840480506420135
4,73,team_path_per_robot,4,75.63392785191536,73.26941829919815
4,74,team_path_per_robot,4,-17.28248843550682,-22.012529730796814
4,75,team_path_per_robot,4,-69.01102849841118,-27.37600886821747
4,76,team_path_per_robot,4,-11.340715914964676,-0.972130537033081
4,77,team_path_per_robot,4,-5.95546910166739,6.240446090698242
4,78,team_path_per_robot,4,-74.99106979370119,-80.0804557800293
4,79,team_path_per_robot,4,-70.4109995663166,-81.5962663292885
4,80,team_path_per_robot,4,-7.577878445386894,6.728403627872467
4,81,team_path_per_robot,4,-49.499759107828154,-51.05306261777881
4,82,team_path_per_robot,4,-99.39026230573654,-108.93675231933594
4,83,team_path_per_robot,4,-29.66866669058801,-30.214294850826263
4,84,team_path_per_robot,4,-56.28827700018884,-49.68143731355667
4,85,team_path_per_robot,4,-72.91788539290428,-91.32638269662854
4,86,team_path_per_robot,4,25.108801543712616,-6.423445999622331
4,87,team_path_per_robot,4,-18.653570592403412,-17.03005850315094
4,88,team_path_per_robot,4,-33.87436845898628,-6.01971781253814
4,89,team_path_per_robot,4,-24.017766922712326,-36.82404899597168
4,90,team_path_per_robot,4,-29.97220835089685,-19.055257141590147
4,91,team_path_per_robot,4,-44.857696056365974,-42.959606289863586
4,92,team_path_per_robot,4,-17.956319987773895,-30.186912655830383
4,93,team_path_per_robot,4,-83.90748059749602,-68.72135472297666
4,94,team_path_per_robot,4,-55.732781708240495,-76.3584855794906
4,95,team_path_per_robot,4,20.057925224304185,48.10660701990125
4,96,team_path_per_robot,4,-24.13306051492691,-3.0583932995796204
4,97,team_path_per_robot,4,67.01236665248871,3.479805886745453
4,98,team_path_per_robot,4,-20.191055327653885,-51.39244586229324
4,99,team_path_per_robot,4,-42.05165487527847,-23.573256731033325
4,0,actual_collision_pairs,4,-0.25,0.0
4,1,actual_collision_pairs,4,0.0,0.0
4,2,actual_collision_pairs,4,0.0,0.0
4,3,actual_collision_pairs,4,-1.0,0.0
4,4,actual_collision_pairs,4,0.0,0.0
4,5,actual_collision_pairs,4,-0.5,0.0
4,6,actual_collision_pairs,4,-0.75,-1.0
4,7,actual_collision_pairs,4,-0.75,0.0
4,8,actual_collision_pairs,4,0.0,0.0
4,9,actual_collision_pairs,4,-0.75,-0.5
4,10,actual_collision_pairs,4,-0.25,0.0
4,11,actual_collision_pairs,4,0.0,0.0
4,12,actual_collision_pairs,4,0.0,0.0
4,13,actual_collision_pairs,4,-0.75,-0.5
4,14,actual_collision_pairs,4,-0.5,-0.5
4,15,actual_collision_pairs,4,-1.0,0.0
4,16,actual_collision_pairs,4,0.0,0.0
4,17,actual_collision_pairs,4,0.0,0.0
4,18,actual_collision_pairs,4,-0.5,0.0
4,19,actual_collision_pairs,4,0.0,0.0
4,20,actual_collision_pairs,4,-1.25,-1.0
4,21,actual_collision_pairs,4,0.0,0.0
4,22,actual_collision_pairs,4,0.0,0.0
4,23,actual_collision_pairs,4,-0.25,0.0
4,24,actual_collision_pairs,4,-0.25,0.0
4,25,actual_collision_pairs,4,-0.25,0.0
4,26,actual_collision_pairs,4,-1.5,0.0
4,27,actual_collision_pairs,4,-0.75,0.0
4,28,actual_collision_pairs,4,-1.0,-1.0
4,29,actual_collision_pairs,4,0.0,0.0
4,30,actual_collision_pairs,4,0.0,0.0
4,31,actual_collision_pairs,4,-0.25,0.0
4,32,actual_collision_pairs,4,0.0,0.0
4,33,actual_collision_pairs,4,-1.25,-1.5
4,34,actual_collision_pairs,4,0.0,0.0
4,35,actual_collision_pairs,4,0.0,0.0
4,36,actual_collision_pairs,4,-1.0,-1.0
4,37,actual_collision_pairs,4,-1.25,0.0
4,38,actual_collision_pairs,4,-0.25,0.0
4,39,actual_collision_pairs,4,-0.25,0.0
4,40,actual_collision_pairs,4,0.0,0.0
4,41,actual_collision_pairs,4,-0.25,0.0
4,42,actual_collision_pairs,4,0.0,0.0
4,43,actual_collision_pairs,4,0.0,0.0
4,44,actual_collision_pairs,4,-0.25,0.0
4,45,actual_collision_pairs,4,-1.0,-1.0
4,46,actual_collision_pairs,4,-0.5,0.0
4,47,actual_collision_pairs,4,0.0,0.0
4,48,actual_collision_pairs,4,-0.5,0.0
4,49,actual_collision_pairs,4,0.0,0.0
4,50,actual_collision_pairs,4,-0.25,0.0
4,51,actual_collision_pairs,4,-2.0,-1.5
4,52,actual_collision_pairs,4,0.0,0.0
4,53,actual_collision_pairs,4,-0.25,0.0
4,54,actual_collision_pairs,4,-0.5,0.0
4,55,actual_collision_pairs,4,-0.25,0.0
4,56,actual_collision_pairs,4,0.0,0.0
4,57,actual_collision_pairs,4,0.0,0.0
4,58,actual_collision_pairs,4,0.0,0.0
4,59,actual_collision_pairs,4,-0.25,0.0
4,60,actual_collision_pairs,4,-0.25,0.0
4,61,actual_collision_pairs,4,-0.75,-1.0
4,62,actual_collision_pairs,4,0.0,0.0
4,63,actual_collision_pairs,4,0.0,0.0
4,64,actual_collision_pairs,4,-0.5,0.0
4,65,actual_collision_pairs,4,-1.0,-1.0
4,66,actual_collision_pairs,4,-1.0,-1.0
4,67,actual_collision_pairs,4,0.0,0.0
4,68,actual_collision_pairs,4,0.0,0.0
4,69,actual_collision_pairs,4,-0.5,-0.5
4,70,actual_collision_pairs,4,-1.0,-1.0
4,71,actual_collision_pairs,4,0.0,0.0
4,72,actual_collision_pairs,4,0.0,0.0
4,73,actual_collision_pairs,4,0.0,0.0
4,74,actual_collision_pairs,4,0.0,0.0
4,75,actual_collision_pairs,4,0.0,0.0
4,76,actual_collision_pairs,4,0.0,0.0
4,77,actual_collision_pairs,4,-0.5,0.0
4,78,actual_collision_pairs,4,-0.25,0.0
4,79,actual_collision_pairs,4,-0.5,0.0
4,80,actual_collision_pairs,4,-0.25,0.0
4,81,actual_collision_pairs,4,-0.25,0.0
4,82,actual_collision_pairs,4,-0.25,0.0
4,83,actual_collision_pairs,4,0.0,0.0
4,84,actual_collision_pairs,4,0.0,0.0
4,85,actual_collision_pairs,4,-0.25,0.0
4,86,actual_collision_pairs,4,-3.75,-0.5
4,87,actual_collision_pairs,4,0.0,0.0
4,88,actual_collision_pairs,4,0.0,0.0
4,89,actual_collision_pairs,4,-0.25,0.0
4,90,actual_collision_pairs,4,0.0,0.0
4,91,actual_collision_pairs,4,-1.0,-1.0
4,92,actual_collision_pairs,4,0.0,0.0
4,93,actual_collision_pairs,4,0.0,0.0
4,94,actual_collision_pairs,4,-0.25,0.0
4,95,actual_collision_pairs,4,-0.25,0.0
4,96,actual_collision_pairs,4,-0.25,0.0
4,97,actual_collision_pairs,4,-0.25,0.0
4,98,actual_collision_pairs,4,0.0,0.0
4,99,actual_collision_pairs,4,0.0,0.0
4,0,collisions_per_robot_pair,4,-0.041666666666666664,0.0
4,1,collisions_per_robot_pair,4,0.0,0.0
4,2,collisions_per_robot_pair,4,0.0,0.0
4,3,collisions_per_robot_pair,4,-0.16666666666666666,0.0
4,4,collisions_per_robot_pair,4,0.0,0.0
4,5,collisions_per_robot_pair,4,-0.08333333333333333,0.0
4,6,collisions_per_robot_pair,4,-0.125,-0.16666666666666666
4,7,collisions_per_robot_pair,4,-0.125,0.0
4,8,collisions_per_robot_pair,4,0.0,0.0
4,9,collisions_per_robot_pair,4,-0.125,-0.08333333333333333
4,10,collisions_per_robot_pair,4,-0.041666666666666664,0.0
4,11,collisions_per_robot_pair,4,0.0,0.0
4,12,collisions_per_robot_pair,4,0.0,0.0
4,13,collisions_per_robot_pair,4,-0.125,-0.08333333333333333
4,14,collisions_per_robot_pair,4,-0.08333333333333333,-0.08333333333333333
4,15,collisions_per_robot_pair,4,-0.16666666666666666,0.0
4,16,collisions_per_robot_pair,4,0.0,0.0
4,17,collisions_per_robot_pair,4,0.0,0.0
4,18,collisions_per_robot_pair,4,-0.08333333333333333,0.0
4,19,collisions_per_robot_pair,4,0.0,0.0
4,20,collisions_per_robot_pair,4,-0.20833333333333331,-0.16666666666666666
4,21,collisions_per_robot_pair,4,0.0,0.0
4,22,collisions_per_robot_pair,4,0.0,0.0
4,23,collisions_per_robot_pair,4,-0.041666666666666664,0.0
4,24,collisions_per_robot_pair,4,-0.041666666666666664,0.0
4,25,collisions_per_robot_pair,4,-0.041666666666666664,0.0
4,26,collisions_per_robot_pair,4,-0.25,0.0
4,27,collisions_per_robot_pair,4,-0.125,0.0
4,28,collisions_per_robot_pair,4,-0.16666666666666666,-0.16666666666666666
4,29,collisions_per_robot_pair,4,0.0,0.0
4,30,collisions_per_robot_pair,4,0.0,0.0
4,31,collisions_per_robot_pair,4,-0.041666666666666664,0.0
4,32,collisions_per_robot_pair,4,0.0,0.0
4,33,collisions_per_robot_pair,4,-0.20833333333333331,-0.25
4,34,collisions_per_robot_pair,4,0.0,0.0
4,35,collisions_per_robot_pair,4,0.0,0.0
4,36,collisions_per_robot_pair,4,-0.16666666666666666,-0.16666666666666666
4,37,collisions_per_robot_pair,4,-0.20833333333333334,0.0
4,38,collisions_per_robot_pair,4,-0.041666666666666664,0.0
4,39,collisions_per_robot_pair,4,-0.041666666666666664,0.0
4,40,collisions_per_robot_pair,4,0.0,0.0
4,41,collisions_per_robot_pair,4,-0.041666666666666664,0.0
4,42,collisions_per_robot_pair,4,0.0,0.0
4,43,collisions_per_robot_pair,4,0.0,0.0
4,44,collisions_per_robot_pair,4,-0.041666666666666664,0.0
4,45,collisions_per_robot_pair,4,-0.16666666666666666,-0.16666666666666666
4,46,collisions_per_robot_pair,4,-0.08333333333333333,0.0
4,47,collisions_per_robot_pair,4,0.0,0.0
4,48,collisions_per_robot_pair,4,-0.08333333333333333,0.0
4,49,collisions_per_robot_pair,4,0.0,0.0
4,50,collisions_per_robot_pair,4,-0.041666666666666664,0.0
4,51,collisions_per_robot_pair,4,-0.3333333333333333,-0.25
4,52,collisions_per_robot_pair,4,0.0,0.0
4,53,collisions_per_robot_pair,4,-0.041666666666666664,0.0
4,54,collisions_per_robot_pair,4,-0.08333333333333333,0.0
4,55,collisions_per_robot_pair,4,-0.041666666666666664,0.0
4,56,collisions_per_robot_pair,4,0.0,0.0
4,57,collisions_per_robot_pair,4,0.0,0.0
4,58,collisions_per_robot_pair,4,0.0,0.0
4,59,collisions_per_robot_pair,4,-0.041666666666666664,0.0
4,60,collisions_per_robot_pair,4,-0.041666666666666664,0.0
4,61,collisions_per_robot_pair,4,-0.125,-0.16666666666666666
4,62,collisions_per_robot_pair,4,0.0,0.0
4,63,collisions_per_robot_pair,4,0.0,0.0
4,64,collisions_per_robot_pair,4,-0.08333333333333333,0.0
4,65,collisions_per_robot_pair,4,-0.16666666666666666,-0.16666666666666666
4,66,collisions_per_robot_pair,4,-0.16666666666666666,-0.16666666666666666
4,67,collisions_per_robot_pair,4,0.0,0.0
4,68,collisions_per_robot_pair,4,0.0,0.0
4,69,collisions_per_robot_pair,4,-0.08333333333333333,-0.08333333333333333
4,70,collisions_per_robot_pair,4,-0.16666666666666666,-0.16666666666666666
4,71,collisions_per_robot_pair,4,0.0,0.0
4,72,collisions_per_robot_pair,4,0.0,0.0
4,73,collisions_per_robot_pair,4,0.0,0.0
4,74,collisions_per_robot_pair,4,0.0,0.0
4,75,collisions_per_robot_pair,4,0.0,0.0
4,76,collisions_per_robot_pair,4,0.0,0.0
4,77,collisions_per_robot_pair,4,-0.08333333333333333,0.0
4,78,collisions_per_robot_pair,4,-0.041666666666666664,0.0
4,79,collisions_per_robot_pair,4,-0.08333333333333333,0.0
4,80,collisions_per_robot_pair,4,-0.041666666666666664,0.0
4,81,collisions_per_robot_pair,4,-0.041666666666666664,0.0
4,82,collisions_per_robot_pair,4,-0.041666666666666664,0.0
4,83,collisions_per_robot_pair,4,0.0,0.0
4,84,collisions_per_robot_pair,4,0.0,0.0
4,85,collisions_per_robot_pair,4,-0.041666666666666664,0.0
4,86,collisions_per_robot_pair,4,-0.625,-0.08333333333333333
4,87,collisions_per_robot_pair,4,0.0,0.0
4,88,collisions_per_robot_pair,4,0.0,0.0
4,89,collisions_per_robot_pair,4,-0.041666666666666664,0.0
4,90,collisions_per_robot_pair,4,0.0,0.0
4,91,collisions_per_robot_pair,4,-0.16666666666666666,-0.16666666666666666
4,92,collisions_per_robot_pair,4,0.0,0.0
4,93,collisions_per_robot_pair,4,0.0,0.0
4,94,collisions_per_robot_pair,4,-0.041666666666666664,0.0
4,95,collisions_per_robot_pair,4,-0.041666666666666664,0.0
4,96,collisions_per_robot_pair,4,-0.041666666666666664,0.0
4,97,collisions_per_robot_pair,4,-0.041666666666666664,0.0
4,98,collisions_per_robot_pair,4,0.0,0.0
4,99,collisions_per_robot_pair,4,0.0,0.0
4,0,deadlock_duration_robot_steps,4,0.0,0.0
4,1,deadlock_duration_robot_steps,4,0.0,0.0
4,2,deadlock_duration_robot_steps,4,0.0,0.0
4,3,deadlock_duration_robot_steps,4,0.0,0.0
4,4,deadlock_duration_robot_steps,4,0.0,0.0
4,5,deadlock_duration_robot_steps,4,0.0,0.0
4,6,deadlock_duration_robot_steps,4,0.0,0.0
4,7,deadlock_duration_robot_steps,4,0.0,0.0
4,8,deadlock_duration_robot_steps,4,1.0,0.0
4,9,deadlock_duration_robot_steps,4,-0.25,0.0
4,10,deadlock_duration_robot_steps,4,0.0,0.0
4,11,deadlock_duration_robot_steps,4,0.0,0.0
4,12,deadlock_duration_robot_steps,4,0.0,0.0
4,13,deadlock_duration_robot_steps,4,-0.5,0.0
4,14,deadlock_duration_robot_steps,4,0.0,0.0
4,15,deadlock_duration_robot_steps,4,-0.5,-0.5
4,16,deadlock_duration_robot_steps,4,0.0,0.0
4,17,deadlock_duration_robot_steps,4,-0.25,0.0
4,18,deadlock_duration_robot_steps,4,0.0,0.0
4,19,deadlock_duration_robot_steps,4,0.0,0.0
4,20,deadlock_duration_robot_steps,4,-0.25,0.0
4,21,deadlock_duration_robot_steps,4,0.0,0.0
4,22,deadlock_duration_robot_steps,4,0.0,0.0
4,23,deadlock_duration_robot_steps,4,0.0,0.0
4,24,deadlock_duration_robot_steps,4,0.0,0.0
4,25,deadlock_duration_robot_steps,4,0.0,0.0
4,26,deadlock_duration_robot_steps,4,-0.75,0.0
4,27,deadlock_duration_robot_steps,4,0.0,0.0
4,28,deadlock_duration_robot_steps,4,-0.25,0.0
4,29,deadlock_duration_robot_steps,4,0.0,0.0
4,30,deadlock_duration_robot_steps,4,-0.25,0.0
4,31,deadlock_duration_robot_steps,4,0.5,0.0
4,32,deadlock_duration_robot_steps,4,0.0,0.0
4,33,deadlock_duration_robot_steps,4,-0.5,0.0
4,34,deadlock_duration_robot_steps,4,0.0,0.0
4,35,deadlock_duration_robot_steps,4,0.0,0.0
4,36,deadlock_duration_robot_steps,4,0.0,0.0
4,37,deadlock_duration_robot_steps,4,-0.25,0.0
4,38,deadlock_duration_robot_steps,4,0.0,0.0
4,39,deadlock_duration_robot_steps,4,0.0,0.0
4,40,deadlock_duration_robot_steps,4,0.0,0.0
4,41,deadlock_duration_robot_steps,4,0.0,0.0
4,42,deadlock_duration_robot_steps,4,0.0,0.0
4,43,deadlock_duration_robot_steps,4,0.0,0.0
4,44,deadlock_duration_robot_steps,4,0.0,0.0
4,45,deadlock_duration_robot_steps,4,0.0,0.0
4,46,deadlock_duration_robot_steps,4,-0.25,0.0
4,47,deadlock_duration_robot_steps,4,0.0,0.0
4,48,deadlock_duration_robot_steps,4,-0.25,0.0
4,49,deadlock_duration_robot_steps,4,0.0,0.0
4,50,deadlock_duration_robot_steps,4,0.0,0.0
4,51,deadlock_duration_robot_steps,4,0.0,0.0
4,52,deadlock_duration_robot_steps,4,0.0,0.0
4,53,deadlock_duration_robot_steps,4,0.0,0.0
4,54,deadlock_duration_robot_steps,4,0.0,0.0
4,55,deadlock_duration_robot_steps,4,0.0,0.0
4,56,deadlock_duration_robot_steps,4,0.0,0.0
4,57,deadlock_duration_robot_steps,4,0.0,0.0
4,58,deadlock_duration_robot_steps,4,0.25,0.0
4,59,deadlock_duration_robot_steps,4,0.0,0.0
4,60,deadlock_duration_robot_steps,4,0.0,0.0
4,61,deadlock_duration_robot_steps,4,-0.25,0.0
4,62,deadlock_duration_robot_steps,4,0.0,0.0
4,63,deadlock_duration_robot_steps,4,0.0,0.0
4,64,deadlock_duration_robot_steps,4,-0.5,0.0
4,65,deadlock_duration_robot_steps,4,-0.25,0.0
4,66,deadlock_duration_robot_steps,4,0.0,0.0
4,67,deadlock_duration_robot_steps,4,0.0,0.0
4,68,deadlock_duration_robot_steps,4,0.0,0.0
4,69,deadlock_duration_robot_steps,4,-0.25,0.0
4,70,deadlock_duration_robot_steps,4,-2.25,0.0
4,71,deadlock_duration_robot_steps,4,0.0,0.0
4,72,deadlock_duration_robot_steps,4,-0.25,0.0
4,73,deadlock_duration_robot_steps,4,0.0,0.0
4,74,deadlock_duration_robot_steps,4,0.0,0.0
4,75,deadlock_duration_robot_steps,4,0.0,0.0
4,76,deadlock_duration_robot_steps,4,-0.25,0.0
4,77,deadlock_duration_robot_steps,4,0.0,0.0
4,78,deadlock_duration_robot_steps,4,0.0,0.0
4,79,deadlock_duration_robot_steps,4,-0.25,0.0
4,80,deadlock_duration_robot_steps,4,0.0,0.0
4,81,deadlock_duration_robot_steps,4,0.0,0.0
4,82,deadlock_duration_robot_steps,4,0.0,0.0
4,83,deadlock_duration_robot_steps,4,0.0,0.0
4,84,deadlock_duration_robot_steps,4,0.0,0.0
4,85,deadlock_duration_robot_steps,4,0.0,0.0
4,86,deadlock_duration_robot_steps,4,-1.75,0.0
4,87,deadlock_duration_robot_steps,4,0.0,0.0
4,88,deadlock_duration_robot_steps,4,0.0,0.0
4,89,deadlock_duration_robot_steps,4,0.0,0.0
4,90,deadlock_duration_robot_steps,4,0.0,0.0
4,91,deadlock_duration_robot_steps,4,0.0,0.0
4,92,deadlock_duration_robot_steps,4,0.25,0.0
4,93,deadlock_duration_robot_steps,4,0.0,0.0
4,94,deadlock_duration_robot_steps,4,0.0,0.0
4,95,deadlock_duration_robot_steps,4,-0.5,0.0
4,96,deadlock_duration_robot_steps,4,-3.75,0.0
4,97,deadlock_duration_robot_steps,4,0.0,0.0
4,98,deadlock_duration_robot_steps,4,0.0,0.0
4,99,deadlock_duration_robot_steps,4,0.0,0.0
6,0,final_coverage,4,-0.0008927774305866332,0.0007588608159985744
6,1,final_coverage,4,0.0024982406755805486,0.0022519352568614037
6,2,final_coverage,4,0.003528836754643272,0.004164222873900336
6,3,final_coverage,4,0.00025221387736798495,0.0005231102641706786
6,4,final_coverage,4,-0.0013495648341963762,-0.0004957585105211382
6,5,final_coverage,4,-0.0013646801942552023,0.0
6,6,final_coverage,4,0.001299026211462162,0.0008660174743080895
6,7,final_coverage,4,-0.0005139994766550637,-0.000373817801203713
6,8,final_coverage,4,-0.006451111456552111,-0.005907041815638059
6,9,final_coverage,4,0.004344944399440248,0.004639516901097207
6,10,final_coverage,4,0.00015140719629500032,0.0005165657285358116
6,11,final_coverage,4,0.003045437933974937,0.00430421894668459
6,12,final_coverage,4,0.0049004564808776685,0.006003298937435231
6,13,final_coverage,4,0.00045831985333757985,-0.0006650131205291898
6,14,final_coverage,4,0.003183419127607695,0.004838022990285296
6,15,final_coverage,4,0.000711412960995611,0.0007019274548489829
6,16,final_coverage,4,-0.001657241301823903,0.0
6,17,final_coverage,4,0.0008148943513441032,0.00013421789316259147
6,18,final_coverage,4,-0.002349901148069794,-0.003919392320765769
6,19,final_coverage,4,0.001654850965492921,0.0
6,20,final_coverage,4,0.005223855607273259,0.00743394836419653
6,21,final_coverage,4,-0.0018790602810092316,-0.0016241124036863175
6,22,final_coverage,4,-0.00015850520270016544,3.7295341811793836e-05
6,23,final_coverage,4,0.000844285307401299,0.0006713594010659962
6,24,final_coverage,4,-0.0013665031534688676,-0.0016993693062370419
6,25,final_coverage,4,0.0025887843652009357,0.002424706482899386
6,26,final_coverage,4,0.002895360023680932,0.002775105454007276
6,27,final_coverage,4,0.001613999320421361,0.0007362102163326334
6,28,final_coverage,4,-0.0008663772662605151,-0.0007842994199832032
6,29,final_coverage,4,0.0016081681992833052,0.0008418598627121798
6,30,final_coverage,4,-0.0041465280433951035,-0.004381237177926878
6,31,final_coverage,4,0.002417203823071701,0.0020189671778911844
6,32,final_coverage,4,0.003709390956856351,0.0030341152963813123
6,33,final_coverage,4,-0.00021957110444270622,-0.000969772377955036
6,34,final_coverage,4,-0.002408156090701302,-0.002285111618913649
6,35,final_coverage,4,-0.001690912525977667,-0.0013413942943509283
6,36,final_coverage,4,-0.0019626894675476014,-0.0006218422075398022
6,37,final_coverage,4,0.0013461687456419458,0.0011040520647710994
6,38,final_coverage,4,-0.0002779951402331615,0.0
6,39,final_coverage,4,-0.0023946912867859604,-0.002423542989036409
6,40,final_coverage,4,-0.001443130697878131,-0.0020900513555476286
6,41,final_coverage,4,-0.0011113029217556247,-0.00038841655517668494
6,42,final_coverage,4,-0.0018114545594696552,-0.0020234332845139313
6,43,final_coverage,4,0.00023995865327816612,0.0008306261075013976
6,44,final_coverage,4,0.0013298977641094112,0.0
6,45,final_coverage,4,9.139765290822055e-06,0.000731181223266153
6,46,final_coverage,4,-0.0007065473386717314,-0.0013149631025279884
6,47,final_coverage,4,-0.0002289186714393432,0.00031216182468990494
6,48,final_coverage,4,0.0001325054895131017,0.0
6,49,final_coverage,4,0.001278435796202293,0.00159804474525288
6,50,final_coverage,4,-0.0018852154531946164,-0.0009658246656760183
6,51,final_coverage,4,-0.0024693947599253308,-0.002173830136150523
6,52,final_coverage,4,-0.00020121150506205443,-0.002753420595586087
6,53,final_coverage,4,-0.0023161551823972504,-0.0009409380428488934
6,54,final_coverage,4,0.00220232244912813,0.002675548760511015
6,55,final_coverage,4,0.00011388224575789585,0.0002277644915157917
6,56,final_coverage,4,3.246612700755214e-05,0.001406865503657928
6,57,final_coverage,4,-0.003474861548485142,-0.0024251637890468913
6,58,final_coverage,4,0.0020495049504949403,0.0019999999999998908
6,59,final_coverage,4,-0.0017768156196389384,-0.004656482313536436
6,60,final_coverage,4,0.0018255578093306357,0.0016430020283975666
6,61,final_coverage,4,-0.004114276925443194,-0.004864075056715544
6,62,final_coverage,4,-0.0004794747906908814,-0.00012908936672451077
6,63,final_coverage,4,0.004108144670353697,0.0043369275454581135
6,64,final_coverage,4,-0.001489211030575588,0.0
6,65,final_coverage,4,0.0001515854050005705,0.00016050219352997663
6,66,final_coverage,4,0.0034914543440418,0.003540908371577778
6,67,final_coverage,4,0.002218423478795306,0.0
6,68,final_coverage,4,0.002606488120615591,0.0029456222627031736
6,69,final_coverage,4,-0.0004106972301815004,-0.002330468003820474
6,70,final_coverage,4,0.0013175675675676513,0.0009459459459459918
6,71,final_coverage,4,0.0006295829938523512,0.0006481001407303566
6,72,final_coverage,4,0.0036144129373624767,0.0027760181838504816
6,73,final_coverage,4,0.0010565639032489027,0.0005282819516244097
6,74,final_coverage,4,0.0027977617905674546,0.004815195462677391
6,75,final_coverage,4,-0.0003642462643581035,-0.00013553349371470125
6,76,final_coverage,4,0.0033733427473131017,0.0019416333254884122
6,77,final_coverage,4,-0.001793560346011358,-0.0007208567897845075
6,78,final_coverage,4,-0.0016196205460435043,-0.0015424957581366971
6,79,final_coverage,4,-0.00456191295619135,-0.007313400731340125
6,80,final_coverage,4,0.00272479564032696,0.0027702089009990494
6,81,final_coverage,4,0.0009022765130483057,-0.0002974537955104939
6,82,final_coverage,4,0.0013957523859821075,0.0
6,83,final_coverage,4,-0.002414726802457079,-0.001798415777562179
6,84,final_coverage,4,-0.0008052623408879023,-0.00034927041291521466
6,85,final_coverage,4,0.0007277882797731006,0.000472589792060385
6,86,final_coverage,4,0.001791874281333844,0.0004791107704101849
6,87,final_coverage,4,-0.0029885654885654367,-0.0040930353430352895
6,88,final_coverage,4,0.00048228871649633187,0.00012313754463738613
6,89,final_coverage,4,-0.001446692726297244,-0.0001916149306354087
6,90,final_coverage,4,-0.0014373603837844195,-0.0004211374372872223
6,91,final_coverage,4,0.004064096609382228,0.0040730286898424395
6,92,final_coverage,4,0.004817631423508634,0.00496529828706449
6,93,final_coverage,4,-0.0013689324385524615,-0.0019762032195643764
6,94,final_coverage,4,0.0005870545013824113,0.0012309207287050095
6,95,final_coverage,4,-0.0036447028952864557,-0.0031942339981161916
6,96,final_coverage,4,0.0009257288784847439,-0.001064056182166484
6,97,final_coverage,4,-0.0028925256257973098,-0.002573577933218829
6,98,final_coverage,4,9.172067995599775e-05,0.0001834413599119955
6,99,final_coverage,4,-0.000732116710117442,-0.0023927716867254145
6,0,coverage_auc,4,-0.02050895307412584,-0.02716450290774003
6,1,coverage_auc,4,0.012346252006262465,0.007328878311460951
6,2,coverage_auc,4,-0.04021488720595695,-0.040175448804480984
6,3,coverage_auc,4,-0.017826129973537913,-0.017403903289347933
6,4,coverage_auc,4,0.001816030549553288,0.004103188427984905
6,5,coverage_auc,4,-0.025546552933037397,-0.04032400325646568
6,6,coverage_auc,4,0.005148931222076464,0.02295953404931833
6,7,coverage_auc,4,0.018362337919449606,0.0004927983565926608
6,8,coverage_auc,4,0.037505380209718275,0.04561772715356466
6,9,coverage_auc,4,-0.07802224515201037,-0.08514232410690153
6,10,coverage_auc,4,0.04927490978029267,0.050778415729130444
6,11,coverage_auc,4,-0.043490073125855455,-0.044354663850198706
6,12,coverage_auc,4,-0.030925864173906248,-0.019885990970379075
6,13,coverage_auc,4,-0.0063285791014532355,-0.003843018389281805
6,14,coverage_auc,4,-0.07741965407088067,-0.09226139293536484
6,15,coverage_auc,4,-0.013684540332766337,-0.031505480657118945
6,16,coverage_auc,4,-0.0417732177147222,-0.049777280338472674
6,17,coverage_auc,4,0.019503030669519167,0.023682206443835507
6,18,coverage_auc,4,-0.034879164443977484,-0.026385684518259622
6,19,coverage_auc,4,-0.015344932899278574,-0.03085999044627763
6,20,coverage_auc,4,-0.00783639246397444,-0.012854889315893347
6,21,coverage_auc,4,-0.04916888139987649,-0.05628352647523427
6,22,coverage_auc,4,-0.06069324115935071,-0.07008673444844071
6,23,coverage_auc,4,-0.020508606499158893,-0.026457232395524277
6,24,coverage_auc,4,0.013585587932674309,0.037860547736498384
6,25,coverage_auc,4,0.04415119255339037,0.05305955647966887
6,26,coverage_auc,4,0.037942538322113334,0.045497982575241624
6,27,coverage_auc,4,0.02015973025200618,0.0337527873968943
6,28,coverage_auc,4,0.031164950673082975,0.027582772175770487
6,29,coverage_auc,4,0.030778757881815028,0.026101883311170804
6,30,coverage_auc,4,0.02302906029083074,0.02509796617108334
6,31,coverage_auc,4,0.056164700295680076,0.05839862302630161
6,32,coverage_auc,4,0.040710184865028004,0.043196314983832806
6,33,coverage_auc,4,-0.004472433280626353,0.00875722263014711
6,34,coverage_auc,4,0.01780245896837601,0.02568920401453445
6,35,coverage_auc,4,0.0026025623173979717,0.0005048630757113481
6,36,coverage_auc,4,0.030268815992519654,0.023801954361223787
6,37,coverage_auc,4,0.0019773830306075713,-0.010391101628414556
6,38,coverage_auc,4,0.014574297365316152,0.005202102402483699
6,39,coverage_auc,4,-0.018129120682623484,-0.04819213180345966
6,40,coverage_auc,4,0.017235574665150993,0.02012627804110345
6,41,coverage_auc,4,0.017018365883849335,0.018331122432191205
6,42,coverage_auc,4,0.013182454141336813,-0.008226755756306547
6,43,coverage_auc,4,-0.025440203815776052,-0.020271299199007164
6,44,coverage_auc,4,-0.029240224379973007,-0.014693646901588864
6,45,coverage_auc,4,-0.0022574007349747127,0.0021740807821106767
6,46,coverage_auc,4,0.008461427056189047,-0.006165105306944696
6,47,coverage_auc,4,-0.007798268596466373,-0.023762202716007708
6,48,coverage_auc,4,0.004297399169432614,0.016462489644325007
6,49,coverage_auc,4,0.026631963009897508,0.013790462870669928
6,50,coverage_auc,4,-0.04364482690518154,-0.03810375983806513
6,51,coverage_auc,4,0.04204755077745828,0.04608736358016752
6,52,coverage_auc,4,0.027984400652862285,0.01946841653284659
6,53,coverage_auc,4,-0.02968161679027445,-0.03268881033780574
6,54,coverage_auc,4,0.0196759948320869,0.018683830514525046
6,55,coverage_auc,4,-0.006762893931273828,-0.02661445373971938
6,56,coverage_auc,4,-0.030657573872459154,-0.03270772679023409
6,57,coverage_auc,4,-0.011051454020543305,-0.00876648592792445
6,58,coverage_auc,4,0.028697520038834134,0.025349496265415883
6,59,coverage_auc,4,-0.007986806727912993,-0.007440996423485613
6,60,coverage_auc,4,0.023478314641698778,0.016624462278664542
6,61,coverage_auc,4,-0.03922343629698896,-0.020271685287834684
6,62,coverage_auc,4,0.02243985301644419,0.02069259075939378
6,63,coverage_auc,4,-0.013069430072486121,-0.017568538665128308
6,64,coverage_auc,4,0.04398734828696263,0.043482440255948995
6,65,coverage_auc,4,-0.002866402793609779,0.0014267233179963146
6,66,coverage_auc,4,0.02417316381074497,0.025922676397667654
6,67,coverage_auc,4,0.03552720014035876,0.03468379682217665
6,68,coverage_auc,4,0.009610007256172753,0.010724397302974031
6,69,coverage_auc,4,-0.01681535105105339,-0.026406778990913038
6,70,coverage_auc,4,-0.03831521644665026,-0.020239359127226686
6,71,coverage_auc,4,0.012132571704316364,0.044097059151499474
6,72,coverage_auc,4,0.00768564511447517,0.011136171533314476
6,73,coverage_auc,4,-0.019667771708624326,-0.013464839438387832
6,74,coverage_auc,4,-0.004379596343818987,0.00940828187971654
6,75,coverage_auc,4,-0.005624395961709189,-0.02500565996138382
6,76,coverage_auc,4,0.0022721979130918835,-0.005614711405396378
6,77,coverage_auc,4,0.0018215312350231272,-0.015948870442617502
6,78,coverage_auc,4,-0.029201727196558114,-0.03554384094719948
6,79,coverage_auc,4,-0.0037112363012903327,-0.0051028394310240754
6,80,coverage_auc,4,-0.013032483855457216,0.005839213012237721
6,81,coverage_auc,4,-0.024881241133286075,-0.021545688352149983
6,82,coverage_auc,4,-0.008186864585095821,-0.03124283270791267
6,83,coverage_auc,4,0.01425168258652193,0.02043277967597218
6,84,coverage_auc,4,-0.007592858979298817,-0.00604082275050144
6,85,coverage_auc,4,-0.021591393984962126,-0.010274985816462412
6,86,coverage_auc,4,0.049628863031983994,0.04172560944254472
6,87,coverage_auc,4,-0.025266090632588833,-0.005818634138946732
6,88,coverage_auc,4,-0.04491778720479858,-0.03592199261378348
6,89,coverage_auc,4,-0.04380838692641706,-0.03628721144773717
6,90,coverage_auc,4,0.010995521135222314,0.009622671775952718
6,91,coverage_auc,4,0.00407145840837278,0.00425081956111939
6,92,coverage_auc,4,0.03425077689910136,-0.00223403264140859
6,93,coverage_auc,4,0.023460069929812116,0.03643196203738025
6,94,coverage_auc,4,0.0029243183894420155,-0.006504781465910325
6,95,coverage_auc,4,-0.04907162328485376,-0.04041772907636643
6,96,coverage_auc,4,0.005630655406448581,0.0007178832375682176
6,97,coverage_auc,4,0.028427609870260162,0.029624822928050243
6,98,coverage_auc,4,0.016178826829873177,0.004679176517369932
6,99,coverage_auc,4,-0.05000825494510425,-0.03232581884934699
6,0,reached_95_rate,4,0.0,0.0
6,1,reached_95_rate,4,0.0,0.0
6,2,reached_95_rate,4,0.0,0.0
6,3,reached_95_rate,4,0.0,0.0
6,4,reached_95_rate,4,0.0,0.0
6,5,reached_95_rate,4,0.0,0.0
6,6,reached_95_rate,4,0.0,0.0
6,7,reached_95_rate,4,0.0,0.0
6,8,reached_95_rate,4,0.0,0.0
6,9,reached_95_rate,4,0.0,0.0
6,10,reached_95_rate,4,0.0,0.0
6,11,reached_95_rate,4,0.0,0.0
6,12,reached_95_rate,4,0.0,0.0
6,13,reached_95_rate,4,0.0,0.0
6,14,reached_95_rate,4,0.0,0.0
6,15,reached_95_rate,4,0.0,0.0
6,16,reached_95_rate,4,0.0,0.0
6,17,reached_95_rate,4,0.0,0.0
6,18,reached_95_rate,4,0.0,0.0
6,19,reached_95_rate,4,0.0,0.0
6,20,reached_95_rate,4,0.0,0.0
6,21,reached_95_rate,4,0.0,0.0
6,22,reached_95_rate,4,0.0,0.0
6,23,reached_95_rate,4,0.0,0.0
6,24,reached_95_rate,4,0.0,0.0
6,25,reached_95_rate,4,0.0,0.0
6,26,reached_95_rate,4,0.0,0.0
6,27,reached_95_rate,4,0.0,0.0
6,28,reached_95_rate,4,0.0,0.0
6,29,reached_95_rate,4,0.0,0.0
6,30,reached_95_rate,4,0.0,0.0
6,31,reached_95_rate,4,0.0,0.0
6,32,reached_95_rate,4,0.0,0.0
6,33,reached_95_rate,4,0.0,0.0
6,34,reached_95_rate,4,0.0,0.0
6,35,reached_95_rate,4,0.0,0.0
6,36,reached_95_rate,4,0.0,0.0
6,37,reached_95_rate,4,0.0,0.0
6,38,reached_95_rate,4,0.0,0.0
6,39,reached_95_rate,4,0.0,0.0
6,40,reached_95_rate,4,0.0,0.0
6,41,reached_95_rate,4,0.0,0.0
6,42,reached_95_rate,4,0.0,0.0
6,43,reached_95_rate,4,0.0,0.0
6,44,reached_95_rate,4,0.0,0.0
6,45,reached_95_rate,4,0.0,0.0
6,46,reached_95_rate,4,0.0,0.0
6,47,reached_95_rate,4,0.0,0.0
6,48,reached_95_rate,4,0.0,0.0
6,49,reached_95_rate,4,0.0,0.0
6,50,reached_95_rate,4,0.0,0.0
6,51,reached_95_rate,4,0.0,0.0
6,52,reached_95_rate,4,0.0,0.0
6,53,reached_95_rate,4,0.0,0.0
6,54,reached_95_rate,4,0.0,0.0
6,55,reached_95_rate,4,0.0,0.0
6,56,reached_95_rate,4,0.0,0.0
6,57,reached_95_rate,4,0.0,0.0
6,58,reached_95_rate,4,0.0,0.0
6,59,reached_95_rate,4,0.0,0.0
6,60,reached_95_rate,4,0.0,0.0
6,61,reached_95_rate,4,0.0,0.0
6,62,reached_95_rate,4,0.0,0.0
6,63,reached_95_rate,4,0.0,0.0
6,64,reached_95_rate,4,0.0,0.0
6,65,reached_95_rate,4,0.0,0.0
6,66,reached_95_rate,4,0.0,0.0
6,67,reached_95_rate,4,0.0,0.0
6,68,reached_95_rate,4,0.0,0.0
6,69,reached_95_rate,4,0.0,0.0
6,70,reached_95_rate,4,0.0,0.0
6,71,reached_95_rate,4,0.0,0.0
6,72,reached_95_rate,4,0.0,0.0
6,73,reached_95_rate,4,0.0,0.0
6,74,reached_95_rate,4,0.0,0.0
6,75,reached_95_rate,4,0.0,0.0
6,76,reached_95_rate,4,0.0,0.0
6,77,reached_95_rate,4,0.0,0.0
6,78,reached_95_rate,4,0.0,0.0
6,79,reached_95_rate,4,0.0,0.0
6,80,reached_95_rate,4,0.0,0.0
6,81,reached_95_rate,4,0.0,0.0
6,82,reached_95_rate,4,0.0,0.0
6,83,reached_95_rate,4,0.0,0.0
6,84,reached_95_rate,4,0.0,0.0
6,85,reached_95_rate,4,0.0,0.0
6,86,reached_95_rate,4,0.0,0.0
6,87,reached_95_rate,4,0.0,0.0
6,88,reached_95_rate,4,0.0,0.0
6,89,reached_95_rate,4,0.0,0.0
6,90,reached_95_rate,4,0.0,0.0
6,91,reached_95_rate,4,0.0,0.0
6,92,reached_95_rate,4,0.0,0.0
6,93,reached_95_rate,4,0.0,0.0
6,94,reached_95_rate,4,0.0,0.0
6,95,reached_95_rate,4,0.0,0.0
6,96,reached_95_rate,4,0.0,0.0
6,97,reached_95_rate,4,0.0,0.0
6,98,reached_95_rate,4,0.0,0.0
6,99,reached_95_rate,4,0.0,0.0
6,0,steps_to_95_conditional,4,-7.5,-5.5
6,1,steps_to_95_conditional,4,-13.0,-6.0
6,2,steps_to_95_conditional,4,-13.75,-11.0
6,3,steps_to_95_conditional,4,-14.0,-9.5
6,4,steps_to_95_conditional,4,-9.75,-12.0
6,5,steps_to_95_conditional,4,-2.5,-2.5
6,6,steps_to_95_conditional,4,-5.0,-2.5
6,7,steps_to_95_conditional,4,-17.0,-17.0
6,8,steps_to_95_conditional,4,-4.0,2.5
6,9,steps_to_95_conditional,4,-9.75,-7.5
6,10,steps_to_95_conditional,4,-11.0,-11.5
6,11,steps_to_95_conditional,4,-5.75,0.0
6,12,steps_to_95_conditional,4,-3.0,-3.0
6,13,steps_to_95_conditional,4,-17.0,-11.0
6,14,steps_to_95_conditional,4,-7.75,-7.5
6,15,steps_to_95_conditional,4,-4.25,-7.5
6,16,steps_to_95_conditional,4,-5.0,-4.0
6,17,steps_to_95_conditional,4,-7.25,-6.5
6,18,steps_to_95_conditional,4,-4.5,-2.5
6,19,steps_to_95_conditional,4,-8.5,-8.5
6,20,steps_to_95_conditional,4,-8.25,-4.5
6,21,steps_to_95_conditional,4,-10.75,-7.0
6,22,steps_to_95_conditional,4,-15.25,-20.0
6,23,steps_to_95_conditional,4,-20.25,-23.0
6,24,steps_to_95_conditional,4,-10.0,-12.5
6,25,steps_to_95_conditional,4,-10.25,-10.5
6,26,steps_to_95_conditional,4,-11.5,-10.0
6,27,steps_to_95_conditional,4,-8.75,-11.5
6,28,steps_to_95_conditional,4,-9.0,-9.0
6,29,steps_to_95_conditional,4,-8.25,-5.0
6,30,steps_to_95_conditional,4,0.0,0.5
6,31,steps_to_95_conditional,4,-5.0,-5.5
6,32,steps_to_95_conditional,4,-8.5,-7.0
6,33,steps_to_95_conditional,4,-14.25,-14.0
6,34,steps_to_95_conditional,4,-15.25,-16.0
6,35,steps_to_95_conditional,4,-18.25,-19.5
6,36,steps_to_95_conditional,4,-13.75,-13.5
6,37,steps_to_95_conditional,4,-14.75,-12.5
6,38,steps_to_95_conditional,4,-12.25,-12.0
6,39,steps_to_95_conditional,4,-25.25,-27.0
6,40,steps_to_95_conditional,4,-17.25,-11.0
6,41,steps_to_95_conditional,4,-0.5,0.0
6,42,steps_to_95_conditional,4,-4.25,-10.0
6,43,steps_to_95_conditional,4,-10.75,-10.0
6,44,steps_to_95_conditional,4,-14.25,-12.0
6,45,steps_to_95_conditional,4,-11.0,-12.0
6,46,steps_to_95_conditional,4,-11.25,-9.0
6,47,steps_to_95_conditional,4,-5.75,-7.5
6,48,steps_to_95_conditional,4,-6.5,-4.5
6,49,steps_to_95_conditional,4,-6.5,-5.5
6,50,steps_to_95_conditional,4,-5.75,-6.0
6,51,steps_to_95_conditional,4,-9.5,-11.0
6,52,steps_to_95_conditional,4,-9.0,-7.0
6,53,steps_to_95_conditional,4,-8.75,-6.5
6,54,steps_to_95_conditional,4,-6.75,-7.0
6,55,steps_to_95_conditional,4,-12.0,-10.0
6,56,steps_to_95_conditional,4,-11.0,-13.0
6,57,steps_to_95_conditional,4,-8.75,-13.5
6,58,steps_to_95_conditional,4,-8.75,-5.5
6,59,steps_to_95_conditional,4,-8.25,-6.0
6,60,steps_to_95_conditional,4,-8.5,-8.5
6,61,steps_to_95_conditional,4,-8.75,-7.0
6,62,steps_to_95_conditional,4,-18.75,-22.5
6,63,steps_to_95_conditional,4,-13.75,-13.0
6,64,steps_to_95_conditional,4,-1.0,-2.5
6,65,steps_to_95_conditional,4,-11.75,-8.0
6,66,steps_to_95_conditional,4,-1.5,-1.0
6,67,steps_to_95_conditional,4,-5.5,-6.0
6,68,steps_to_95_conditional,4,-6.75,-6.0
6,69,steps_to_95_conditional,4,-9.75,-9.0
6,70,steps_to_95_conditional,4,1.0,1.0
6,71,steps_to_95_conditional,4,-13.75,-13.0
6,72,steps_to_95_conditional,4,-3.5,-3.5
6,73,steps_to_95_conditional,4,-9.5,-5.5
6,74,steps_to_95_conditional,4,-10.5,-6.5
6,75,steps_to_95_conditional,4,-19.25,-15.0
6,76,steps_to_95_conditional,4,-4.0,-5.0
6,77,steps_to_95_conditional,4,-23.5,-24.5
6,78,steps_to_95_conditional,4,-8.0,-8.5
6,79,steps_to_95_conditional,4,-10.0,-9.5
6,80,steps_to_95_conditional,4,-8.75,-9.0
6,81,steps_to_95_conditional,4,-6.0,-6.5
6,82,steps_to_95_conditional,4,-12.25,-17.5
6,83,steps_to_95_conditional,4,-5.25,-6.0
6,84,steps_to_95_conditional,4,-15.25,-16.5
6,85,steps_to_95_conditional,4,-7.75,-6.5
6,86,steps_to_95_conditional,4,-2.25,-2.0
6,87,steps_to_95_conditional,4,-8.75,-5.5
6,88,steps_to_95_conditional,4,-12.75,-5.5
6,89,steps_to_95_conditional,4,-10.25,-11.0
6,90,steps_to_95_conditional,4,-14.75,-12.0
6,91,steps_to_95_conditional,4,-3.5,-4.0
6,92,steps_to_95_conditional,4,1.0,1.0
6,93,steps_to_95_conditional,4,-10.0,-5.0
6,94,steps_to_95_conditional,4,-11.0,-6.0
6,95,steps_to_95_conditional,4,-11.25,-6.0
6,96,steps_to_95_conditional,4,-6.5,-7.5
6,97,steps_to_95_conditional,4,4.5,3.0
6,98,steps_to_95_conditional,4,-9.75,-10.0
6,99,steps_to_95_conditional,4,-9.0,-6.5
6,0,trajectory_overlap_ratio,4,-0.14760325860839987,-0.1166747711850537
6,1,trajectory_overlap_ratio,4,-0.11649110446768177,-0.10184257389466864
6,2,trajectory_overlap_ratio,4,-0.23272454139997223,-0.2111099888707637
6,3,trajectory_overlap_ratio,4,-0.14023704120652877,-0.11459038339569314
6,4,trajectory_overlap_ratio,4,-0.16451843669191807,-0.18394037469636618
6,5,trajectory_overlap_ratio,4,-0.11057872312206857,-0.09509277379981693
6,6,trajectory_overlap_ratio,4,-0.015765669201954574,0.0014767362380582044
6,7,trajectory_overlap_ratio,4,-0.14634596482743661,-0.15688127633671073
6,8,trajectory_overlap_ratio,4,0.07762639226640727,0.06128806952450362
6,9,trajectory_overlap_ratio,4,-0.09341794447169761,-0.03835445809354335
6,10,trajectory_overlap_ratio,4,-0.05659207275661899,-0.06849681963779328
6,11,trajectory_overlap_ratio,4,-0.1033204706771687,-0.06947246302085014
6,12,trajectory_overlap_ratio,4,-0.058282131123138944,-0.02011454573510396
6,13,trajectory_overlap_ratio,4,-0.22289279888101898,-0.2112360624402676
6,14,trajectory_overlap_ratio,4,-0.2808695074212306,-0.2863838661466173
6,15,trajectory_overlap_ratio,4,-0.02841910368349211,-0.051942309613943666
6,16,trajectory_overlap_ratio,4,-0.0733061597333029,-0.05605600078528715
6,17,trajectory_overlap_ratio,4,-0.003541555025198085,-0.0027323442568223666
6,18,trajectory_overlap_ratio,4,-0.038487325451272314,0.0025414781297133926
6,19,trajectory_overlap_ratio,4,-0.04021929733666705,-0.0697850113704044
6,20,trajectory_overlap_ratio,4,-0.02275325575433995,-0.034122911782486234
6,21,trajectory_overlap_ratio,4,-0.13022574108434964,-0.15197211288409107
6,22,trajectory_overlap_ratio,4,-0.20751795637832943,-0.25886656566321936
6,23,trajectory_overlap_ratio,4,-0.21899263589668388,-0.19899258864776104
6,24,trajectory_overlap_ratio,4,-0.07080388973771327,-0.0671934682964095
6,25,trajectory_overlap_ratio,4,-0.10746290793842794,-0.08771137408047924
6,26,trajectory_overlap_ratio,4,-0.05425380898212086,-0.06425962173604745
6,27,trajectory_overlap_ratio,4,-0.04428589868799552,-0.07398060684411455
6,28,trajectory_overlap_ratio,4,0.002969412473154305,0.004475225211568901
6,29,trajectory_overlap_ratio,4,-0.0069803360498192635,0.0027162285352830967
6,30,trajectory_overlap_ratio,4,-0.0064163541901862756,0.016688181079811945
6,31,trajectory_overlap_ratio,4,0.022842912194178,-0.0010479807895971
6,32,trajectory_overlap_ratio,4,0.04022738192540887,0.0765727967613035
6,33,trajectory_overlap_ratio,4,-0.14529560752177495,-0.1398396887359063
6,34,trajectory_overlap_ratio,4,-0.17221016504370612,-0.14423933775355324
6,35,trajectory_overlap_ratio,4,-0.16033790225595895,-0.16252582282531233
6,36,trajectory_overlap_ratio,4,-0.06963515249950343,-0.05418178720504302
6,37,trajectory_overlap_ratio,4,-0.11589243718711462,-0.07167150411593144
6,38,trajectory_overlap_ratio,4,-0.05324386506505875,0.015265932243544202
6,39,trajectory_overlap_ratio,4,-0.08718065062210546,-0.029200601457644554
6,40,trajectory_overlap_ratio,4,-0.1681166248732719,-0.1703766382923046
6,41,trajectory_overlap_ratio,4,0.029011042104155522,0.026828686019862498
6,42,trajectory_overlap_ratio,4,-0.0015021785219906658,-0.02453136366179845
6,43,trajectory_overlap_ratio,4,-0.05839019337844885,-0.0902699108106961
6,44,trajectory_overlap_ratio,4,-0.188952771536244,-0.1912252930606657
6,45,trajectory_overlap_ratio,4,-0.023085725380332676,-0.030024419497355043
6,46,trajectory_overlap_ratio,4,-0.13973648278707046,-0.12846889952153115
6,47,trajectory_overlap_ratio,4,-0.1433418248935107,-0.1571432640124584
6,48,trajectory_overlap_ratio,4,-0.09108899098769437,-0.09828120394930737
6,49,trajectory_overlap_ratio,4,-0.024439042212260217,-0.030398063588702895
6,50,trajectory_overlap_ratio,4,-0.19196596809862493,-0.22404469243865266
6,51,trajectory_overlap_ratio,4,0.058572061553565244,0.05807700015707684
6,52,trajectory_overlap_ratio,4,-0.0982760669715311,-0.15045738362295974
6,53,trajectory_overlap_ratio,4,-0.05021377126640284,-0.05043513727724257
6,54,trajectory_overlap_ratio,4,-0.06297273450791774,-0.0967190524972118
6,55,trajectory_overlap_ratio,4,-0.08892203434224674,-0.12020315210487403
6,56,trajectory_overlap_ratio,4,-0.19522951066019806,-0.2499637354941977
6,57,trajectory_overlap_ratio,4,-0.03414984422265971,-0.06097523027134674
6,58,trajectory_overlap_ratio,4,-0.015385828216276126,-0.013994703256112656
6,59,trajectory_overlap_ratio,4,-0.12851403122609564,-0.1051189126580042
6,60,trajectory_overlap_ratio,4,-0.07741269468172565,-0.06194388893719388
6,61,trajectory_overlap_ratio,4,-0.21573476415100573,-0.25149599662874
6,62,trajectory_overlap_ratio,4,-0.10190291007122691,-0.10120435120435121
6,63,trajectory_overlap_ratio,4,-0.2319097119795977,-0.28900470159875086
6,64,trajectory_overlap_ratio,4,0.028948704902535455,0.06305068303465786
6,65,trajectory_overlap_ratio,4,-0.06026816027619263,-0.037975397758006416
6,66,trajectory_overlap_ratio,4,0.022604272428496122,0.01871554612995094
6,67,trajectory_overlap_ratio,4,0.0007161707757040933,-0.006249999999999964
6,68,trajectory_overlap_ratio,4,-0.09572439826759262,-0.13316450880100356
6,69,trajectory_overlap_ratio,4,-0.0832630313602406,-0.11370224180455508
6,70,trajectory_overlap_ratio,4,-0.05205418573588317,-0.07102415084592535
6,71,trajectory_overlap_ratio,4,-0.11236365249797323,-0.06569485591674519
6,72,trajectory_overlap_ratio,4,-0.053401421014147875,-0.07038406727847725
6,73,trajectory_overlap_ratio,4,0.02210586415824038,-0.009297817550244752
6,74,trajectory_overlap_ratio,4,-0.1274879137781648,-0.14887186423186938
6,75,trajectory_overlap_ratio,4,-0.15073889578509347,-0.16062150983079135
6,76,trajectory_overlap_ratio,4,-0.056172336091910795,-0.035429028524293554
6,77,trajectory_overlap_ratio,4,-0.1839198864622131,-0.2195384327045769
6,78,trajectory_overlap_ratio,4,-0.12991179229502453,-0.1352985528519026
6,79,trajectory_overlap_ratio,4,-0.1752126533634795,-0.2389582855221515
6,80,trajectory_overlap_ratio,4,-0.19398150496011773,-0.21360672894630742
6,81,trajectory_overlap_ratio,4,-0.12107920748130885,-0.1462938873333842
6,82,trajectory_overlap_ratio,4,-0.10563817165901686,-0.11632220455749868
6,83,trajectory_overlap_ratio,4,-0.11353699527409707,-0.13291410485605032
6,84,trajectory_overlap_ratio,4,-0.19085466253806754,-0.20603864734299515
6,85,trajectory_overlap_ratio,4,-0.04579821200013693,-0.039382696453844415
6,86,trajectory_overlap_ratio,4,0.06271648605426644,0.08996647178007525
6,87,trajectory_overlap_ratio,4,-0.0632370354756758,-0.07950414327719861
6,88,trajectory_overlap_ratio,4,-0.21231138430557145,-0.24430165626178924
6,89,trajectory_overlap_ratio,4,-0.1509257270208835,-0.14642131069122216
6,90,trajectory_overlap_ratio,4,-0.12021934365688153,-0.11122909819578436
6,91,trajectory_overlap_ratio,4,-0.08077764902322906,-0.11758998464837159
6,92,trajectory_overlap_ratio,4,0.013646304956603163,-0.005634111804710698
6,93,trajectory_overlap_ratio,4,-0.09504081279219263,-0.04261317306959041
6,94,trajectory_overlap_ratio,4,-0.1487251586357544,-0.13574173666142134
6,95,trajectory_overlap_ratio,4,-0.11359542223141253,-0.15789302803556365
6,96,trajectory_overlap_ratio,4,-0.052856286867618944,-0.06462732919254655
6,97,trajectory_overlap_ratio,4,0.025081126182787725,0.03701930650581395
6,98,trajectory_overlap_ratio,4,-0.10184902321896788,-0.07767100698231721
6,99,trajectory_overlap_ratio,4,-0.13968948296340272,-0.1769526929032546
6,0,team_travel_distance_recorded,4,-244.37944531440735,-210.04821372032166
6,1,team_travel_distance_recorded,4,-359.6211442947387,-117.61112427711487
6,2,team_travel_distance_recorded,4,-632.7197552919388,-556.3130450248718
6,3,team_travel_distance_recorded,4,-330.6089407205581,-233.1934962272644
6,4,team_travel_distance_recorded,4,-265.6013935804367,-130.24729704856873
6,5,team_travel_distance_recorded,4,-201.68533909320834,-217.70067882537842
6,6,team_travel_distance_recorded,4,13.805573105812044,39.958659172058105
6,7,team_travel_distance_recorded,4,-286.0864293575288,-264.5203497409821
6,8,team_travel_distance_recorded,4,403.5350481271744,524.3086998462677
6,9,team_travel_distance_recorded,4,-314.59046483039856,-174.55539631843567
6,10,team_travel_distance_recorded,4,263.0209926366806,38.815303802490234
6,11,team_travel_distance_recorded,4,-253.92578518390656,-348.01999616622925
6,12,team_travel_distance_recorded,4,-103.88005530834198,-61.73133635520935
6,13,team_travel_distance_recorded,4,-477.4977741241455,-414.04440331459045
6,14,team_travel_distance_recorded,4,-525.7065991163254,-464.4683475494385
6,15,team_travel_distance_recorded,4,-9.310561180114718,-65.54349303245544
6,16,team_travel_distance_recorded,4,-154.35971653461456,-71.49718451499939
6,17,team_travel_distance_recorded,4,76.26551651954651,59.58676099777222
6,18,team_travel_distance_recorded,4,-182.29864692687988,-229.89539504051208
6,19,team_travel_distance_recorded,4,-94.86472654342649,-105.61990237236023
6,20,team_travel_distance_recorded,4,-50.7889914512634,8.579202890396175
6,21,team_travel_distance_recorded,4,-425.1314630508423,-542.8202276229858
6,22,team_travel_distance_recorded,4,-370.8080459833145,-463.222270488739
6,23,team_travel_distance_recorded,4,-552.6092519760132,-600.1928548812866
6,24,team_travel_distance_recorded,4,-89.59235906600952,-47.50596261024475
6,25,team_travel_distance_recorded,4,-103.07764029502869,-106.83966708183289
6,26,team_travel_distance_recorded,4,-119.96303725242612,-127.71382403373707
6,27,team_travel_distance_recorded,4,-95.41856968402877,-95.00121998786943
6,28,team_travel_distance_recorded,4,44.94866108894354,4.115844964981079
6,29,team_travel_distance_recorded,4,-41.1126868724823,-106.19910526275635
6,30,team_travel_distance_recorded,4,181.7476615905762,36.95305013656622
6,31,team_travel_distance_recorded,4,119.97934055328375,39.778993368148804
6,32,team_travel_distance_recorded,4,281.9445832967758,275.82969093322754
6,33,team_travel_distance_recorded,4,-375.27019488811504,-406.12708497047436
6,34,team_travel_distance_recorded,4,-329.24198830127716,-409.25294995307917
6,35,team_travel_distance_recorded,4,-363.7566961050033,-332.35438585281366
6,36,team_travel_distance_recorded,4,19.983451247215214,78.45901274681091
6,37,team_travel_distance_recorded,4,-323.2901910543442,-228.34372448921204
6,38,team_travel_distance_recorded,4,-130.8437558412552,-73.24796032905579
6,39,team_travel_distance_recorded,4,-458.8418616056443,-415.1896638870239
6,40,team_travel_distance_recorded,4,-360.04289400577534,-243.21978664398188
6,41,team_travel_distance_recorded,4,229.5698163509369,217.39262342453003
6,42,team_travel_distance_recorded,4,165.7467309236527,-62.34939622879017
6,43,team_travel_distance_recorded,4,-185.57168865203857,-201.06696796417233
6,44,team_travel_distance_recorded,4,-436.5394152402878,-478.5798034667969
6,45,team_travel_distance_recorded,4,-133.2538806200028,-180.6493399143219
6,46,team_travel_distance_recorded,4,-170.19471621513367,-148.93549394607544
6,47,team_travel_distance_recorded,4,-265.7686103582382,-312.6017048358917
6,48,team_travel_distance_recorded,4,-64.3969466686249,-114.33244061470032
6,49,team_travel_distance_recorded,4,-26.82402706146246,-2.6668522357940674
6,50,team_travel_distance_recorded,4,-316.1862493753433,-334.597315788269
6,51,team_travel_distance_recorded,4,125.85600328445435,-9.689416885375977
6,52,team_travel_distance_recorded,4,-182.01659262180328,-178.15530252456668
6,53,team_travel_distance_recorded,4,-158.69314265251157,-172.59483194351196
6,54,team_travel_distance_recorded,4,-169.70067882537842,-65.43830943107605
6,55,team_travel_distance_recorded,4,-147.70382595062253,-112.55730152130127
6,56,team_travel_distance_recorded,4,-247.97180438041687,-379.3205811977387
6,57,team_travel_distance_recorded,4,-7.567288637161198,-162.77830815315247
6,58,team_travel_distance_recorded,4,-125.97397696971882,-168.666852235794
6,59,team_travel_distance_recorded,4,-153.39257955551147,-82.7695300579071
6,60,team_travel_distance_recorded,4,-174.66905772686005,-294.59485387802124
6,61,team_travel_distance_recorded,4,-609.9993476867676,-654.8903646469117
6,62,team_travel_distance_recorded,4,-291.8328161239624,-296.34316778182983
6,63,team_travel_distance_recorded,4,-390.90320956706995,-252.73260021209717
6,64,team_travel_distance_recorded,4,158.76205968856812,128.44396233558655
6,65,team_travel_distance_recorded,4,-218.8822498321533,-169.08011317253118
6,66,team_travel_distance_recorded,4,216.75643968582145,214.10081648826593
6,67,team_travel_distance_recorded,4,41.0964164733887,41.03192138671881
6,68,team_travel_distance_recorded,4,-209.72695827484125,-273.62426948547363
6,69,team_travel_distance_recorded,4,-151.92577421665197,-137.2873959541322
6,70,team_travel_distance_recorded,4,87.18035101890567,109.37697243690491
6,71,team_travel_distance_recorded,4,-286.43956232070923,-364.04194140434265
6,72,team_travel_distance_recorded,4,45.32904803752899,98.31933927536011
6,73,team_travel_distance_recorded,4,-119.04915535449982,29.108330726623535
6,74,team_travel_distance_recorded,4,-249.61867141723633,-71.9956328868866
6,75,team_travel_distance_recorded,4,-318.1687151193619,-269.15022826194763
6,76,team_travel_distance_recorded,4,130.0175561904906,73.61305141448946
6,77,team_travel_distance_recorded,4,-512.5622801780701,-495.49778509140015
6,78,team_travel_distance_recorded,4,-149.48871767520905,-247.01687097549433
6,79,team_travel_distance_recorded,4,-308.13464307785034,-329.68316650390625
6,80,team_travel_distance_recorded,4,-345.2429299354553,-286.203494310379
6,81,team_travel_distance_recorded,4,-162.22757923603058,-89.58920097351074
6,82,team_travel_distance_recorded,4,-168.0823076963424,-230.4288899898528
6,83,team_travel_distance_recorded,4,-194.86253201961517,-211.37945628166193
6,84,team_travel_distance_recorded,4,-346.7041152715683,-429.1959800720215
6,85,team_travel_distance_recorded,4,-148.42736971378326,-144.467768907547
6,86,team_travel_distance_recorded,4,327.93268001079565,351.65306568145763
6,87,team_travel_distance_recorded,4,-164.7269802093506,-86.27112555503842
6,88,team_travel_distance_recorded,4,-515.3468716144562,-532.0049676895142
6,89,team_travel_distance_recorded,4,-225.00560903549194,-207.35753297805786
6,90,team_travel_distance_recorded,4,-231.06573700904835,-168.4132609367369
6,91,team_travel_distance_recorded,4,-21.33123159408575,-51.26797842979431
6,92,team_travel_distance_recorded,4,229.1214978694916,215.58924484252935
6,93,team_travel_distance_recorded,4,-137.23416280746468,-171.5653944015503
6,94,team_travel_distance_recorded,4,-199.64618182182315,-104.74135637283325
6,95,team_travel_distance_recorded,4,-258.6352311372758,-232.8133766651154
6,96,team_travel_distance_recorded,4,-103.77173554897307,-128.62741661071777
6,97,team_travel_distance_recorded,4,378.82655477523804,338.2648751735687
6,98,team_travel_distance_recorded,4,1.520349740982141,32.99248576164263
6,99,team_travel_distance_recorded,4,-449.21035623550415,-519.2510447502136
6,0,team_path_per_robot,4,-40.72990755240122,-35.00803562005361
6,1,team_path_per_robot,4,-59.936857382456445,-19.601854046185807
6,2,team_path_per_robot,4,-105.45329254865646,-92.71884083747864
6,3,team_path_per_robot,4,-55.10149012009301,-38.86558270454405
6,4,team_path_per_robot,4,-44.266898930072784,-21.707882841428116
6,5,team_path_per_robot,4,-33.614223182201385,-36.28344647089639
6,6,team_path_per_robot,4,2.3009288509686776,6.659776528676353
6,7,team_path_per_robot,4,-47.68107155958813,-44.08672495683035
6,8,team_path_per_robot,4,67.25584135452907,87.38478330771127
6,9,team_path_per_robot,4,-52.431744138399765,-29.092566053072616
6,10,team_path_per_robot,4,43.836832106113434,6.469217300415039
6,11,team_path_per_robot,4,-42.320964197317764,-58.00333269437156
6,12,team_path_per_robot,4,-17.313342551390324,-10.288556059201554
6,13,team_path_per_robot,4,-79.58296235402426,-69.00740055243175
6,14,team_path_per_robot,4,-87.61776651938757,-77.41139125823975
6,15,team_path_per_robot,4,-1.5517601966857804,-10.923915505409227
6,16,team_path_per_robot,4,-25.726619422435768,-11.916197419166572
6,17,team_path_per_robot,4,12.71091941992442,9.931126832962036
6,18,team_path_per_robot,4,-30.383107821146663,-38.31589917341869
6,19,team_path_per_robot,4,-15.810787757237751,-17.603317062060036
6,20,team_path_per_robot,4,-8.464831908543893,1.4298671483993672
6,21,team_path_per_robot,4,-70.85524384180705,-90.4700379371643
6,22,team_path_per_robot,4,-61.80134099721909,-77.20371174812318
6,23,team_path_per_robot,4,-92.1015419960022,-100.03214248021445
6,24,team_path_per_robot,4,-14.932059844334916,-7.917660435040787
6,25,team_path_per_robot,4,-17.17960671583812,-17.806611180305488
6,26,team_path_per_robot,4,-19.993839542071008,-21.285637338956164
6,27,team_path_per_robot,4,-15.903094947338126,-15.833536664644903
6,28,team_path_per_robot,4,7.491443514823931,0.6859741608301917
6,29,team_path_per_robot,4,-6.852114478747055,-17.69985087712606
6,30,team_path_per_robot,4,30.291276931762695,6.158841689427689
6,31,team_path_per_robot,4,19.996556758880622,6.629832228024796
6,32,team_path_per_robot,4,46.990763882795974,45.97161515553792
6,33,team_path_per_robot,4,-62.5450324813525,-67.68784749507905
6,34,team_path_per_robot,4,-54.873664716879524,-68.20882499217987
6,35,team_path_per_robot,4,-60.62611601750055,-55.392397642135606
6,36,team_path_per_robot,4,3.3305752078691953,13.076502124468476
6,37,team_path_per_robot,4,-53.881698509057365,-38.05728741486867
6,38,team_path_per_robot,4,-21.807292640209198,-12.207993388175964
6,39,team_path_per_robot,4,-76.4736436009407,-69.19827731450397
6,40,team_path_per_robot,4,-60.00714900096257,-40.53663110733032
6,41,team_path_per_robot,4,38.261636058489486,36.23210390408834
6,42,team_path_per_robot,4,27.624455153942115,-10.3915660381317
6,43,team_path_per_robot,4,-30.928614775339764,-33.51116132736205
6,44,team_path_per_robot,4,-72.75656920671463,-79.76330057779947
6,45,team_path_per_robot,4,-22.208980103333808,-30.108223319053657
6,46,team_path_per_robot,4,-28.365786035855606,-24.822582324345902
6,47,team_path_per_robot,4,-44.2947683930397,-52.10028413931529
6,48,team_path_per_robot,4,-10.732824444770827,-19.05540676911673
6,49,team_path_per_robot,4,-4.470671176910411,-0.44447537263234693
6,50,team_path_per_robot,4,-52.69770822922389,-55.76621929804484
6,51,team_path_per_robot,4,20.976000547409058,-1.6149028142293318
6,52,team_path_per_robot,4,-30.33609877030055,-29.692550420761116
6,53,team_path_per_robot,4,-26.44885710875193,-28.765805323918663
6,54,team_path_per_robot,4,-28.283446470896404,-10.906384905179337
6,55,team_path_per_robot,4,-24.617304325103753,-18.759550253550223
6,56,team_path_per_robot,4,-41.328634063402816,-63.220096866289786
6,57,team_path_per_robot,4,-1.2612147728601926,-27.129718025525413
6,58,team_path_per_robot,4,-20.995662828286477,-28.111142039299004
6,59,team_path_per_robot,4,-25.565429925918583,-13.794921676317855
6,60,team_path_per_robot,4,-29.111509621143348,-49.09914231300355
6,61,team_path_per_robot,4,-101.66655794779462,-109.14839410781863
6,62,team_path_per_robot,4,-48.63880268732707,-49.390527963638306
6,63,team_path_per_robot,4,-65.150534927845,-42.12210003534953
6,64,team_path_per_robot,4,26.46034328142802,21.40732705593109
6,65,team_path_per_robot,4,-36.480374972025544,-28.180018862088538
6,66,team_path_per_robot,4,36.126073280970246,35.68346941471099
6,67,team_path_per_robot,4,6.849402745564785,6.838653564453125
6,68,team_path_per_robot,4,-34.9544930458069,-45.604044914245634
6,69,team_path_per_robot,4,-25.320962369442,-22.881232659022032
6,70,team_path_per_robot,4,14.53005850315094,18.229495406150818
6,71,team_path_per_robot,4,-47.73992705345154,-60.67365690072378
6,72,team_path_per_robot,4,7.554841339588162,16.38655654589335
6,73,team_path_per_robot,4,-19.841525892416637,4.851388454437249
6,74,team_path_per_robot,4,-41.603111902872726,-11.99927214781443
6,75,team_path_per_robot,4,-53.02811918656031,-44.85837137699127
6,76,team_path_per_robot,4,21.6695926984151,12.268841902414906
6,77,team_path_per_robot,4,-85.42704669634502,-82.58296418190002
6,78,team_path_per_robot,4,-24.914786279201508,-41.16947849591571
6,79,team_path_per_robot,4,-51.355773846308395,-54.94719441731771
6,80,team_path_per_robot,4,-57.54048832257588,-47.70058238506317
6,81,team_path_per_robot,4,-27.037929872671757,-14.931533495585121
6,82,team_path_per_robot,4,-28.013717949390397,-38.40481499830879
6,83,team_path_per_robot,4,-32.47708866993587,-35.22990938027699
6,84,team_path_per_robot,4,-57.78401921192804,-71.53266334533691
6,85,team_path_per_robot,4,-24.7378949522972,-24.077961484591157
6,86,team_path_per_robot,4,54.655446668465935,58.608844280242934
6,87,team_path_per_robot,4,-27.454496701558437,-14.378520925839737
6,88,team_path_per_robot,4,-85.89114526907602,-88.66749461491901
6,89,team_path_per_robot,4,-37.50093483924867,-34.55958882967632
6,90,team_path_per_robot,4,-38.51095616817473,-28.068876822789477
6,91,team_path_per_robot,4,-3.5552052656809643,-8.544663071632392
6,92,team_path_per_robot,4,38.18691631158194,35.931540807088226
6,93,team_path_per_robot,4,-22.872360467910777,-28.594232400258377
6,94,team_path_per_robot,4,-33.27436363697052,-17.456892728805542
6,95,team_path_per_robot,4,-43.10587185621263,-38.8022294441859
6,96,team_path_per_robot,4,-17.295289258162175,-21.437902768452958
6,97,team_path_per_robot,4,63.13775912920634,56.37747919559478
6,98,team_path_per_robot,4,0.2533916234970164,5.498747626940428
6,99,team_path_per_robot,4,-74.86839270591736,-86.54184079170227
6,0,actual_collision_pairs,4,-1.25,-1.0
6,1,actual_collision_pairs,4,-1.25,0.0
6,2,actual_collision_pairs,4,-1.0,-1.0
6,3,actual_collision_pairs,4,-0.25,0.0
6,4,actual_collision_pairs,4,-0.5,-0.5
6,5,actual_collision_pairs,4,-0.25,0.0
6,6,actual_collision_pairs,4,0.0,0.0
6,7,actual_collision_pairs,4,-0.25,0.0
6,8,actual_collision_pairs,4,0.0,0.0
6,9,actual_collision_pairs,4,-0.75,0.0
6,10,actual_collision_pairs,4,-0.25,0.0
6,11,actual_collision_pairs,4,-4.0,-3.5
6,12,actual_collision_pairs,4,-0.5,-0.5
6,13,actual_collision_pairs,4,-0.25,0.0
6,14,actual_collision_pairs,4,-1.25,-0.5
6,15,actual_collision_pairs,4,-0.5,-0.5
6,16,actual_collision_pairs,4,-0.25,0.0
6,17,actual_collision_pairs,4,0.0,0.0
6,18,actual_collision_pairs,4,-0.75,-0.5
6,19,actual_collision_pairs,4,-1.5,-1.5
6,20,actual_collision_pairs,4,-0.75,0.0
6,21,actual_collision_pairs,4,-0.25,0.0
6,22,actual_collision_pairs,4,-0.25,0.0
6,23,actual_collision_pairs,4,-1.0,-0.5
6,24,actual_collision_pairs,4,-1.25,-0.5
6,25,actual_collision_pairs,4,-0.25,0.0
6,26,actual_collision_pairs,4,-3.25,-2.0
6,27,actual_collision_pairs,4,-1.25,-1.0
6,28,actual_collision_pairs,4,0.0,0.0
6,29,actual_collision_pairs,4,-0.25,0.0
6,30,actual_collision_pairs,4,-0.5,-0.5
6,31,actual_collision_pairs,4,-1.25,0.0
6,32,actual_collision_pairs,4,-2.5,0.0
6,33,actual_collision_pairs,4,-1.75,-1.5
6,34,actual_collision_pairs,4,-0.75,-1.0
6,35,actual_collision_pairs,4,-0.25,0.0
6,36,actual_collision_pairs,4,-2.0,-0.5
6,37,actual_collision_pairs,4,-1.0,-0.5
6,38,actual_collision_pairs,4,-0.5,0.0
6,39,actual_collision_pairs,4,-13.0,-11.5
6,40,actual_collision_pairs,4,0.0,0.0
6,41,actual_collision_pairs,4,0.0,0.0
6,42,actual_collision_pairs,4,-0.25,0.0
6,43,actual_collision_pairs,4,-0.5,0.0
6,44,actual_collision_pairs,4,-2.5,-2.5
6,45,actual_collision_pairs,4,-1.25,-1.0
6,46,actual_collision_pairs,4,-1.0,-0.5
6,47,actual_collision_pairs,4,-0.75,0.0
6,48,actual_collision_pairs,4,-1.0,-1.0
6,49,actual_collision_pairs,4,-0.5,0.0
6,50,actual_collision_pairs,4,-0.25,0.0
6,51,actual_collision_pairs,4,-0.75,-1.0
6,52,actual_collision_pairs,4,0.0,0.0
6,53,actual_collision_pairs,4,-0.75,-0.5
6,54,actual_collision_pairs,4,0.0,0.0
6,55,actual_collision_pairs,4,-2.25,0.0
6,56,actual_collision_pairs,4,-0.5,-0.5
6,57,actual_collision_pairs,4,-1.5,-0.5
6,58,actual_collision_pairs,4,-0.25,0.0
6,59,actual_collision_pairs,4,-0.5,0.0
6,60,actual_collision_pairs,4,-0.25,0.0
6,61,actual_collision_pairs,4,-15.75,-3.0
6,62,actual_collision_pairs,4,-1.25,-0.5
6,63,actual_collision_pairs,4,-0.25,0.0
6,64,actual_collision_pairs,4,-0.25,0.0
6,65,actual_collision_pairs,4,-2.25,0.0
6,66,actual_collision_pairs,4,-1.25,-0.5
6,67,actual_collision_pairs,4,-0.25,0.0
6,68,actual_collision_pairs,4,-1.5,-1.5
6,69,actual_collision_pairs,4,-0.75,0.0
6,70,actual_collision_pairs,4,0.0,0.0
6,71,actual_collision_pairs,4,-0.5,-0.5
6,72,actual_collision_pairs,4,0.0,0.0
6,73,actual_collision_pairs,4,-0.25,0.0
6,74,actual_collision_pairs,4,-0.5,0.0
6,75,actual_collision_pairs,4,-2.75,-1.5
6,76,actual_collision_pairs,4,-1.0,0.0
6,77,actual_collision_pairs,4,-1.0,0.0
6,78,actual_collision_pairs,4,0.0,0.0
6,79,actual_collision_pairs,4,-1.75,-1.5
6,80,actual_collision_pairs,4,-1.25,0.0
6,81,actual_collision_pairs,4,0.0,0.0
6,82,actual_collision_pairs,4,-0.25,0.0
6,83,actual_collision_pairs,4,-2.75,-1.5
6,84,actual_collision_pairs,4,-0.25,0.0
6,85,actual_collision_pairs,4,-0.75,0.0
6,86,actual_collision_pairs,4,-6.75,0.0
6,87,actual_collision_pairs,4,-0.25,0.0
6,88,actual_collision_pairs,4,-1.25,-1.0
6,89,actual_collision_pairs,4,0.0,0.0
6,90,actual_collision_pairs,4,-1.0,0.0
6,91,actual_collision_pairs,4,-0.5,-0.5
6,92,actual_collision_pairs,4,-0.25,0.0
6,93,actual_collision_pairs,4,-2.0,-1.5
6,94,actual_collision_pairs,4,-1.25,0.0
6,95,actual_collision_pairs,4,-0.5,-0.5
6,96,actual_collision_pairs,4,0.0,0.0
6,97,actual_collision_pairs,4,0.0,0.0
6,98,actual_collision_pairs,4,-0.5,-0.5
6,99,actual_collision_pairs,4,0.0,0.0
6,0,collisions_per_robot_pair,4,-0.08333333333333333,-0.06666666666666667
6,1,collisions_per_robot_pair,4,-0.08333333333333333,0.0
6,2,collisions_per_robot_pair,4,-0.06666666666666667,-0.06666666666666667
6,3,collisions_per_robot_pair,4,-0.016666666666666666,0.0
6,4,collisions_per_robot_pair,4,-0.03333333333333333,-0.03333333333333333
6,5,collisions_per_robot_pair,4,-0.016666666666666666,0.0
6,6,collisions_per_robot_pair,4,0.0,0.0
6,7,collisions_per_robot_pair,4,-0.016666666666666666,0.0
6,8,collisions_per_robot_pair,4,0.0,0.0
6,9,collisions_per_robot_pair,4,-0.05,0.0
6,10,collisions_per_robot_pair,4,-0.016666666666666666,0.0
6,11,collisions_per_robot_pair,4,-0.26666666666666666,-0.23333333333333334
6,12,collisions_per_robot_pair,4,-0.03333333333333333,-0.03333333333333333
6,13,collisions_per_robot_pair,4,-0.016666666666666666,0.0
6,14,collisions_per_robot_pair,4,-0.08333333333333333,-0.03333333333333333
6,15,collisions_per_robot_pair,4,-0.03333333333333333,-0.03333333333333333
6,16,collisions_per_robot_pair,4,-0.016666666666666666,0.0
6,17,collisions_per_robot_pair,4,0.0,0.0
6,18,collisions_per_robot_pair,4,-0.05,-0.03333333333333333
6,19,collisions_per_robot_pair,4,-0.1,-0.1
6,20,collisions_per_robot_pair,4,-0.05,0.0
6,21,collisions_per_robot_pair,4,-0.016666666666666666,0.0
6,22,collisions_per_robot_pair,4,-0.016666666666666666,0.0
6,23,collisions_per_robot_pair,4,-0.06666666666666667,-0.03333333333333333
6,24,collisions_per_robot_pair,4,-0.08333333333333333,-0.03333333333333333
6,25,collisions_per_robot_pair,4,-0.016666666666666666,0.0
6,26,collisions_per_robot_pair,4,-0.21666666666666667,-0.13333333333333333
6,27,collisions_per_robot_pair,4,-0.08333333333333334,-0.06666666666666667
6,28,collisions_per_robot_pair,4,0.0,0.0
6,29,collisions_per_robot_pair,4,-0.016666666666666666,0.0
6,30,collisions_per_robot_pair,4,-0.03333333333333333,-0.03333333333333333
6,31,collisions_per_robot_pair,4,-0.08333333333333333,0.0
6,32,collisions_per_robot_pair,4,-0.16666666666666666,0.0
6,33,collisions_per_robot_pair,4,-0.11666666666666667,-0.1
6,34,collisions_per_robot_pair,4,-0.05,-0.06666666666666667
6,35,collisions_per_robot_pair,4,-0.016666666666666666,0.0
6,36,collisions_per_robot_pair,4,-0.13333333333333333,-0.03333333333333333
6,37,collisions_per_robot_pair,4,-0.06666666666666667,-0.03333333333333333
6,38,collisions_per_robot_pair,4,-0.03333333333333333,0.0
6,39,collisions_per_robot_pair,4,-0.8666666666666667,-0.7666666666666666
6,40,collisions_per_robot_pair,4,0.0,0.0
6,41,collisions_per_robot_pair,4,0.0,0.0
6,42,collisions_per_robot_pair,4,-0.016666666666666666,0.0
6,43,collisions_per_robot_pair,4,-0.03333333333333333,0.0
6,44,collisions_per_robot_pair,4,-0.16666666666666666,-0.16666666666666666
6,45,collisions_per_robot_pair,4,-0.08333333333333334,-0.06666666666666667
6,46,collisions_per_robot_pair,4,-0.06666666666666667,-0.03333333333333333
6,47,collisions_per_robot_pair,4,-0.05,0.0
6,48,collisions_per_robot_pair,4,-0.06666666666666667,-0.06666666666666667
6,49,collisions_per_robot_pair,4,-0.03333333333333333,0.0
6,50,collisions_per_robot_pair,4,-0.016666666666666666,0.0
6,51,collisions_per_robot_pair,4,-0.05,-0.06666666666666667
6,52,collisions_per_robot_pair,4,0.0,0.0
6,53,collisions_per_robot_pair,4,-0.05,-0.03333333333333333
6,54,collisions_per_robot_pair,4,0.0,0.0
6,55,collisions_per_robot_pair,4,-0.15,0.0
6,56,collisions_per_robot_pair,4,-0.03333333333333333,-0.03333333333333333
6,57,collisions_per_robot_pair,4,-0.09999999999999999,-0.03333333333333333
6,58,collisions_per_robot_pair,4,-0.016666666666666666,0.0
6,59,collisions_per_robot_pair,4,-0.03333333333333333,0.0
6,60,collisions_per_robot_pair,4,-0.016666666666666666,0.0
6,61,collisions_per_robot_pair,4,-1.05,-0.2
6,62,collisions_per_robot_pair,4,-0.08333333333333333,-0.03333333333333333
6,63,collisions_per_robot_pair,4,-0.016666666666666666,0.0
6,64,collisions_per_robot_pair,4,-0.016666666666666666,0.0
6,65,collisions_per_robot_pair,4,-0.15,0.0
6,66,collisions_per_robot_pair,4,-0.08333333333333333,-0.03333333333333333
6,67,collisions_per_robot_pair,4,-0.016666666666666666,0.0
6,68,collisions_per_robot_pair,4,-0.1,-0.1
6,69,collisions_per_robot_pair,4,-0.05,0.0
6,70,collisions_per_robot_pair,4,0.0,0.0
6,71,collisions_per_robot_pair,4,-0.03333333333333333,-0.03333333333333333
6,72,collisions_per_robot_pair,4,0.0,0.0
6,73,collisions_per_robot_pair,4,-0.016666666666666666,0.0
6,74,collisions_per_robot_pair,4,-0.03333333333333333,0.0
6,75,collisions_per_robot_pair,4,-0.18333333333333335,-0.1
6,76,collisions_per_robot_pair,4,-0.06666666666666667,0.0
6,77,collisions_per_robot_pair,4,-0.06666666666666667,0.0
6,78,collisions_per_robot_pair,4,0.0,0.0
6,79,collisions_per_robot_pair,4,-0.11666666666666667,-0.1
6,80,collisions_per_robot_pair,4,-0.08333333333333333,0.0
6,81,collisions_per_robot_pair,4,0.0,0.0
6,82,collisions_per_robot_pair,4,-0.016666666666666666,0.0
6,83,collisions_per_robot_pair,4,-0.18333333333333332,-0.1
6,84,collisions_per_robot_pair,4,-0.016666666666666666,0.0
6,85,collisions_per_robot_pair,4,-0.05,0.0
6,86,collisions_per_robot_pair,4,-0.45,0.0
6,87,collisions_per_robot_pair,4,-0.016666666666666666,0.0
6,88,collisions_per_robot_pair,4,-0.08333333333333334,-0.06666666666666667
6,89,collisions_per_robot_pair,4,0.0,0.0
6,90,collisions_per_robot_pair,4,-0.06666666666666667,0.0
6,91,collisions_per_robot_pair,4,-0.03333333333333333,-0.03333333333333333
6,92,collisions_per_robot_pair,4,-0.016666666666666666,0.0
6,93,collisions_per_robot_pair,4,-0.13333333333333333,-0.1
6,94,collisions_per_robot_pair,4,-0.08333333333333333,0.0
6,95,collisions_per_robot_pair,4,-0.03333333333333333,-0.03333333333333333
6,96,collisions_per_robot_pair,4,0.0,0.0
6,97,collisions_per_robot_pair,4,0.0,0.0
6,98,collisions_per_robot_pair,4,-0.03333333333333333,-0.03333333333333333
6,99,collisions_per_robot_pair,4,0.0,0.0
6,0,deadlock_duration_robot_steps,4,-0.25,0.0
6,1,deadlock_duration_robot_steps,4,-0.25,0.0
6,2,deadlock_duration_robot_steps,4,-0.25,0.0
6,3,deadlock_duration_robot_steps,4,-0.25,0.0
6,4,deadlock_duration_robot_steps,4,0.0,0.0
6,5,deadlock_duration_robot_steps,4,0.0,0.0
6,6,deadlock_duration_robot_steps,4,0.0,0.0
6,7,deadlock_duration_robot_steps,4,0.0,0.0
6,8,deadlock_duration_robot_steps,4,0.0,0.0
6,9,deadlock_duration_robot_steps,4,-2.75,0.0
6,10,deadlock_duration_robot_steps,4,-0.25,0.0
6,11,deadlock_duration_robot_steps,4,-1.0,0.0
6,12,deadlock_duration_robot_steps,4,-0.25,0.0
6,13,deadlock_duration_robot_steps,4,0.0,0.0
6,14,deadlock_duration_robot_steps,4,-0.75,-0.5
6,15,deadlock_duration_robot_steps,4,-0.25,0.0
6,16,deadlock_duration_robot_steps,4,0.0,0.0
6,17,deadlock_duration_robot_steps,4,0.0,0.0
6,18,deadlock_duration_robot_steps,4,-1.25,0.0
6,19,deadlock_duration_robot_steps,4,-0.25,0.0
6,20,deadlock_duration_robot_steps,4,-4.5,0.0
6,21,deadlock_duration_robot_steps,4,0.0,0.0
6,22,deadlock_duration_robot_steps,4,0.0,0.0
6,23,deadlock_duration_robot_steps,4,0.0,0.0
6,24,deadlock_duration_robot_steps,4,-0.25,0.0
6,25,deadlock_duration_robot_steps,4,0.0,0.0
6,26,deadlock_duration_robot_steps,4,-1.25,0.0
6,27,deadlock_duration_robot_steps,4,0.0,0.0
6,28,deadlock_duration_robot_steps,4,0.0,0.0
6,29,deadlock_duration_robot_steps,4,0.0,0.0
6,30,deadlock_duration_robot_steps,4,-0.25,0.0
6,31,deadlock_duration_robot_steps,4,0.0,0.0
6,32,deadlock_duration_robot_steps,4,-10.75,0.0
6,33,deadlock_duration_robot_steps,4,-1.25,-0.5
6,34,deadlock_duration_robot_steps,4,0.0,0.0
6,35,deadlock_duration_robot_steps,4,-0.5,0.0
6,36,deadlock_duration_robot_steps,4,0.0,0.0
6,37,deadlock_duration_robot_steps,4,-0.25,0.0
6,38,deadlock_duration_robot_steps,4,0.0,0.0
6,39,deadlock_duration_robot_steps,4,-11.5,-9.5
6,40,deadlock_duration_robot_steps,4,0.0,0.0
6,41,deadlock_duration_robot_steps,4,0.0,0.0
6,42,deadlock_duration_robot_steps,4,0.0,0.0
6,43,deadlock_duration_robot_steps,4,-1.75,0.0
6,44,deadlock_duration_robot_steps,4,-0.5,0.0
6,45,deadlock_duration_robot_steps,4,-0.25,0.0
6,46,deadlock_duration_robot_steps,4,-4.75,0.0
6,47,deadlock_duration_robot_steps,4,0.0,0.0
6,48,deadlock_duration_robot_steps,4,-1.0,0.0
6,49,deadlock_duration_robot_steps,4,0.0,0.0
6,50,deadlock_duration_robot_steps,4,0.0,0.0
6,51,deadlock_duration_robot_steps,4,0.0,0.0
6,52,deadlock_duration_robot_steps,4,0.0,0.0
6,53,deadlock_duration_robot_steps,4,0.0,0.0
6,54,deadlock_duration_robot_steps,4,0.0,0.0
6,55,deadlock_duration_robot_steps,4,-1.25,0.0
6,56,deadlock_duration_robot_steps,4,0.0,0.0
6,57,deadlock_duration_robot_steps,4,-0.75,0.0
6,58,deadlock_duration_robot_steps,4,0.0,0.0
6,59,deadlock_duration_robot_steps,4,0.0,0.0
6,60,deadlock_duration_robot_steps,4,0.0,0.0
6,61,deadlock_duration_robot_steps,4,-19.25,-1.0
6,62,deadlock_duration_robot_steps,4,0.0,0.0
6,63,deadlock_duration_robot_steps,4,0.0,0.0
6,64,deadlock_duration_robot_steps,4,0.0,0.0
6,65,deadlock_duration_robot_steps,4,0.0,0.0
6,66,deadlock_duration_robot_steps,4,0.0,0.0
6,67,deadlock_duration_robot_steps,4,0.0,0.0
6,68,deadlock_duration_robot_steps,4,0.0,0.0
6,69,deadlock_duration_robot_steps,4,-0.25,0.0
6,70,deadlock_duration_robot_steps,4,0.0,0.0
6,71,deadlock_duration_robot_steps,4,0.0,0.0
6,72,deadlock_duration_robot_steps,4,0.0,0.0
6,73,deadlock_duration_robot_steps,4,0.0,0.0
6,74,deadlock_duration_robot_steps,4,0.0,0.0
6,75,deadlock_duration_robot_steps,4,-1.25,0.0
6,76,deadlock_duration_robot_steps,4,-0.25,0.0
6,77,deadlock_duration_robot_steps,4,0.0,0.0
6,78,deadlock_duration_robot_steps,4,0.0,0.0
6,79,deadlock_duration_robot_steps,4,-0.5,-0.5
6,80,deadlock_duration_robot_steps,4,-0.25,0.0
6,81,deadlock_duration_robot_steps,4,0.0,0.0
6,82,deadlock_duration_robot_steps,4,0.0,0.0
6,83,deadlock_duration_robot_steps,4,-0.5,0.0
6,84,deadlock_duration_robot_steps,4,0.0,0.0
6,85,deadlock_duration_robot_steps,4,-1.75,-0.5
6,86,deadlock_duration_robot_steps,4,-6.25,0.0
6,87,deadlock_duration_robot_steps,4,-0.25,0.0
6,88,deadlock_duration_robot_steps,4,0.0,0.0
6,89,deadlock_duration_robot_steps,4,0.0,0.0
6,90,deadlock_duration_robot_steps,4,0.0,0.0
6,91,deadlock_duration_robot_steps,4,0.0,0.0
6,92,deadlock_duration_robot_steps,4,0.0,0.0
6,93,deadlock_duration_robot_steps,4,-0.25,0.0
6,94,deadlock_duration_robot_steps,4,-0.75,0.0
6,95,deadlock_duration_robot_steps,4,-3.25,0.0
6,96,deadlock_duration_robot_steps,4,0.0,0.0
6,97,deadlock_duration_robot_steps,4,0.0,0.0
6,98,deadlock_duration_robot_steps,4,0.0,0.0
6,99,deadlock_duration_robot_steps,4,0.0,0.0
8,0,final_coverage,4,0.00280108918846525,0.002700651727524206
8,1,final_coverage,4,0.003210767065446929,0.0022519352568614592
8,2,final_coverage,4,-0.00017595307917889214,-0.0002737047898337952
8,3,final_coverage,4,0.0034562642454133985,0.003717819377498821
8,4,final_coverage,4,0.002965370349968799,0.002607322536814727
8,5,final_coverage,4,-0.0014964424199073456,-0.0004517562022361976
8,6,final_coverage,4,-0.0043012201223971425,-0.0037719872214309613
8,7,final_coverage,4,0.0008317446076782087,0.0005233449216852093
8,8,final_coverage,4,-0.0017973729208767275,-0.0019625369190113817
8,9,final_coverage,4,-0.000635171956697822,-0.0005707342219603562
8,10,final_coverage,4,0.0012914143213395013,0.0
8,11,final_coverage,4,-0.0017866569212652839,-0.0016242335647865813
8,12,final_coverage,4,0.0005753960642908285,-0.0002685181633358402
8,13,final_coverage,4,0.0026420791545346545,0.0008627197239297058
8,14,final_coverage,4,0.003299531679374579,0.0025351240469095315
8,15,final_coverage,4,0.001745333130975829,0.002010927303080834
8,16,final_coverage,4,0.0012265458222538717,7.490356166439671e-05
8,17,final_coverage,4,0.0025117920006135497,0.0016681366721633117
8,18,final_coverage,4,-0.0011619437411120315,-0.0009711768582428837
8,19,final_coverage,4,-0.0008910735968038486,-0.0012337942109592048
8,20,final_coverage,4,-0.0006864682048019211,0.0
8,21,final_coverage,4,0.003909200785617184,0.00423024626076457
8,22,final_coverage,4,-0.0002890388990414994,-5.594301271771851e-05
8,23,final_coverage,4,-0.0006408430646539787,0.000996866989461609
8,24,final_coverage,4,-0.002636650315346878,-0.0032235459004905653
8,25,final_coverage,4,0.002543207175672746,0.0017866258295047843
8,26,final_coverage,4,0.0008417819877154786,0.0
8,27,final_coverage,4,0.0007834031789180074,0.00047192962585418385
8,28,final_coverage,4,0.0005471856418487742,-0.00010943712836980479
8,29,final_coverage,4,-0.0014030997711867166,-0.0015326166731424173
8,30,final_coverage,4,-0.00026948085816613787,0.00010431517090297993
8,31,final_coverage,4,0.0007501667037118909,0.0007223827517225945
8,32,final_coverage,4,-0.0005920224968549159,-0.0013690520239769133
8,33,final_coverage,4,0.0015095513430432306,0.0013174266266560153
8,34,final_coverage,4,-0.007092634909474316,-0.007470557215679241
8,35,final_coverage,4,0.0021537880219156813,0.0010580011335725725
8,36,final_coverage,4,-0.00017489312087062836,0.0005441119315973131
8,37,final_coverage,4,0.002043464786549931,0.0
8,38,final_coverage,4,0.0006795436761253548,0.0
8,39,final_coverage,4,0.0025485670321216403,0.001077130217349509
8,40,final_coverage,4,0.0013336518173493739,0.0019905251005215008
8,41,final_coverage,4,-0.0017802425445601067,6.473609252938273e-05
8,42,final_coverage,4,-0.0007611963308409853,-0.0007130193478763758
8,43,final_coverage,4,0.00039685469580622024,-0.00012920850561137787
8,44,final_coverage,4,0.0008000166237220607,0.0
8,45,final_coverage,4,-0.0017639747011296836,-0.00230322085328849
8,46,final_coverage,4,-0.003169649866541141,-0.003218715653948878
8,47,final_coverage,4,8.324315325070053e-05,0.0
8,48,final_coverage,4,-0.001902400242295682,0.0
8,49,final_coverage,4,0.0036379018612521796,0.00451212633953757
8,50,final_coverage,4,-0.00036218424962855544,0.0
8,51,final_coverage,4,0.0011631898096945426,-3.8137370809709914e-05
8,52,final_coverage,4,0.0005189138814758187,-0.002350997585461978
8,53,final_coverage,4,-0.00244281991893458,-0.0008685581933989828
8,54,final_coverage,4,-0.0007371409850387978,-0.0020385133413418077
8,55,final_coverage,4,0.0002182743043692703,0.00024674486580877897
8,56,final_coverage,4,0.002283450932860004,0.002034543959135937
8,57,final_coverage,4,-9.954030477435372e-05,-7.23929489268027e-05
8,58,final_coverage,4,0.005663366336633668,0.007049504950495
8,59,final_coverage,4,-0.0017563924515970608,-0.0038804019279471413
8,60,final_coverage,4,0.0008417849898580132,0.0
8,61,final_coverage,4,0.0021436536317144816,0.0033260276079516427
8,62,final_coverage,4,-0.0002581787334489105,-0.00035038542396642613
8,63,final_coverage,4,0.00027851828273586787,-0.00039788326105116845
8,64,final_coverage,4,0.0027076564192284602,0.0008539531783720022
8,65,final_coverage,4,0.00031208759853051937,0.0016585226664764252
8,66,final_coverage,4,-0.00320462098433294,-0.002868333597088102
8,67,final_coverage,4,-0.00010563921327599868,-1.9207129686615865e-05
8,68,final_coverage,4,0.002480524010697205,0.00447657067555518
8,69,final_coverage,4,0.0018338108882521298,0.0019293218720152772
8,70,final_coverage,4,-0.0024887387387386994,-0.0011036036036035646
8,71,final_coverage,4,-0.0009536330642174462,-0.001351751722094674
8,72,final_coverage,4,-0.0008663412452956654,-0.0018630994522487176
8,73,final_coverage,4,-0.00015093770046414878,0.0
8,74,final_coverage,4,0.0,0.0
8,75,final_coverage,4,0.0,0.0
8,76,final_coverage,4,-0.004530477759472795,-0.004255903349807799
8,77,final_coverage,4,-0.0035871206920224386,-0.002883427159137697
8,78,final_coverage,4,0.000655560697208124,-0.00042418633348756396
8,79,final_coverage,4,-0.0027335627733562906,-0.0024198752419876124
8,80,final_coverage,4,0.0026793823796548433,0.0002497729336966015
8,81,final_coverage,4,-0.000793210121361132,-0.0007932101213611875
8,82,final_coverage,4,-0.0008110453053679911,-0.0006412916368025989
8,83,final_coverage,4,-0.003505900420303909,-0.0040817976075008255
8,84,final_coverage,4,0.0006791369140018988,0.0012224464452034178
8,85,final_coverage,4,0.0014366729678638168,0.000472589792060385
8,86,final_coverage,4,0.0008049060942889874,0.00021080873898049468
8,87,final_coverage,4,-0.00438539501039506,-0.004136347886347924
8,88,final_coverage,4,-0.0025653655132783504,-0.002524319665065833
8,89,final_coverage,4,0.001523338698551313,-0.00026826090288961657
8,90,final_coverage,4,0.0006774819643314833,0.0
8,91,final_coverage,4,0.0007502947586552067,0.0
8,92,final_coverage,4,0.002824128765504974,0.0011628765505019567
8,93,final_coverage,4,-0.0033142574828111115,-0.002408497673844101
8,94,final_coverage,4,0.004421846002348129,0.004109381509676879
8,95,final_coverage,4,0.0006142757688684386,0.0008599860764157974
8,96,final_coverage,4,0.0005533092147264884,-0.0010427750585230156
8,97,final_coverage,4,-0.0003849368703532363,-0.002309621222119529
8,98,final_coverage,4,0.00011210305327949421,0.0
8,99,final_coverage,4,-0.0004374843755579616,0.0
8,0,coverage_auc,4,0.03764451169204616,0.036360583142120484
8,1,coverage_auc,4,0.023412079541675762,0.02406666938796609
8,2,coverage_auc,4,0.016267344678302847,0.0332479859166766
8,3,coverage_auc,4,-0.012305289370031475,-0.01656541113879184
8,4,coverage_auc,4,0.02383210198278729,0.0015978028316096515
8,5,coverage_auc,4,0.01337499609861545,0.0026685711858696615
8,6,coverage_auc,4,-0.014366914786070495,-0.014923173318022676
8,7,coverage_auc,4,0.045973966283542333,0.03437863866632879
8,8,coverage_auc,4,0.0036497576080585514,0.009193563962334339
8,9,coverage_auc,4,0.013821030514661325,-0.0017117010901070429
8,10,coverage_auc,4,-0.024384661898502802,-0.007705383218805484
8,11,coverage_auc,4,0.02152026928008513,0.01234407073676852
8,12,coverage_auc,4,-0.016523707884447986,-0.007323903419206523
8,13,coverage_auc,4,-0.004524875832222691,-0.003928053420102273
8,14,coverage_auc,4,0.03656473361212728,0.026780524692028296
8,15,coverage_auc,4,0.01905466714561105,0.03539681050954857
8,16,coverage_auc,4,-0.0013347695356933642,-0.0028695940006653875
8,17,coverage_auc,4,0.009574044807017207,0.03563858803305214
8,18,coverage_auc,4,-0.001442515521545007,-0.01146493200185389
8,19,coverage_auc,4,0.01344737076861749,0.007176214565271011
8,20,coverage_auc,4,-0.019041346289363464,-0.0049446859958725
8,21,coverage_auc,4,-0.045915363525630554,-0.05141840563464045
8,22,coverage_auc,4,0.00337635838340522,-0.0002546178222941897
8,23,coverage_auc,4,-0.020151947136017617,-0.012421852344849493
8,24,coverage_auc,4,-0.0044264409740401855,-0.00469037484975493
8,25,coverage_auc,4,0.01773781370760613,0.017372139848669588
8,26,coverage_auc,4,-0.02315088240447155,-0.0270615278038685
8,27,coverage_auc,4,-0.04359812373106292,-0.03323670408467294
8,28,coverage_auc,4,-0.017700779426303576,-0.006235004373472797
8,29,coverage_auc,4,-0.005581045175174104,-0.013774479940728834
8,30,coverage_auc,4,0.01810186390285229,0.021155984094759828
8,31,coverage_auc,4,0.006496477696526642,0.00038301810851509854
8,32,coverage_auc,4,0.02029298752305736,0.02296413655660312
8,33,coverage_auc,4,0.03546784055551333,0.03482185189150139
8,34,coverage_auc,4,0.012459954650934718,0.018411895431401648
8,35,coverage_auc,4,0.0037264080637403885,0.0034312518725894137
8,36,coverage_auc,4,-0.05498165956278914,-0.0615369311346769
8,37,coverage_auc,4,0.011282954834246045,0.012183573542500936
8,38,coverage_auc,4,-0.03360474955807449,-0.03159836432335866
8,39,coverage_auc,4,0.008639699426392367,0.004216676283900822
8,40,coverage_auc,4,-0.026128183956919127,-0.016943728803277214
8,41,coverage_auc,4,0.049080423066089396,0.0516767438094205
8,42,coverage_auc,4,-0.012794242387499294,-0.01069935345402745
8,43,coverage_auc,4,0.026258924132711414,0.034073876120549795
8,44,coverage_auc,4,0.012815092975172027,0.000504296814568761
8,45,coverage_auc,4,-0.031404616576434424,-0.03522504286814476
8,46,coverage_auc,4,0.023402792058753757,0.022866925700474994
8,47,coverage_auc,4,-0.01395292216386318,-0.004106272024751001
8,48,coverage_auc,4,0.033909795233241835,0.031145277789103032
8,49,coverage_auc,4,-0.0030755898869800624,-0.0030212481964821403
8,50,coverage_auc,4,-0.032051668725407295,-0.039453479548950066
8,51,coverage_auc,4,-0.008504546065710106,-0.020176795468069664
8,52,coverage_auc,4,0.011509547210837745,0.015738560430314297
8,53,coverage_auc,4,0.016237064863657252,0.017547997384780967
8,54,coverage_auc,4,-0.04559566142596477,-0.034742192777029446
8,55,coverage_auc,4,0.02643817529969325,0.03410490421434259
8,56,coverage_auc,4,0.01634681868387053,0.013564482898125174
8,57,coverage_auc,4,-0.008287352141789911,-0.012748096970053857
8,58,coverage_auc,4,0.018049450767995356,0.016906407671219537
8,59,coverage_auc,4,-0.025361147552169616,-0.034809412794716554
8,60,coverage_auc,4,0.016059214921600756,0.027003155285102498
8,61,coverage_auc,4,0.008895849844363674,0.00672963330766857
8,62,coverage_auc,4,-0.0135606146875773,-0.0232268461178049
8,63,coverage_auc,4,0.00662463909149455,0.00558284929893782
8,64,coverage_auc,4,0.018456612293523855,0.015129773293786286
8,65,coverage_auc,4,0.02887319266805788,0.026519343600901024
8,66,coverage_auc,4,-0.030211170894563405,-0.019615304184658455
8,67,coverage_auc,4,0.0058434879564248365,0.0045592634393127884
8,68,coverage_auc,4,-0.022419296224033214,-0.013372294175809984
8,69,coverage_auc,4,0.024878875461277483,0.021645260208345007
8,70,coverage_auc,4,0.029997230247230278,0.029119270369270367
8,71,coverage_auc,4,-0.012889476191889737,-0.030965007268719147
8,72,coverage_auc,4,0.0053298214997527515,6.09566192488753e-05
8,73,coverage_auc,4,-0.0005384850075971781,-0.0050842793419910715
8,74,coverage_auc,4,0.012905270509952882,0.022657469660519403
8,75,coverage_auc,4,-0.0014810226402691973,0.006578577963222032
8,76,coverage_auc,4,-0.026177093093573495,-0.028606871084512986
8,77,coverage_auc,4,-0.007089619290103211,-0.013935002306037336
8,78,coverage_auc,4,-0.01012493291603081,-0.010593031351650017
8,79,coverage_auc,4,-0.011055702464530331,-0.006702442205566483
8,80,coverage_auc,4,0.02399875340845206,0.009904686215994274
8,81,coverage_auc,4,0.024214319517002203,0.036004618281277434
8,82,coverage_auc,4,0.003495237777371346,0.008912196899234615
8,83,coverage_auc,4,0.024076374586434718,0.012907826730515881
8,84,coverage_auc,4,0.012643757287250978,0.00852219403111848
8,85,coverage_auc,4,-0.012269572560575231,-0.014203151002536551
8,86,coverage_auc,4,-0.021893764492829204,-0.02388550523697397
8,87,coverage_auc,4,0.005572327498278601,0.0026998972311471636
8,88,coverage_auc,4,-0.03967794444913947,-0.04763322265169323
8,89,coverage_auc,4,-0.01364247337077662,-0.010589768213562889
8,90,coverage_auc,4,0.0267185238793749,0.049100137719163606
8,91,coverage_auc,4,0.0003704872604261833,0.012437284035054619
8,92,coverage_auc,4,0.049236696045577066,0.05548768180283992
8,93,coverage_auc,4,0.000631312610806456,0.006042116216571802
8,94,coverage_auc,4,-0.02234722441517123,-0.026996458735749795
8,95,coverage_auc,4,0.012548375608902235,0.010807272115065325
8,96,coverage_auc,4,-0.0469007858525575,-0.06044343696902754
8,97,coverage_auc,4,0.031083573776528817,0.03652970503480718
8,98,coverage_auc,4,-0.021056471271403476,-0.022464872012383508
8,99,coverage_auc,4,-0.05094753985084341,-0.02226370703210817
8,0,reached_95_rate,4,0.0,0.0
8,1,reached_95_rate,4,0.0,0.0
8,2,reached_95_rate,4,0.0,0.0
8,3,reached_95_rate,4,0.0,0.0
8,4,reached_95_rate,4,0.0,0.0
8,5,reached_95_rate,4,0.0,0.0
8,6,reached_95_rate,4,0.0,0.0
8,7,reached_95_rate,4,0.0,0.0
8,8,reached_95_rate,4,0.0,0.0
8,9,reached_95_rate,4,0.0,0.0
8,10,reached_95_rate,4,0.0,0.0
8,11,reached_95_rate,4,0.0,0.0
8,12,reached_95_rate,4,0.0,0.0
8,13,reached_95_rate,4,0.0,0.0
8,14,reached_95_rate,4,0.0,0.0
8,15,reached_95_rate,4,0.0,0.0
8,16,reached_95_rate,4,0.0,0.0
8,17,reached_95_rate,4,0.0,0.0
8,18,reached_95_rate,4,0.0,0.0
8,19,reached_95_rate,4,0.0,0.0
8,20,reached_95_rate,4,0.0,0.0
8,21,reached_95_rate,4,0.0,0.0
8,22,reached_95_rate,4,0.0,0.0
8,23,reached_95_rate,4,0.0,0.0
8,24,reached_95_rate,4,0.0,0.0
8,25,reached_95_rate,4,0.0,0.0
8,26,reached_95_rate,4,0.0,0.0
8,27,reached_95_rate,4,0.0,0.0
8,28,reached_95_rate,4,0.0,0.0
8,29,reached_95_rate,4,0.0,0.0
8,30,reached_95_rate,4,0.0,0.0
8,31,reached_95_rate,4,0.0,0.0
8,32,reached_95_rate,4,0.0,0.0
8,33,reached_95_rate,4,0.0,0.0
8,34,reached_95_rate,4,0.0,0.0
8,35,reached_95_rate,4,0.0,0.0
8,36,reached_95_rate,4,0.0,0.0
8,37,reached_95_rate,4,0.0,0.0
8,38,reached_95_rate,4,0.0,0.0
8,39,reached_95_rate,4,0.0,0.0
8,40,reached_95_rate,4,0.0,0.0
8,41,reached_95_rate,4,0.0,0.0
8,42,reached_95_rate,4,0.0,0.0
8,43,reached_95_rate,4,0.0,0.0
8,44,reached_95_rate,4,0.0,0.0
8,45,reached_95_rate,4,0.0,0.0
8,46,reached_95_rate,4,0.0,0.0
8,47,reached_95_rate,4,0.0,0.0
8,48,reached_95_rate,4,0.0,0.0
8,49,reached_95_rate,4,0.0,0.0
8,50,reached_95_rate,4,0.0,0.0
8,51,reached_95_rate,4,0.0,0.0
8,52,reached_95_rate,4,0.0,0.0
8,53,reached_95_rate,4,0.0,0.0
8,54,reached_95_rate,4,0.0,0.0
8,55,reached_95_rate,4,0.0,0.0
8,56,reached_95_rate,4,0.0,0.0
8,57,reached_95_rate,4,0.0,0.0
8,58,reached_95_rate,4,0.0,0.0
8,59,reached_95_rate,4,0.0,0.0
8,60,reached_95_rate,4,0.0,0.0
8,61,reached_95_rate,4,0.0,0.0
8,62,reached_95_rate,4,0.0,0.0
8,63,reached_95_rate,4,0.0,0.0
8,64,reached_95_rate,4,0.0,0.0
8,65,reached_95_rate,4,0.0,0.0
8,66,reached_95_rate,4,0.0,0.0
8,67,reached_95_rate,4,0.0,0.0
8,68,reached_95_rate,4,0.0,0.0
8,69,reached_95_rate,4,0.0,0.0
8,70,reached_95_rate,4,0.0,0.0
8,71,reached_95_rate,4,0.0,0.0
8,72,reached_95_rate,4,0.0,0.0
8,73,reached_95_rate,4,0.0,0.0
8,74,reached_95_rate,4,0.0,0.0
8,75,reached_95_rate,4,0.0,0.0
8,76,reached_95_rate,4,0.0,0.0
8,77,reached_95_rate,4,0.0,0.0
8,78,reached_95_rate,4,0.0,0.0
8,79,reached_95_rate,4,0.0,0.0
8,80,reached_95_rate,4,0.0,0.0
8,81,reached_95_rate,4,0.0,0.0
8,82,reached_95_rate,4,0.0,0.0
8,83,reached_95_rate,4,0.0,0.0
8,84,reached_95_rate,4,0.0,0.0
8,85,reached_95_rate,4,0.0,0.0
8,86,reached_95_rate,4,0.0,0.0
8,87,reached_95_rate,4,0.0,0.0
8,88,reached_95_rate,4,0.0,0.0
8,89,reached_95_rate,4,0.0,0.0
8,90,reached_95_rate,4,0.0,0.0
8,91,reached_95_rate,4,0.0,0.0
8,92,reached_95_rate,4,0.0,0.0
8,93,reached_95_rate,4,0.0,0.0
8,94,reached_95_rate,4,0.0,0.0
8,95,reached_95_rate,4,0.0,0.0
8,96,reached_95_rate,4,0.0,0.0
8,97,reached_95_rate,4,0.0,0.0
8,98,reached_95_rate,4,0.0,0.0
8,99,reached_95_rate,4,0.0,0.0
8,0,steps_to_95_conditional,4,-2.0,-1.5
8,1,steps_to_95_conditional,4,-8.0,-9.0
8,2,steps_to_95_conditional,4,-2.5,-2.5
8,3,steps_to_95_conditional,4,-12.25,-15.0
8,4,steps_to_95_conditional,4,-2.75,-3.0
8,5,steps_to_95_conditional,4,-13.75,-15.5
8,6,steps_to_95_conditional,4,-8.0,-8.0
8,7,steps_to_95_conditional,4,-8.0,-11.5
8,8,steps_to_95_conditional,4,-14.0,-10.5
8,9,steps_to_95_conditional,4,-9.75,-4.5
8,10,steps_to_95_conditional,4,-7.5,-8.0
8,11,steps_to_95_conditional,4,-11.5,-7.5
8,12,steps_to_95_conditional,4,-4.75,-4.5
8,13,steps_to_95_conditional,4,-7.0,-5.0
8,14,steps_to_95_conditional,4,-8.75,-5.5
8,15,steps_to_95_conditional,4,-11.25,-13.0
8,16,steps_to_95_conditional,4,-9.0,-5.0
8,17,steps_to_95_conditional,4,-3.25,-2.0
8,18,steps_to_95_conditional,4,-7.25,-7.0
8,19,steps_to_95_conditional,4,-5.75,-4.5
8,20,steps_to_95_conditional,4,-16.5,-19.0
8,21,steps_to_95_conditional,4,-6.0,-5.5
8,22,steps_to_95_conditional,4,-6.0,-6.5
8,23,steps_to_95_conditional,4,-8.0,-4.0
8,24,steps_to_95_conditional,4,-15.5,-10.5
8,25,steps_to_95_conditional,4,-7.75,-7.0
8,26,steps_to_95_conditional,4,-12.75,-11.0
8,27,steps_to_95_conditional,4,-3.75,-3.5
8,28,steps_to_95_conditional,4,-9.75,-4.0
8,29,steps_to_95_conditional,4,-3.0,-2.5
8,30,steps_to_95_conditional,4,-2.0,-5.5
8,31,steps_to_95_conditional,4,-14.75,-14.5
8,32,steps_to_95_conditional,4,-4.0,-3.0
8,33,steps_to_95_conditional,4,1.0,0.0
8,34,steps_to_95_conditional,4,-9.25,-7.0
8,35,steps_to_95_conditional,4,0.0,-2.5
8,36,steps_to_95_conditional,4,-2.0,-4.0
8,37,steps_to_95_conditional,4,-8.25,-7.0
8,38,steps_to_95_conditional,4,-7.5,-7.0
8,39,steps_to_95_conditional,4,-5.0,-5.5
8,40,steps_to_95_conditional,4,-16.0,-16.5
8,41,steps_to_95_conditional,4,-4.25,-5.5
8,42,steps_to_95_conditional,4,-7.0,-4.5
8,43,steps_to_95_conditional,4,-2.0,-1.5
8,44,steps_to_95_conditional,4,-9.75,-6.5
8,45,steps_to_95_conditional,4,-7.5,-8.5
8,46,steps_to_95_conditional,4,-2.25,-4.0
8,47,steps_to_95_conditional,4,-9.0,-7.0
8,48,steps_to_95_conditional,4,-6.0,-5.5
8,49,steps_to_95_conditional,4,-6.75,-4.0
8,50,steps_to_95_conditional,4,-1.75,-0.5
8,51,steps_to_95_conditional,4,-11.75,-11.5
8,52,steps_to_95_conditional,4,-3.75,-4.0
8,53,steps_to_95_conditional,4,-7.75,-7.5
8,54,steps_to_95_conditional,4,-8.75,-8.5
8,55,steps_to_95_conditional,4,-8.5,-10.5
8,56,steps_to_95_conditional,4,-0.75,-2.5
8,57,steps_to_95_conditional,4,-12.5,-14.0
8,58,steps_to_95_conditional,4,-7.75,-5.5
8,59,steps_to_95_conditional,4,-7.75,-6.5
8,60,steps_to_95_conditional,4,-2.75,-3.5
8,61,steps_to_95_conditional,4,-11.0,-11.5
8,62,steps_to_95_conditional,4,-10.75,-12.5
8,63,steps_to_95_conditional,4,-10.75,-10.5
8,64,steps_to_95_conditional,4,-8.0,-8.0
8,65,steps_to_95_conditional,4,-5.75,-6.5
8,66,steps_to_95_conditional,4,-5.5,-6.0
8,67,steps_to_95_conditional,4,-14.5,-13.0
8,68,steps_to_95_conditional,4,-9.5,-7.5
8,69,steps_to_95_conditional,4,-6.75,-6.0
8,70,steps_to_95_conditional,4,-10.25,-8.5
8,71,steps_to_95_conditional,4,-16.25,-12.0
8,72,steps_to_95_conditional,4,-5.0,-5.0
8,73,steps_to_95_conditional,4,-4.5,-3.5
8,74,steps_to_95_conditional,4,-2.25,-1.5
8,75,steps_to_95_conditional,4,-6.0,-8.5
8,76,steps_to_95_conditional,4,-8.25,-5.5
8,77,steps_to_95_conditional,4,-9.0,-11.0
8,78,steps_to_95_conditional,4,-14.25,-15.5
8,79,steps_to_95_conditional,4,-13.75,-10.0
8,80,steps_to_95_conditional,4,-3.25,-4.0
8,81,steps_to_95_conditional,4,-6.5,-4.5
8,82,steps_to_95_conditional,4,-10.5,-10.5
8,83,steps_to_95_conditional,4,-1.0,-1.0
8,84,steps_to_95_conditional,4,-6.0,-4.5
8,85,steps_to_95_conditional,4,-2.5,-2.5
8,86,steps_to_95_conditional,4,-4.5,-4.0
8,87,steps_to_95_conditional,4,-6.75,-5.0
8,88,steps_to_95_conditional,4,-10.0,-9.0
8,89,steps_to_95_conditional,4,-6.25,-8.5
8,90,steps_to_95_conditional,4,2.75,3.0
8,91,steps_to_95_conditional,4,-17.5,-22.5
8,92,steps_to_95_conditional,4,0.5,-1.5
8,93,steps_to_95_conditional,4,-6.25,-6.5
8,94,steps_to_95_conditional,4,-0.5,-0.5
8,95,steps_to_95_conditional,4,-3.5,-3.5
8,96,steps_to_95_conditional,4,-11.5,-6.5
8,97,steps_to_95_conditional,4,1.75,3.0
8,98,steps_to_95_conditional,4,-7.75,-7.5
8,99,steps_to_95_conditional,4,-6.75,-3.5
8,0,trajectory_overlap_ratio,4,-0.004665716336431324,0.018772732359688897
8,1,trajectory_overlap_ratio,4,-0.132235337009268,-0.07504311406750434
8,2,trajectory_overlap_ratio,4,-0.10453003645788884,-0.1051569457624644
8,3,trajectory_overlap_ratio,4,-0.11846609836726045,-0.140099309290309
8,4,trajectory_overlap_ratio,4,-0.13644405311575233,-0.17084253124475318
8,5,trajectory_overlap_ratio,4,-0.19756535644137668,-0.19705929745407677
8,6,trajectory_overlap_ratio,4,-0.08227066707144427,-0.07578562909958264
8,7,trajectory_overlap_ratio,4,0.045335772787007816,-0.0011776470670775974
8,8,trajectory_overlap_ratio,4,-0.15302444339414778,-0.1432867293022676
8,9,trajectory_overlap_ratio,4,-0.022108548840658604,-0.014165364795525735
8,10,trajectory_overlap_ratio,4,-0.10603318788695203,-0.10770509378104315
8,11,trajectory_overlap_ratio,4,-0.11418496015395241,-0.08815315315315314
8,12,trajectory_overlap_ratio,4,-0.10488321637075258,-0.09855731407152549
8,13,trajectory_overlap_ratio,4,-0.17338613438401831,-0.2385567711893577
8,14,trajectory_overlap_ratio,4,0.018076293396976202,-0.007150315326416006
8,15,trajectory_overlap_ratio,4,-0.07571024847475527,-0.0848271482816938
8,16,trajectory_overlap_ratio,4,-0.1254309298222887,-0.11439011909942148
8,17,trajectory_overlap_ratio,4,-0.12535203422818836,-0.09815278186635269
8,18,trajectory_overlap_ratio,4,-0.133713848918792,-0.12972306530536526
8,19,trajectory_overlap_ratio,4,0.013866981928444704,0.009417065442314652
8,20,trajectory_overlap_ratio,4,-0.18673753717585478,-0.21347614272777798
8,21,trajectory_overlap_ratio,4,-0.10734237917410347,-0.12854790874022404
8,22,trajectory_overlap_ratio,4,-0.17779772789350867,-0.13969933308839083
8,23,trajectory_overlap_ratio,4,-0.2803147759055294,-0.2307794853564495
8,24,trajectory_overlap_ratio,4,-0.11591476459070402,-0.11148565228607325
8,25,trajectory_overlap_ratio,4,-0.21300810451903462,-0.20801556225983334
8,26,trajectory_overlap_ratio,4,-0.2007711763603719,-0.1562141811295267
8,27,trajectory_overlap_ratio,4,-0.15396581468867776,-0.09412669562206905
8,28,trajectory_overlap_ratio,4,-0.11118212223073334,-0.15900760249796358
8,29,trajectory_overlap_ratio,4,-0.07245037856164793,-0.06641489680423299
8,30,trajectory_overlap_ratio,4,-0.0012870041842917568,-0.1132156735581204
8,31,trajectory_overlap_ratio,4,-0.06516712843502508,-0.07995791278402865
8,32,trajectory_overlap_ratio,4,-0.0371322812163851,-0.05916540309175905
8,33,trajectory_overlap_ratio,4,0.0007535449279914147,-0.04891642590881991
8,34,trajectory_overlap_ratio,4,-0.06337717999059472,-0.022672122834436176
8,35,trajectory_overlap_ratio,4,-0.023408178042050316,-0.039637339617700995
8,36,trajectory_overlap_ratio,4,-0.0543036942735184,-0.08457533956979015
8,37,trajectory_overlap_ratio,4,-0.06785442769496752,-0.07112795169670189
8,38,trajectory_overlap_ratio,4,-0.19937875974775293,-0.2149227584010193
8,39,trajectory_overlap_ratio,4,-0.07734432747702544,-0.11258196695958254
8,40,trajectory_overlap_ratio,4,-0.3031929933146359,-0.33677616313888026
8,41,trajectory_overlap_ratio,4,-0.000994832994513268,0.02680306905370846
8,42,trajectory_overlap_ratio,4,-0.13170519723309057,-0.17883955383955386
8,43,trajectory_overlap_ratio,4,-0.027856380973388647,0.008519982433025902
8,44,trajectory_overlap_ratio,4,-0.1471051947022946,-0.14455456962987082
8,45,trajectory_overlap_ratio,4,-0.16270343303496798,-0.11118596899967406
8,46,trajectory_overlap_ratio,4,-0.0640225528575002,-0.026533354425224642
8,47,trajectory_overlap_ratio,4,-0.16688771854334872,-0.1495033099295711
8,48,trajectory_overlap_ratio,4,-0.07470262433396192,-0.03413355015185679
8,49,trajectory_overlap_ratio,4,-0.038269688072238774,0.05860810235338461
8,50,trajectory_overlap_ratio,4,-0.14390386575928288,-0.18808326853546525
8,51,trajectory_overlap_ratio,4,-0.1260869525088483,-0.11289275852554864
8,52,trajectory_overlap_ratio,4,-0.16757425706534929,-0.17462591623881946
8,53,trajectory_overlap_ratio,4,-0.11040304923880613,-0.11663096543455473
8,54,trajectory_overlap_ratio,4,-0.15758854692559943,-0.10509014240395327
8,55,trajectory_overlap_ratio,4,0.004662369703294797,-0.004506355447229306
8,56,trajectory_overlap_ratio,4,-0.02119969305364168,-0.03286484047353612
8,57,trajectory_overlap_ratio,4,-0.0761563788113991,-0.07711191821361313
8,58,trajectory_overlap_ratio,4,-0.033045106844332,0.030795071216284192
8,59,trajectory_overlap_ratio,4,-0.24767148939948624,-0.21013013297352962
8,60,trajectory_overlap_ratio,4,-0.06443206516740801,-0.06982081192049379
8,61,trajectory_overlap_ratio,4,-0.15077503637689665,-0.1479544895929928
8,62,trajectory_overlap_ratio,4,-0.027751781868519586,-0.04624630078019913
8,63,trajectory_overlap_ratio,4,-0.16958470861962344,-0.13969868691813292
8,64,trajectory_overlap_ratio,4,-0.10205566115324317,-0.10166859621074295
8,65,trajectory_overlap_ratio,4,-0.08211793665735503,-0.16662877352532535
8,66,trajectory_overlap_ratio,4,-0.16657871274517513,-0.13656065095000544
8,67,trajectory_overlap_ratio,4,-0.14174484598390408,-0.12697645216867826
8,68,trajectory_overlap_ratio,4,-0.09090109584835471,-0.05542621335304254
8,69,trajectory_overlap_ratio,4,-0.07768733295724158,-0.05633618832148239
8,70,trajectory_overlap_ratio,4,-0.1481288900293853,-0.15263475292358475
8,71,trajectory_overlap_ratio,4,-0.12212455724749496,-0.11019686693843996
8,72,trajectory_overlap_ratio,4,-0.03932409875249752,-0.034894668425379055
8,73,trajectory_overlap_ratio,4,-0.056470706888459746,-0.05842817798400535
8,74,trajectory_overlap_ratio,4,-0.04566510958154722,-0.03395339663921304
8,75,trajectory_overlap_ratio,4,0.0016877221585894567,-0.01994487571366746
8,76,trajectory_overlap_ratio,4,-0.07332266381444784,-0.06774112064252044
8,77,trajectory_overlap_ratio,4,-0.23639977676712326,-0.19814039319558885
8,78,trajectory_overlap_ratio,4,-0.15900574234803244,-0.19063436563436564
8,79,trajectory_overlap_ratio,4,-0.15178989569825868,-0.17976115731533682
8,80,trajectory_overlap_ratio,4,0.0387436581467366,0.027586855922688044
8,81,trajectory_overlap_ratio,4,-0.15893752740626949,-0.1537499565172018
8,82,trajectory_overlap_ratio,4,-0.14296149765148644,-0.12754703209248658
8,83,trajectory_overlap_ratio,4,0.05367194536208473,0.07286496118111241
8,84,trajectory_overlap_ratio,4,-0.09223998459167952,-0.09584360554699539
8,85,trajectory_overlap_ratio,4,-0.1347799044704489,-0.14083124103299857
8,86,trajectory_overlap_ratio,4,-0.07683804673589124,-0.084532197216614
8,87,trajectory_overlap_ratio,4,-0.12907397928966183,-0.12887946874338804
8,88,trajectory_overlap_ratio,4,-0.15171712404272336,-0.12914837520225364
8,89,trajectory_overlap_ratio,4,-0.14713996969273146,-0.1815412997926034
8,90,trajectory_overlap_ratio,4,0.09774189426091773,0.09675699859654364
8,91,trajectory_overlap_ratio,4,-0.1809868720123499,-0.22549272146046345
8,92,trajectory_overlap_ratio,4,-0.01896987672440905,-0.0163069530934994
8,93,trajectory_overlap_ratio,4,-0.07755670118606117,-0.07526271569055099
8,94,trajectory_overlap_ratio,4,-0.027903447991311982,-0.0008552030191921883
8,95,trajectory_overlap_ratio,4,-0.03470958715061811,-0.014136247669512311
8,96,trajectory_overlap_ratio,4,-0.2601791931118025,-0.2857796173138502
8,97,trajectory_overlap_ratio,4,0.10581936846135648,0.10993879033094714
8,98,trajectory_overlap_ratio,4,-0.1698415848877631,-0.14383454531237783
8,99,trajectory_overlap_ratio,4,-0.09462011686261204,-0.08852311129582568
8,0,team_travel_distance_recorded,4,94.76395392417906,108.86788463592524
8,1,team_travel_distance_recorded,4,-150.27674555778506,-188.70192074775701
8,2,team_travel_distance_recorded,4,-56.30055212974548,-24.87222981452942
8,3,team_travel_distance_recorded,4,-339.7009791135788,-450.66935801506037
8,4,team_travel_distance_recorded,4,-114.1083197593689,-112.13774633407593
8,5,team_travel_distance_recorded,4,-335.4176609516144,-336.3826034069062
8,6,team_travel_distance_recorded,4,-161.13119566440588,29.224153757095337
8,7,team_travel_distance_recorded,4,228.92609643936163,245.4057686328888
8,8,team_travel_distance_recorded,4,-313.863484621048,-217.89100599288946
8,9,team_travel_distance_recorded,4,-158.56851959228516,-22.452674627304077
8,10,team_travel_distance_recorded,4,-214.3650691509247,-179.2153975963593
8,11,team_travel_distance_recorded,4,-254.64713442325592,-112.46774697303769
8,12,team_travel_distance_recorded,4,-228.664679646492,-50.17908716201782
8,13,team_travel_distance_recorded,4,-224.56073796749115,-317.35316586494446
8,14,team_travel_distance_recorded,4,88.31933927536014,-36.73011636734003
8,15,team_travel_distance_recorded,4,-197.18813264369953,-136.1377463340758
8,16,team_travel_distance_recorded,4,-258.792684316635,-107.7488486766814
8,17,team_travel_distance_recorded,4,-16.31368637084961,124.61868238449097
8,18,team_travel_distance_recorded,4,-111.0679315328598,-122.12708497047419
8,19,team_travel_distance_recorded,4,-9.67313551902771,-38.810892820358276
8,20,team_travel_distance_recorded,4,-477.4692782163621,-542.9467339515688
8,21,team_travel_distance_recorded,4,-220.207872390747,-328.9317054748535
8,22,team_travel_distance_recorded,4,-147.85128104686734,-148.73011636734003
8,23,team_travel_distance_recorded,4,-350.5391149520874,-403.7469873428345
8,24,team_travel_distance_recorded,4,-319.08670771121973,-219.10203647613525
8,25,team_travel_distance_recorded,4,-155.41763901710516,-148.44830751419073
8,26,team_travel_distance_recorded,4,-434.1872019767761,-356.7150659561157
8,27,team_travel_distance_recorded,4,-321.99905836582184,-86.22730088233948
8,28,team_travel_distance_recorded,4,-322.3684836626054,-372.3368515968324
8,29,team_travel_distance_recorded,4,-125.45678532123554,-119.73763060569752
8,30,team_travel_distance_recorded,4,127.05384469032288,21.285534620285034
8,31,team_travel_distance_recorded,4,-336.3105721473694,-397.07328414917
8,32,team_travel_distance_recorded,4,140.30058503150943,238.35001873970032
8,33,team_travel_distance_recorded,4,286.0701479911804,224.8941969871521
8,34,team_travel_distance_recorded,4,-166.16527867317203,-61.617953300476074
8,35,team_travel_distance_recorded,4,61.509109735488835,96.793380498886
8,36,team_travel_distance_recorded,4,-392.4571075439453,-164.7739410400391
8,37,team_travel_distance_recorded,4,-180.89415311813354,-166.0701150894165
8,38,team_travel_distance_recorded,4,-405.1577754020691,-361.5917067527771
8,39,team_travel_distance_recorded,4,-18.50060999393463,-25.009998083114624
8,40,team_travel_distance_recorded,4,-763.6173667907715,-873.0087153911591
8,41,team_travel_distance_recorded,4,-1.8797659873962118,-48.96178436279297
8,42,team_travel_distance_recorded,4,-347.1414611339569,-404.8771975040435
8,43,team_travel_distance_recorded,4,120.52226591110224,59.22608089447016
8,44,team_travel_distance_recorded,4,-291.61456072330475,-210.01124000549316
8,45,team_travel_distance_recorded,4,-466.8287273645401,-313.28305077552795
8,46,team_travel_distance_recorded,4,-64.88852214813227,64.24295186996471
8,47,team_travel_distance_recorded,4,-294.806804060936,-238.34809160232544
8,48,team_travel_distance_recorded,4,20.58579742908475,3.1803510189056396
8,49,team_travel_distance_recorded,4,56.376041769981384,188.43959522247314
8,50,team_travel_distance_recorded,4,-202.0012309551239,-357.32494831085205
8,51,team_travel_distance_recorded,4,-349.1543389558792,-374.3324844837189
8,52,team_travel_distance_recorded,4,-89.09517455101013,-140.40889382362366
8,53,team_travel_distance_recorded,4,-196.4166864156723,-219.23978281021118
8,54,team_travel_distance_recorded,4,-498.4617749452591,-376.4025995731354
8,55,team_travel_distance_recorded,4,19.580466747283936,16.498426437377987
8,56,team_travel_distance_recorded,4,82.3475458621979,32.53540015220642
8,57,team_travel_distance_recorded,4,-250.11393976211554,-252.1007945537567
8,58,team_travel_distance_recorded,4,-123.80460953712463,-19.482134103775024
8,59,team_travel_distance_recorded,4,-405.8102405071259,-337.5215697288513
8,60,team_travel_distance_recorded,4,15.981234788894639,3.9517862796783447
8,61,team_travel_distance_recorded,4,-231.69505882263184,-267.2611274719238
8,62,team_travel_distance_recorded,4,-62.0732622146607,-78.77833008766186
8,63,team_travel_distance_recorded,4,-46.329037070274325,-130.2623693943023
8,64,team_travel_distance_recorded,4,-91.62178564071658,-127.31809735298157
8,65,team_travel_distance_recorded,4,-102.84156131744382,-267.4539384841919
8,66,team_travel_distance_recorded,4,-398.2495135068894,-283.91292929649353
8,67,team_travel_distance_recorded,4,-500.3788039684295,-515.1678063869475
8,68,team_travel_distance_recorded,4,-349.8788353204728,-428.3607020378114
8,69,team_travel_distance_recorded,4,-81.72353279590607,-65.28302884101868
8,70,team_travel_distance_recorded,4,-278.7379199266434,-257.29426884651184
8,71,team_travel_distance_recorded,4,-322.6033097505569,-247.6680941581726
8,72,team_travel_distance_recorded,4,-29.061347961425724,15.053266048431396
8,73,team_travel_distance_recorded,4,35.9267706871033,92.20981049537659
8,74,team_travel_distance_recorded,4,-67.9693424701691,-63.19351816177368
8,75,team_travel_distance_recorded,4,-50.18032908439628,-16.530989170074292
8,76,team_travel_distance_recorded,4,-331.415466427803,-324.9379997253419
8,77,team_travel_distance_recorded,4,-538.5491459369659,-408.83968901634216
8,78,team_travel_distance_recorded,4,-475.2322795391083,-582.3744039535522
8,79,team_travel_distance_recorded,4,-572.1349214315414,-563.9348526000977
8,80,team_travel_distance_recorded,4,218.15093541145325,209.21541953086853
8,81,team_travel_distance_recorded,4,-138.50280451774597,-69.00999808311465
8,82,team_travel_distance_recorded,4,-288.0745151042938,-417.6349747180939
8,83,team_travel_distance_recorded,4,187.73452734947207,187.9323906898499
8,84,team_travel_distance_recorded,4,-67.16936743259427,-72.02190136909479
8,85,team_travel_distance_recorded,4,-25.192243337631226,-21.630563735961914
8,86,team_travel_distance_recorded,4,-226.56166863441467,-167.19595813751215
8,87,team_travel_distance_recorded,4,-190.01659262180334,-150.22978472709656
8,88,team_travel_distance_recorded,4,-409.61364102363586,-365.63306951522827
8,89,team_travel_distance_recorded,4,-254.8691046237946,-377.15213346481335
8,90,team_travel_distance_recorded,4,365.92582905292505,403.07769513130177
8,91,team_travel_distance_recorded,4,-579.56571662426,-759.937358379364
8,92,team_travel_distance_recorded,4,216.62430238723758,172.7520616054535
8,93,team_travel_distance_recorded,4,-160.2504551410675,-154.08326029777527
8,94,team_travel_distance_recorded,4,95.45803821086886,86.4721360206604
8,95,team_travel_distance_recorded,4,8.76928460597992,46.231711864471436
8,96,team_travel_distance_recorded,4,-620.5960848331451,-592.7895700931549
8,97,team_travel_distance_recorded,4,343.59801197052,409.2310485839844
8,98,team_travel_distance_recorded,4,-327.5917067527771,-335.5960958003998
8,99,team_travel_distance_recorded,4,-158.94865012168893,-158.48528122901922
8,0,team_path_per_robot,4,11.845494240522383,13.608485579490655
8,1,team_path_per_robot,4,-18.784593194723133,-23.587740093469627
8,2,team_path_per_robot,4,-7.037569016218185,-3.1090287268161774
8,3,team_path_per_robot,4,-42.46262238919735,-56.333669751882546
8,4,team_path_per_robot,4,-14.263539969921112,-14.017218291759491
8,5,team_path_per_robot,4,-41.9272076189518,-42.04782542586327
8,6,team_path_per_robot,4,-20.141399458050735,3.653019219636917
8,7,team_path_per_robot,4,28.615762054920204,30.6757210791111
8,8,team_path_per_robot,4,-39.232935577631,-27.236375749111183
8,9,team_path_per_robot,4,-19.821064949035645,-2.8065843284130096
8,10,team_path_per_robot,4,-26.79563364386559,-22.401924699544914
8,11,team_path_per_robot,4,-31.83089180290699,-14.058468371629711
8,12,team_path_per_robot,4,-28.5830849558115,-6.272385895252228
8,13,team_path_per_robot,4,-28.070092245936394,-39.66914573311806
8,14,team_path_per_robot,4,11.039917409420017,-4.591264545917504
8,15,team_path_per_robot,4,-24.64851658046244,-17.017218291759477
8,16,team_path_per_robot,4,-32.34908553957938,-13.468606084585176
8,17,team_path_per_robot,4,-2.039210796356201,15.57733529806137
8,18,team_path_per_robot,4,-13.883491441607475,-15.265885621309273
8,19,team_path_per_robot,4,-1.2091419398784637,-4.8513616025447845
8,20,team_path_per_robot,4,-59.683659777045264,-67.8683417439461
8,21,team_path_per_robot,4,-27.525984048843377,-41.11646318435669
8,22,team_path_per_robot,4,-18.481410130858418,-18.591264545917504
8,23,team_path_per_robot,4,-43.817389369010925,-50.46837341785431
8,24,team_path_per_robot,4,-39.885838463902466,-27.387754559516907
8,25,team_path_per_robot,4,-19.427204877138145,-18.55603843927384
8,26,team_path_per_robot,4,-54.273400247097015,-44.589383244514465
8,27,team_path_per_robot,4,-40.24988229572773,-10.778412610292435
8,28,team_path_per_robot,4,-40.296060457825675,-46.54210644960405
8,29,team_path_per_robot,4,-15.682098165154443,-14.96720382571219
8,30,team_path_per_robot,4,15.88173058629036,2.6606918275356293
8,31,team_path_per_robot,4,-42.03882151842117,-49.63416051864625
8,32,team_path_per_robot,4,17.53757312893868,29.79375234246254
8,33,team_path_per_robot,4,35.75876849889755,28.111774623394012
8,34,team_path_per_robot,4,-20.770659834146503,-7.702244162559509
8,35,team_path_per_robot,4,7.688638716936104,12.09917256236075
8,36,team_path_per_robot,4,-49.057138442993164,-20.596742630004886
8,37,team_path_per_robot,4,-22.611769139766693,-20.758764386177063
8,38,team_path_per_robot,4,-50.64472192525864,-45.19896334409714
8,39,team_path_per_robot,4,-2.312576249241829,-3.126249760389328
8,40,team_path_per_robot,4,-95.45217084884644,-109.12608942389488
8,41,team_path_per_robot,4,-0.23497074842452648,-6.120223045349121
8,42,team_path_per_robot,4,-43.392682641744614,-50.60964968800544
8,43,team_path_per_robot,4,15.06528323888778,7.40326011180877
8,44,team_path_per_robot,4,-36.451820090413094,-26.251405000686646
8,45,team_path_per_robot,4,-58.35359092056751,-39.160381346940994
8,46,team_path_per_robot,4,-8.111065268516533,8.03036898374559
8,47,team_path_per_robot,4,-36.850850507617,-29.79351145029068
8,48,team_path_per_robot,4,2.5732246786355937,0.39754387736320496
8,49,team_path_per_robot,4,7.047005221247673,23.554949402809143
8,50,team_path_per_robot,4,-25.250153869390488,-44.665618538856506
8,51,team_path_per_robot,4,-43.6442923694849,-46.79156056046486
8,52,team_path_per_robot,4,-11.136896818876266,-17.551111727952957
8,53,team_path_per_robot,4,-24.552085801959038,-27.404972851276398
8,54,team_path_per_robot,4,-62.30772186815739,-47.05032494664192
8,55,team_path_per_robot,4,2.447558343410492,2.0623033046722483
8,56,team_path_per_robot,4,10.293443232774738,4.066925019025803
8,57,team_path_per_robot,4,-31.264242470264442,-31.51259931921959
8,58,team_path_per_robot,4,-15.47557619214058,-2.435266762971878
8,59,team_path_per_robot,4,-50.72628006339074,-42.190196216106415
8,60,team_path_per_robot,4,1.9976543486118299,0.4939732849597931
8,61,team_path_per_robot,4,-28.96188235282898,-33.40764093399048
8,62,team_path_per_robot,4,-7.759157776832588,-9.847291260957732
8,63,team_path_per_robot,4,-5.791129633784291,-16.28279617428779
8,64,team_path_per_robot,4,-11.452723205089573,-15.914762169122696
8,65,team_path_per_robot,4,-12.855195164680477,-33.43174231052399
8,66,team_path_per_robot,4,-49.781189188361175,-35.48911616206169
8,67,team_path_per_robot,4,-62.54735049605369,-64.39597579836844
8,68,team_path_per_robot,4,-43.7348544150591,-53.545087754726424
8,69,team_path_per_robot,4,-10.215441599488258,-8.160378605127335
8,70,team_path_per_robot,4,-34.84223999083042,-32.16178360581398
8,71,team_path_per_robot,4,-40.32541371881961,-30.958511769771576
8,72,team_path_per_robot,4,-3.6326684951782156,1.8816582560539246
8,73,team_path_per_robot,4,4.4908463358879125,11.526226311922073
8,74,team_path_per_robot,4,-8.496167808771137,-7.89918977022171
8,75,team_path_per_robot,4,-6.272541135549535,-2.0663736462592865
8,76,team_path_per_robot,4,-41.42693330347537,-40.61724996566774
8,77,team_path_per_robot,4,-67.31864324212074,-51.10496112704277
8,78,team_path_per_robot,4,-59.404034942388535,-72.79680049419403
8,79,team_path_per_robot,4,-71.51686517894268,-70.4918565750122
8,80,team_path_per_robot,4,27.268866926431656,26.151927441358566
8,81,team_path_per_robot,4,-17.312850564718246,-8.626249760389332
8,82,team_path_per_robot,4,-36.00931438803673,-52.204371839761734
8,83,team_path_per_robot,4,23.46681591868401,23.49154883623124
8,84,team_path_per_robot,4,-8.396170929074284,-9.002737671136849
8,85,team_path_per_robot,4,-3.149030417203903,-2.7038204669952393
8,86,team_path_per_robot,4,-28.320208579301834,-20.89949476718902
8,87,team_path_per_robot,4,-23.752074077725418,-18.77872309088707
8,88,team_path_per_robot,4,-51.20170512795448,-45.704133689403534
8,89,team_path_per_robot,4,-31.858638077974327,-47.14401668310167
8,90,team_path_per_robot,4,45.74072863161563,50.38471189141272
8,91,team_path_per_robot,4,-72.4457145780325,-94.9921697974205
8,92,team_path_per_robot,4,27.078037798404697,21.594007700681686
8,93,team_path_per_robot,4,-20.031306892633438,-19.26040753722191
8,94,team_path_per_robot,4,11.932254776358608,10.80901700258255
8,95,team_path_per_robot,4,1.09616057574749,5.778963983058929
8,96,team_path_per_robot,4,-77.57451060414314,-74.09869626164436
8,97,team_path_per_robot,4,42.949751496315,51.15388107299805
8,98,team_path_per_robot,4,-40.94896334409714,-41.94951197504997
8,99,team_path_per_robot,4,-19.868581265211116,-19.810660153627403
8,0,actual_collision_pairs,4,-1.25,-1.0
8,1,actual_collision_pairs,4,-1.5,-0.5
8,2,actual_collision_pairs,4,-1.0,-1.0
8,3,actual_collision_pairs,4,-1.25,-1.5
8,4,actual_collision_pairs,4,-0.5,-0.5
8,5,actual_collision_pairs,4,-1.75,-1.0
8,6,actual_collision_pairs,4,-0.25,0.0
8,7,actual_collision_pairs,4,-0.75,0.0
8,8,actual_collision_pairs,4,-8.0,-8.0
8,9,actual_collision_pairs,4,-7.5,-1.0
8,10,actual_collision_pairs,4,-0.25,0.0
8,11,actual_collision_pairs,4,-2.0,-1.0
8,12,actual_collision_pairs,4,-1.0,-1.0
8,13,actual_collision_pairs,4,-0.25,0.0
8,14,actual_collision_pairs,4,-2.25,0.0
8,15,actual_collision_pairs,4,-4.0,-5.0
8,16,actual_collision_pairs,4,-1.25,-0.5
8,17,actual_collision_pairs,4,0.0,0.0
8,18,actual_collision_pairs,4,-0.25,0.0
8,19,actual_collision_pairs,4,-0.75,0.0
8,20,actual_collision_pairs,4,-7.75,-4.5
8,21,actual_collision_pairs,4,-2.25,-1.0
8,22,actual_collision_pairs,4,0.0,0.0
8,23,actual_collision_pairs,4,0.0,0.0
8,24,actual_collision_pairs,4,-2.5,-1.5
8,25,actual_collision_pairs,4,-0.5,0.0
8,26,actual_collision_pairs,4,-0.5,-0.5
8,27,actual_collision_pairs,4,-0.75,-0.5
8,28,actual_collision_pairs,4,-4.0,-2.0
8,29,actual_collision_pairs,4,-0.25,0.0
8,30,actual_collision_pairs,4,-1.5,-0.5
8,31,actual_collision_pairs,4,-2.0,-2.0
8,32,actual_collision_pairs,4,-0.5,-0.5
8,33,actual_collision_pairs,4,0.0,0.0
8,34,actual_collision_pairs,4,-1.25,-0.5
8,35,actual_collision_pairs,4,-0.5,-0.5
8,36,actual_collision_pairs,4,-0.25,0.0
8,37,actual_collision_pairs,4,-2.5,-2.0
8,38,actual_collision_pairs,4,-0.5,0.0
8,39,actual_collision_pairs,4,0.0,0.0
8,40,actual_collision_pairs,4,-0.25,0.0
8,41,actual_collision_pairs,4,0.0,0.0
8,42,actual_collision_pairs,4,-0.5,-0.5
8,43,actual_collision_pairs,4,-0.25,0.0
8,44,actual_collision_pairs,4,-2.0,0.0
8,45,actual_collision_pairs,4,-3.25,-3.0
8,46,actual_collision_pairs,4,-1.75,-2.0
8,47,actual_collision_pairs,4,-10.5,-10.0
8,48,actual_collision_pairs,4,-1.5,-1.5
8,49,actual_collision_pairs,4,-5.0,-0.5
8,50,actual_collision_pairs,4,-2.25,0.0
8,51,actual_collision_pairs,4,-2.5,-2.5
8,52,actual_collision_pairs,4,0.0,0.0
8,53,actual_collision_pairs,4,-1.75,-2.0
8,54,actual_collision_pairs,4,-1.0,0.0
8,55,actual_collision_pairs,4,0.0,0.0
8,56,actual_collision_pairs,4,-0.25,0.0
8,57,actual_collision_pairs,4,-1.25,-1.0
8,58,actual_collision_pairs,4,-0.5,-0.5
8,59,actual_collision_pairs,4,-2.0,-2.0
8,60,actual_collision_pairs,4,-0.5,-0.5
8,61,actual_collision_pairs,4,-0.25,0.0
8,62,actual_collision_pairs,4,-4.5,-3.0
8,63,actual_collision_pairs,4,-1.0,-1.0
8,64,actual_collision_pairs,4,-0.25,0.0
8,65,actual_collision_pairs,4,-1.0,-1.0
8,66,actual_collision_pairs,4,-0.5,-0.5
8,67,actual_collision_pairs,4,-2.0,-2.0
8,68,actual_collision_pairs,4,-16.0,-1.0
8,69,actual_collision_pairs,4,-0.25,0.0
8,70,actual_collision_pairs,4,-2.0,-1.0
8,71,actual_collision_pairs,4,-23.75,-20.5
8,72,actual_collision_pairs,4,-0.5,0.0
8,73,actual_collision_pairs,4,-0.75,-1.0
8,74,actual_collision_pairs,4,-1.25,-0.5
8,75,actual_collision_pairs,4,-2.0,-1.5
8,76,actual_collision_pairs,4,-1.5,-2.0
8,77,actual_collision_pairs,4,-1.75,-2.0
8,78,actual_collision_pairs,4,-2.5,-2.5
8,79,actual_collision_pairs,4,-1.75,0.0
8,80,actual_collision_pairs,4,-0.5,-0.5
8,81,actual_collision_pairs,4,0.0,0.0
8,82,actual_collision_pairs,4,-0.75,0.0
8,83,actual_collision_pairs,4,0.0,0.0
8,84,actual_collision_pairs,4,-0.25,0.0
8,85,actual_collision_pairs,4,-1.0,0.0
8,86,actual_collision_pairs,4,-2.0,-2.0
8,87,actual_collision_pairs,4,-0.25,0.0
8,88,actual_collision_pairs,4,-1.75,-2.0
8,89,actual_collision_pairs,4,0.0,0.0
8,90,actual_collision_pairs,4,-0.75,0.0
8,91,actual_collision_pairs,4,-3.25,-2.5
8,92,actual_collision_pairs,4,-0.75,-0.5
8,93,actual_collision_pairs,4,-2.5,-2.0
8,94,actual_collision_pairs,4,-0.25,0.0
8,95,actual_collision_pairs,4,0.0,0.0
8,96,actual_collision_pairs,4,-1.25,-1.0
8,97,actual_collision_pairs,4,-0.25,0.0
8,98,actual_collision_pairs,4,-0.25,0.0
8,99,actual_collision_pairs,4,-1.0,0.0
8,0,collisions_per_robot_pair,4,-0.04464285714285714,-0.03571428571428571
8,1,collisions_per_robot_pair,4,-0.053571428571428575,-0.017857142857142856
8,2,collisions_per_robot_pair,4,-0.03571428571428571,-0.03571428571428571
8,3,collisions_per_robot_pair,4,-0.04464285714285714,-0.05357142857142857
8,4,collisions_per_robot_pair,4,-0.017857142857142856,-0.017857142857142856
8,5,collisions_per_robot_pair,4,-0.0625,-0.03571428571428571
8,6,collisions_per_robot_pair,4,-0.008928571428571428,0.0
8,7,collisions_per_robot_pair,4,-0.026785714285714284,0.0
8,8,collisions_per_robot_pair,4,-0.2857142857142857,-0.2857142857142857
8,9,collisions_per_robot_pair,4,-0.26785714285714285,-0.03571428571428571
8,10,collisions_per_robot_pair,4,-0.008928571428571428,0.0
8,11,collisions_per_robot_pair,4,-0.07142857142857142,-0.03571428571428571
8,12,collisions_per_robot_pair,4,-0.03571428571428571,-0.03571428571428571
8,13,collisions_per_robot_pair,4,-0.008928571428571428,0.0
8,14,collisions_per_robot_pair,4,-0.08035714285714286,0.0
8,15,collisions_per_robot_pair,4,-0.14285714285714285,-0.17857142857142855
8,16,collisions_per_robot_pair,4,-0.04464285714285714,-0.017857142857142856
8,17,collisions_per_robot_pair,4,0.0,0.0
8,18,collisions_per_robot_pair,4,-0.008928571428571428,0.0
8,19,collisions_per_robot_pair,4,-0.026785714285714284,0.0
8,20,collisions_per_robot_pair,4,-0.2767857142857143,-0.1607142857142857
8,21,collisions_per_robot_pair,4,-0.08035714285714285,-0.03571428571428571
8,22,collisions_per_robot_pair,4,0.0,0.0
8,23,collisions_per_robot_pair,4,0.0,0.0
8,24,collisions_per_robot_pair,4,-0.08928571428571427,-0.05357142857142857
8,25,collisions_per_robot_pair,4,-0.017857142857142856,0.0
8,26,collisions_per_robot_pair,4,-0.017857142857142856,-0.017857142857142856
8,27,collisions_per_robot_pair,4,-0.026785714285714284,-0.017857142857142856
8,28,collisions_per_robot_pair,4,-0.14285714285714285,-0.07142857142857142
8,29,collisions_per_robot_pair,4,-0.008928571428571428,0.0
8,30,collisions_per_robot_pair,4,-0.053571428571428575,-0.017857142857142856
8,31,collisions_per_robot_pair,4,-0.07142857142857142,-0.07142857142857142
8,32,collisions_per_robot_pair,4,-0.017857142857142856,-0.017857142857142856
8,33,collisions_per_robot_pair,4,0.0,0.0
8,34,collisions_per_robot_pair,4,-0.04464285714285714,-0.017857142857142856
8,35,collisions_per_robot_pair,4,-0.017857142857142856,-0.017857142857142856
8,36,collisions_per_robot_pair,4,-0.008928571428571428,0.0
8,37,collisions_per_robot_pair,4,-0.08928571428571427,-0.07142857142857142
8,38,collisions_per_robot_pair,4,-0.017857142857142856,0.0
8,39,collisions_per_robot_pair,4,0.0,0.0
8,40,collisions_per_robot_pair,4,-0.008928571428571428,0.0
8,41,collisions_per_robot_pair,4,0.0,0.0
8,42,collisions_per_robot_pair,4,-0.017857142857142856,-0.017857142857142856
8,43,collisions_per_robot_pair,4,-0.008928571428571428,0.0
8,44,collisions_per_robot_pair,4,-0.07142857142857142,0.0
8,45,collisions_per_robot_pair,4,-0.11607142857142858,-0.10714285714285715
8,46,collisions_per_robot_pair,4,-0.06249999999999999,-0.07142857142857142
8,47,collisions_per_robot_pair,4,-0.375,-0.3571428571428571
8,48,collisions_per_robot_pair,4,-0.05357142857142857,-0.05357142857142857
8,49,collisions_per_robot_pair,4,-0.17857142857142858,-0.017857142857142856
8,50,collisions_per_robot_pair,4,-0.08035714285714286,0.0
8,51,collisions_per_robot_pair,4,-0.08928571428571429,-0.08928571428571427
8,52,collisions_per_robot_pair,4,0.0,0.0
8,53,collisions_per_robot_pair,4,-0.0625,-0.07142857142857142
8,54,collisions_per_robot_pair,4,-0.03571428571428571,0.0
8,55,collisions_per_robot_pair,4,0.0,0.0
8,56,collisions_per_robot_pair,4,-0.008928571428571428,0.0
8,57,collisions_per_robot_pair,4,-0.04464285714285714,-0.03571428571428571
8,58,collisions_per_robot_pair,4,-0.017857142857142856,-0.017857142857142856
8,59,collisions_per_robot_pair,4,-0.07142857142857142,-0.07142857142857142
8,60,collisions_per_robot_pair,4,-0.017857142857142856,-0.017857142857142856
8,61,collisions_per_robot_pair,4,-0.008928571428571428,0.0
8,62,collisions_per_robot_pair,4,-0.1607142857142857,-0.10714285714285714
8,63,collisions_per_robot_pair,4,-0.03571428571428571,-0.03571428571428571
8,64,collisions_per_robot_pair,4,-0.008928571428571428,0.0
8,65,collisions_per_robot_pair,4,-0.03571428571428571,-0.03571428571428571
8,66,collisions_per_robot_pair,4,-0.017857142857142856,-0.017857142857142856
8,67,collisions_per_robot_pair,4,-0.07142857142857142,-0.07142857142857142
8,68,collisions_per_robot_pair,4,-0.5714285714285715,-0.03571428571428571
8,69,collisions_per_robot_pair,4,-0.008928571428571428,0.0
8,70,collisions_per_robot_pair,4,-0.07142857142857142,-0.03571428571428571
8,71,collisions_per_robot_pair,4,-0.8482142857142858,-0.7321428571428572
8,72,collisions_per_robot_pair,4,-0.017857142857142856,0.0
8,73,collisions_per_robot_pair,4,-0.026785714285714284,-0.03571428571428571
8,74,collisions_per_robot_pair,4,-0.04464285714285714,-0.017857142857142856
8,75,collisions_per_robot_pair,4,-0.07142857142857142,-0.05357142857142857
8,76,collisions_per_robot_pair,4,-0.05357142857142857,-0.07142857142857142
8,77,collisions_per_robot_pair,4,-0.0625,-0.07142857142857142
8,78,collisions_per_robot_pair,4,-0.08928571428571427,-0.08928571428571427
8,79,collisions_per_robot_pair,4,-0.0625,0.0
8,80,collisions_per_robot_pair,4,-0.017857142857142856,-0.017857142857142856
8,81,collisions_per_robot_pair,4,0.0,0.0
8,82,collisions_per_robot_pair,4,-0.026785714285714284,0.0
8,83,collisions_per_robot_pair,4,0.0,0.0
8,84,collisions_per_robot_pair,4,-0.008928571428571428,0.0
8,85,collisions_per_robot_pair,4,-0.03571428571428571,0.0
8,86,collisions_per_robot_pair,4,-0.07142857142857142,-0.07142857142857142
8,87,collisions_per_robot_pair,4,-0.008928571428571428,0.0
8,88,collisions_per_robot_pair,4,-0.06249999999999999,-0.07142857142857142
8,89,collisions_per_robot_pair,4,0.0,0.0
8,90,collisions_per_robot_pair,4,-0.026785714285714284,0.0
8,91,collisions_per_robot_pair,4,-0.11607142857142856,-0.08928571428571427
8,92,collisions_per_robot_pair,4,-0.026785714285714284,-0.017857142857142856
8,93,collisions_per_robot_pair,4,-0.08928571428571427,-0.07142857142857142
8,94,collisions_per_robot_pair,4,-0.008928571428571428,0.0
8,95,collisions_per_robot_pair,4,0.0,0.0
8,96,collisions_per_robot_pair,4,-0.04464285714285714,-0.03571428571428571
8,97,collisions_per_robot_pair,4,-0.008928571428571428,0.0
8,98,collisions_per_robot_pair,4,-0.008928571428571428,0.0
8,99,collisions_per_robot_pair,4,-0.03571428571428571,0.0
8,0,deadlock_duration_robot_steps,4,0.0,0.0
8,1,deadlock_duration_robot_steps,4,-0.5,-0.5
8,2,deadlock_duration_robot_steps,4,0.0,0.0
8,3,deadlock_duration_robot_steps,4,0.0,0.0
8,4,deadlock_duration_robot_steps,4,0.0,0.0
8,5,deadlock_duration_robot_steps,4,-0.25,0.0
8,6,deadlock_duration_robot_steps,4,-0.75,0.0
8,7,deadlock_duration_robot_steps,4,-0.25,0.0
8,8,deadlock_duration_robot_steps,4,-12.0,-6.5
8,9,deadlock_duration_robot_steps,4,-11.5,0.0
8,10,deadlock_duration_robot_steps,4,0.0,0.0
8,11,deadlock_duration_robot_steps,4,-0.25,0.0
8,12,deadlock_duration_robot_steps,4,0.0,0.0
8,13,deadlock_duration_robot_steps,4,0.0,0.0
8,14,deadlock_duration_robot_steps,4,-1.75,0.0
8,15,deadlock_duration_robot_steps,4,-0.75,0.0
8,16,deadlock_duration_robot_steps,4,-0.25,0.0
8,17,deadlock_duration_robot_steps,4,0.0,0.0
8,18,deadlock_duration_robot_steps,4,-1.75,0.0
8,19,deadlock_duration_robot_steps,4,-0.25,0.0
8,20,deadlock_duration_robot_steps,4,-12.0,-6.5
8,21,deadlock_duration_robot_steps,4,-1.0,0.0
8,22,deadlock_duration_robot_steps,4,-0.5,-0.5
8,23,deadlock_duration_robot_steps,4,0.0,0.0
8,24,deadlock_duration_robot_steps,4,-3.5,-1.0
8,25,deadlock_duration_robot_steps,4,0.0,0.0
8,26,deadlock_duration_robot_steps,4,-1.0,0.0
8,27,deadlock_duration_robot_steps,4,0.0,0.0
8,28,deadlock_duration_robot_steps,4,-0.5,0.0
8,29,deadlock_duration_robot_steps,4,0.0,0.0
8,30,deadlock_duration_robot_steps,4,-0.25,0.0
8,31,deadlock_duration_robot_steps,4,-1.0,0.0
8,32,deadlock_duration_robot_steps,4,0.0,0.0
8,33,deadlock_duration_robot_steps,4,0.0,0.0
8,34,deadlock_duration_robot_steps,4,-0.75,-0.5
8,35,deadlock_duration_robot_steps,4,0.0,0.0
8,36,deadlock_duration_robot_steps,4,-1.75,-2.0
8,37,deadlock_duration_robot_steps,4,-1.75,-1.5
8,38,deadlock_duration_robot_steps,4,0.25,0.0
8,39,deadlock_duration_robot_steps,4,-1.5,0.0
8,40,deadlock_duration_robot_steps,4,0.0,0.0
8,41,deadlock_duration_robot_steps,4,0.0,0.0
8,42,deadlock_duration_robot_steps,4,0.0,0.0
8,43,deadlock_duration_robot_steps,4,0.0,0.0
8,44,deadlock_duration_robot_steps,4,-1.5,0.0
8,45,deadlock_duration_robot_steps,4,-2.0,-1.0
8,46,deadlock_duration_robot_steps,4,-2.75,-2.0
8,47,deadlock_duration_robot_steps,4,-7.0,-5.0
8,48,deadlock_duration_robot_steps,4,-0.75,0.0
8,49,deadlock_duration_robot_steps,4,-4.75,0.0
8,50,deadlock_duration_robot_steps,4,-0.75,0.0
8,51,deadlock_duration_robot_steps,4,-0.25,0.0
8,52,deadlock_duration_robot_steps,4,0.0,0.0
8,53,deadlock_duration_robot_steps,4,-0.25,0.0
8,54,deadlock_duration_robot_steps,4,-0.25,0.0
8,55,deadlock_duration_robot_steps,4,0.0,0.0
8,56,deadlock_duration_robot_steps,4,0.0,0.0
8,57,deadlock_duration_robot_steps,4,-0.5,0.0
8,58,deadlock_duration_robot_steps,4,-0.25,0.0
8,59,deadlock_duration_robot_steps,4,-0.75,-0.5
8,60,deadlock_duration_robot_steps,4,0.0,0.0
8,61,deadlock_duration_robot_steps,4,0.0,0.0
8,62,deadlock_duration_robot_steps,4,-4.5,-4.0
8,63,deadlock_duration_robot_steps,4,-0.75,-0.5
8,64,deadlock_duration_robot_steps,4,-0.25,0.0
8,65,deadlock_duration_robot_steps,4,0.0,0.0
8,66,deadlock_duration_robot_steps,4,0.0,0.0
8,67,deadlock_duration_robot_steps,4,-0.25,0.0
8,68,deadlock_duration_robot_steps,4,-13.25,-0.5
8,69,deadlock_duration_robot_steps,4,-0.75,-0.5
8,70,deadlock_duration_robot_steps,4,-1.0,-0.5
8,71,deadlock_duration_robot_steps,4,-28.75,-24.0
8,72,deadlock_duration_robot_steps,4,-0.25,0.0
8,73,deadlock_duration_robot_steps,4,0.0,0.0
8,74,deadlock_duration_robot_steps,4,-1.0,0.0
8,75,deadlock_duration_robot_steps,4,-1.0,-1.0
8,76,deadlock_duration_robot_steps,4,-5.25,-1.0
8,77,deadlock_duration_robot_steps,4,-0.5,-0.5
8,78,deadlock_duration_robot_steps,4,-0.5,-0.5
8,79,deadlock_duration_robot_steps,4,-1.0,-0.5
8,80,deadlock_duration_robot_steps,4,0.0,0.0
8,81,deadlock_duration_robot_steps,4,-0.5,-0.5
8,82,deadlock_duration_robot_steps,4,-0.25,0.0
8,83,deadlock_duration_robot_steps,4,0.0,0.0
8,84,deadlock_duration_robot_steps,4,0.0,0.0
8,85,deadlock_duration_robot_steps,4,0.0,0.0
8,86,deadlock_duration_robot_steps,4,-4.25,-0.5
8,87,deadlock_duration_robot_steps,4,0.0,0.0
8,88,deadlock_duration_robot_steps,4,0.0,0.0
8,89,deadlock_duration_robot_steps,4,0.0,0.0
8,90,deadlock_duration_robot_steps,4,0.0,0.0
8,91,deadlock_duration_robot_steps,4,-4.0,0.0
8,92,deadlock_duration_robot_steps,4,0.0,0.0
8,93,deadlock_duration_robot_steps,4,-4.25,-0.5
8,94,deadlock_duration_robot_steps,4,-0.25,0.0
8,95,deadlock_duration_robot_steps,4,0.0,0.0
8,96,deadlock_duration_robot_steps,4,-0.5,0.0
8,97,deadlock_duration_robot_steps,4,0.0,0.0
8,98,deadlock_duration_robot_steps,4,0.0,0.0
8,99,deadlock_duration_robot_steps,4,-0.5,0.0
